<?xml version="1.0" encoding="UTF-8"?>
<name>
  Ecclesiastes
</name>
<chapters>
  <item>
    <verses>
      <item>
        <text>
          The words of the Preacher, the son of David, king in Jerusalem.
        </text>
        <num>
          1
        </num>
      </item>
      <item>
        <text>
          "Vanity of vanities," says the Preacher; "Vanity of vanities, all is vanity."
        </text>
        <num>
          2
        </num>
      </item>
      <item>
        <text>
          What profit has a man from all his labor In which he toils under the sun?
        </text>
        <num>
          3
        </num>
      </item>
      <item>
        <text>
          One generation passes away, and another generation comes; But the earth abides forever.
        </text>
        <num>
          4
        </num>
      </item>
      <item>
        <text>
          The sun also rises, and the sun goes down, And hastens to the place where it arose.
        </text>
        <num>
          5
        </num>
      </item>
      <item>
        <text>
          The wind goes toward the south, And turns around to the north; The wind whirls about continually, And comes again on its circuit.
        </text>
        <num>
          6
        </num>
      </item>
      <item>
        <text>
          All the rivers run into the sea, Yet the sea is not full; To the place from which the rivers come, There they return again.
        </text>
        <num>
          7
        </num>
      </item>
      <item>
        <text>
          All things are full of labor; Man cannot express it. The eye is not satisfied with seeing, Nor the ear filled with hearing.
        </text>
        <num>
          8
        </num>
      </item>
      <item>
        <text>
          That which has been is what will be, That which is done is what will be done, And there is nothing new under the sun.
        </text>
        <num>
          9
        </num>
      </item>
      <item>
        <text>
          Is there anything of which it may be said, "See, this is new"? It has already been in ancient times before us.
        </text>
        <num>
          10
        </num>
      </item>
      <item>
        <text>
          There is no remembrance of former things, Nor will there be any remembrance of things that are to come By those who will come after.
        </text>
        <num>
          11
        </num>
      </item>
      <item>
        <text>
          I, the Preacher, was king over Israel in Jerusalem.
        </text>
        <num>
          12
        </num>
      </item>
      <item>
        <text>
          And I set my heart to seek and search out by wisdom concerning all that is done under heaven; this burdensome task God has given to the sons of man, by which they may be exercised.
        </text>
        <num>
          13
        </num>
      </item>
      <item>
        <text>
          I have seen all the works that are done under the sun; and indeed, all is vanity and grasping for the wind.
        </text>
        <num>
          14
        </num>
      </item>
      <item>
        <text>
          What is crooked cannot be made straight, And what is lacking cannot be numbered.
        </text>
        <num>
          15
        </num>
      </item>
      <item>
        <text>
          I communed with my heart, saying, "Look, I have attained greatness, and have gained more wisdom than all who were before me in Jerusalem. My heart has understood great wisdom and knowledge."
        </text>
        <num>
          16
        </num>
      </item>
      <item>
        <text>
          And I set my heart to know wisdom and to know madness and folly. I perceived that this also is grasping for the wind.
        </text>
        <num>
          17
        </num>
      </item>
      <item>
        <text>
          For in much wisdom is much grief, And he who increases knowledge increases sorrow.
        </text>
        <num>
          18
        </num>
      </item>
    </verses>
    <num>
      1
    </num>
  </item>
  <item>
    <verses>
      <item>
        <text>
          I said in my heart, "Come now, I will test you with mirth; therefore enjoy pleasure"; but surely, this also was vanity.
        </text>
        <num>
          1
        </num>
      </item>
      <item>
        <text>
          I said of laughter--"Madness!"; and of mirth, "What does it accomplish?"
        </text>
        <num>
          2
        </num>
      </item>
      <item>
        <text>
          I searched in my heart how to gratify my flesh with wine, while guiding my heart with wisdom, and how to lay hold on folly, till I might see what was good for the sons of men to do under heaven all the days of their lives.
        </text>
        <num>
          3
        </num>
      </item>
      <item>
        <text>
          I made my works great, I built myself houses, and planted myself vineyards.
        </text>
        <num>
          4
        </num>
      </item>
      <item>
        <text>
          I made myself gardens and orchards, and I planted all kinds of fruit trees in them.
        </text>
        <num>
          5
        </num>
      </item>
      <item>
        <text>
          I made myself water pools from which to water the growing trees of the grove.
        </text>
        <num>
          6
        </num>
      </item>
      <item>
        <text>
          I acquired male and female servants, and had servants born in my house. Yes, I had greater possessions of herds and flocks than all who were in Jerusalem before me.
        </text>
        <num>
          7
        </num>
      </item>
      <item>
        <text>
          I also gathered for myself silver and gold and the special treasures of kings and of the provinces. I acquired male and female singers, the delights of the sons of men, and musical instruments of all kinds.
        </text>
        <num>
          8
        </num>
      </item>
      <item>
        <text>
          So I became great and excelled more than all who were before me in Jerusalem. Also my wisdom remained with me.
        </text>
        <num>
          9
        </num>
      </item>
      <item>
        <text>
          Whatever my eyes desired I did not keep from them. I did not withhold my heart from any pleasure, For my heart rejoiced in all my labor; And this was my reward from all my labor.
        </text>
        <num>
          10
        </num>
      </item>
      <item>
        <text>
          Then I looked on all the works that my hands had done And on the labor in which I had toiled; And indeed all was vanity and grasping for the wind. There was no profit under the sun.
        </text>
        <num>
          11
        </num>
      </item>
      <item>
        <text>
          Then I turned myself to consider wisdom and madness and folly; For what can the man do who succeeds the king?-- Only what he has already done.
        </text>
        <num>
          12
        </num>
      </item>
      <item>
        <text>
          Then I saw that wisdom excels folly As light excels darkness.
        </text>
        <num>
          13
        </num>
      </item>
      <item>
        <text>
          The wise man's eyes are in his head, But the fool walks in darkness. Yet I myself perceived That the same event happens to them all.
        </text>
        <num>
          14
        </num>
      </item>
      <item>
        <text>
          So I said in my heart, "As it happens to the fool, It also happens to me, And why was I then more wise?" Then I said in my heart, "This also is vanity."
        </text>
        <num>
          15
        </num>
      </item>
      <item>
        <text>
          For there is no more remembrance of the wise than of the fool forever, Since all that now is will be forgotten in the days to come. And how does a wise man die? As the fool!
        </text>
        <num>
          16
        </num>
      </item>
      <item>
        <text>
          Therefore I hated life because the work that was done under the sun was distressing to me, for all is vanity and grasping for the wind.
        </text>
        <num>
          17
        </num>
      </item>
      <item>
        <text>
          Then I hated all my labor in which I had toiled under the sun, because I must leave it to the man who will come after me.
        </text>
        <num>
          18
        </num>
      </item>
      <item>
        <text>
          And who knows whether he will be wise or a fool? Yet he will rule over all my labor in which I toiled and in which I have shown myself wise under the sun. This also is vanity.
        </text>
        <num>
          19
        </num>
      </item>
      <item>
        <text>
          Therefore I turned my heart and despaired of all the labor in which I had toiled under the sun.
        </text>
        <num>
          20
        </num>
      </item>
      <item>
        <text>
          For there is a man whose labor is with wisdom, knowledge, and skill; yet he must leave his heritage to a man who has not labored for it. This also is vanity and a great evil.
        </text>
        <num>
          21
        </num>
      </item>
      <item>
        <text>
          For what has man for all his labor, and for the striving of his heart with which he has toiled under the sun?
        </text>
        <num>
          22
        </num>
      </item>
      <item>
        <text>
          For all his days are sorrowful, and his work burdensome; even in the night his heart takes no rest. This also is vanity.
        </text>
        <num>
          23
        </num>
      </item>
      <item>
        <text>
          Nothing is better for a man than that he should eat and drink, and that his soul should enjoy good in his labor. This also, I saw, was from the hand of God.
        </text>
        <num>
          24
        </num>
      </item>
      <item>
        <text>
          For who can eat, or who can have enjoyment, more than I?
        </text>
        <num>
          25
        </num>
      </item>
      <item>
        <text>
          For God gives wisdom and knowledge and joy to a man who is good in His sight; but to the sinner He gives the work of gathering and collecting, that he may give to him who is good before God. This also is vanity and grasping for the wind.
        </text>
        <num>
          26
        </num>
      </item>
    </verses>
    <num>
      2
    </num>
  </item>
  <item>
    <verses>
      <item>
        <text>
          To everything there is a season, A time for every purpose under heaven:
        </text>
        <num>
          1
        </num>
      </item>
      <item>
        <text>
          A time to be born, And a time to die; A time to plant, And a time to pluck what is planted;
        </text>
        <num>
          2
        </num>
      </item>
      <item>
        <text>
          A time to kill, And a time to heal; A time to break down, And a time to build up;
        </text>
        <num>
          3
        </num>
      </item>
      <item>
        <text>
          A time to weep, And a time to laugh; A time to mourn, And a time to dance;
        </text>
        <num>
          4
        </num>
      </item>
      <item>
        <text>
          A time to cast away stones, And a time to gather stones; A time to embrace, And a time to refrain from embracing;
        </text>
        <num>
          5
        </num>
      </item>
      <item>
        <text>
          A time to gain, And a time to lose; A time to keep, And a time to throw away;
        </text>
        <num>
          6
        </num>
      </item>
      <item>
        <text>
          A time to tear, And a time to sew; A time to keep silence, And a time to speak;
        </text>
        <num>
          7
        </num>
      </item>
      <item>
        <text>
          A time to love, And a time to hate; A time of war, And a time of peace.
        </text>
        <num>
          8
        </num>
      </item>
      <item>
        <text>
          What profit has the worker from that in which he labors?
        </text>
        <num>
          9
        </num>
      </item>
      <item>
        <text>
          I have seen the God-given task with which the sons of men are to be occupied.
        </text>
        <num>
          10
        </num>
      </item>
      <item>
        <text>
          He has made everything beautiful in its time. Also He has put eternity in their hearts, except that no one can find out the work that God does from beginning to end.
        </text>
        <num>
          11
        </num>
      </item>
      <item>
        <text>
          I know that nothing is better for them than to rejoice, and to do good in their lives,
        </text>
        <num>
          12
        </num>
      </item>
      <item>
        <text>
          and also that every man should eat and drink and enjoy the good of all his labor--it is the gift of God.
        </text>
        <num>
          13
        </num>
      </item>
      <item>
        <text>
          I know that whatever God does, It shall be forever. Nothing can be added to it, And nothing taken from it. God does it, that men should fear before Him.
        </text>
        <num>
          14
        </num>
      </item>
      <item>
        <text>
          That which is has already been, And what is to be has already been; And God requires an account of what is past.
        </text>
        <num>
          15
        </num>
      </item>
      <item>
        <text>
          Moreover I saw under the sun: In the place of judgment, Wickedness was there; And in the place of righteousness, Iniquity was there.
        </text>
        <num>
          16
        </num>
      </item>
      <item>
        <text>
          I said in my heart, "God shall judge the righteous and the wicked, For there is a time there for every purpose and for every work."
        </text>
        <num>
          17
        </num>
      </item>
      <item>
        <text>
          I said in my heart, "Concerning the condition of the sons of men, God tests them, that they may see that they themselves are like animals."
        </text>
        <num>
          18
        </num>
      </item>
      <item>
        <text>
          For what happens to the sons of men also happens to animals; one thing befalls them: as one dies, so dies the other. Surely, they all have one breath; man has no advantage over animals, for all is vanity.
        </text>
        <num>
          19
        </num>
      </item>
      <item>
        <text>
          All go to one place: all are from the dust, and all return to dust.
        </text>
        <num>
          20
        </num>
      </item>
      <item>
        <text>
          Who knows the spirit of the sons of men, which goes upward, and the spirit of the animal, which goes down to the earth?
        </text>
        <num>
          21
        </num>
      </item>
      <item>
        <text>
          So I perceived that nothing is better than that a man should rejoice in his own works, for that is his heritage. For who can bring him to see what will happen after him?
        </text>
        <num>
          22
        </num>
      </item>
    </verses>
    <num>
      3
    </num>
  </item>
  <item>
    <verses>
      <item>
        <text>
          Then I returned and considered all the oppression that is done under the sun: And look! The tears of the oppressed, But they have no comforter-- On the side of their oppressors there is power, But they have no comforter.
        </text>
        <num>
          1
        </num>
      </item>
      <item>
        <text>
          Therefore I praised the dead who were already dead, More than the living who are still alive.
        </text>
        <num>
          2
        </num>
      </item>
      <item>
        <text>
          Yet, better than both is he who has never existed, Who has not seen the evil work that is done under the sun.
        </text>
        <num>
          3
        </num>
      </item>
      <item>
        <text>
          Again, I saw that for all toil and every skillful work a man is envied by his neighbor. This also is vanity and grasping for the wind.
        </text>
        <num>
          4
        </num>
      </item>
      <item>
        <text>
          The fool folds his hands And consumes his own flesh.
        </text>
        <num>
          5
        </num>
      </item>
      <item>
        <text>
          Better a handful with quietness Than both hands full, together with toil and grasping for the wind.
        </text>
        <num>
          6
        </num>
      </item>
      <item>
        <text>
          Then I returned, and I saw vanity under the sun:
        </text>
        <num>
          7
        </num>
      </item>
      <item>
        <text>
          There is one alone, without companion: He has neither son nor brother. Yet there is no end to all his labors, Nor is his eye satisfied with riches. But he never asks, "For whom do I toil and deprive myself of good?" This also is vanity and a grave misfortune.
        </text>
        <num>
          8
        </num>
      </item>
      <item>
        <text>
          Two are better than one, Because they have a good reward for their labor.
        </text>
        <num>
          9
        </num>
      </item>
      <item>
        <text>
          For if they fall, one will lift up his companion. But woe to him who is alone when he falls, For he has no one to help him up.
        </text>
        <num>
          10
        </num>
      </item>
      <item>
        <text>
          Again, if two lie down together, they will keep warm; But how can one be warm alone?
        </text>
        <num>
          11
        </num>
      </item>
      <item>
        <text>
          Though one may be overpowered by another, two can withstand him. And a threefold cord is not quickly broken.
        </text>
        <num>
          12
        </num>
      </item>
      <item>
        <text>
          Better a poor and wise youth Than an old and foolish king who will be admonished no more.
        </text>
        <num>
          13
        </num>
      </item>
      <item>
        <text>
          For he comes out of prison to be king, Although he was born poor in his kingdom.
        </text>
        <num>
          14
        </num>
      </item>
      <item>
        <text>
          I saw all the living who walk under the sun; They were with the second youth who stands in his place.
        </text>
        <num>
          15
        </num>
      </item>
      <item>
        <text>
          There was no end of all the people over whom he was made king; Yet those who come afterward will not rejoice in him. Surely this also is vanity and grasping for the wind.
        </text>
        <num>
          16
        </num>
      </item>
    </verses>
    <num>
      4
    </num>
  </item>
  <item>
    <verses>
      <item>
        <text>
          Walk prudently when you go to the house of God; and draw near to hear rather than to give the sacrifice of fools, for they do not know that they do evil.
        </text>
        <num>
          1
        </num>
      </item>
      <item>
        <text>
          Do not be rash with your mouth, And let not your heart utter anything hastily before God. For God is in heaven, and you on earth; Therefore let your words be few.
        </text>
        <num>
          2
        </num>
      </item>
      <item>
        <text>
          For a dream comes through much activity, And a fool's voice is known by his many words.
        </text>
        <num>
          3
        </num>
      </item>
      <item>
        <text>
          When you make a vow to God, do not delay to pay it; For He has no pleasure in fools. Pay what you have vowed--
        </text>
        <num>
          4
        </num>
      </item>
      <item>
        <text>
          Better not to vow than to vow and not pay.
        </text>
        <num>
          5
        </num>
      </item>
      <item>
        <text>
          Do not let your mouth cause your flesh to sin, nor say before the messenger of God that it was an error. Why should God be angry at your excuse and destroy the work of your hands?
        </text>
        <num>
          6
        </num>
      </item>
      <item>
        <text>
          For in the multitude of dreams and many words there is also vanity. But fear God.
        </text>
        <num>
          7
        </num>
      </item>
      <item>
        <text>
          If you see the oppression of the poor, and the violent perversion of justice and righteousness in a province, do not marvel at the matter; for high official watches over high official, and higher officials are over them.
        </text>
        <num>
          8
        </num>
      </item>
      <item>
        <text>
          Moreover the profit of the land is for all; even the king is served from the field.
        </text>
        <num>
          9
        </num>
      </item>
      <item>
        <text>
          He who loves silver will not be satisfied with silver; Nor he who loves abundance, with increase. This also is vanity.
        </text>
        <num>
          10
        </num>
      </item>
      <item>
        <text>
          When goods increase, They increase who eat them; So what profit have the owners Except to see them with their eyes?
        </text>
        <num>
          11
        </num>
      </item>
      <item>
        <text>
          The sleep of a laboring man is sweet, Whether he eats little or much; But the abundance of the rich will not permit him to sleep.
        </text>
        <num>
          12
        </num>
      </item>
      <item>
        <text>
          There is a severe evil which I have seen under the sun: Riches kept for their owner to his hurt.
        </text>
        <num>
          13
        </num>
      </item>
      <item>
        <text>
          But those riches perish through misfortune; When he begets a son, there is nothing in his hand.
        </text>
        <num>
          14
        </num>
      </item>
      <item>
        <text>
          As he came from his mother's womb, naked shall he return, To go as he came; And he shall take nothing from his labor Which he may carry away in his hand.
        </text>
        <num>
          15
        </num>
      </item>
      <item>
        <text>
          And this also is a severe evil-- Just exactly as he came, so shall he go. And what profit has he who has labored for the wind?
        </text>
        <num>
          16
        </num>
      </item>
      <item>
        <text>
          All his days he also eats in darkness, And he has much sorrow and sickness and anger.
        </text>
        <num>
          17
        </num>
      </item>
      <item>
        <text>
          Here is what I have seen: It is good and fitting for one to eat and drink, and to enjoy the good of all his labor in which he toils under the sun all the days of his life which God gives him; for it is his heritage.
        </text>
        <num>
          18
        </num>
      </item>
      <item>
        <text>
          As for every man to whom God has given riches and wealth, and given him power to eat of it, to receive his heritage and rejoice in his labor--this is the gift of God.
        </text>
        <num>
          19
        </num>
      </item>
      <item>
        <text>
          For he will not dwell unduly on the days of his life, because God keeps him busy with the joy of his heart.
        </text>
        <num>
          20
        </num>
      </item>
    </verses>
    <num>
      5
    </num>
  </item>
  <item>
    <verses>
      <item>
        <text>
          There is an evil which I have seen under the sun, and it is common among men:
        </text>
        <num>
          1
        </num>
      </item>
      <item>
        <text>
          A man to whom God has given riches and wealth and honor, so that he lacks nothing for himself of all he desires; yet God does not give him power to eat of it, but a foreigner consumes it. This is vanity, and it is an evil affliction.
        </text>
        <num>
          2
        </num>
      </item>
      <item>
        <text>
          If a man begets a hundred children and lives many years, so that the days of his years are many, but his soul is not satisfied with goodness, or indeed he has no burial, I say that a stillborn child is better than he--
        </text>
        <num>
          3
        </num>
      </item>
      <item>
        <text>
          for it comes in vanity and departs in darkness, and its name is covered with darkness.
        </text>
        <num>
          4
        </num>
      </item>
      <item>
        <text>
          Though it has not seen the sun or known anything, this has more rest than that man,
        </text>
        <num>
          5
        </num>
      </item>
      <item>
        <text>
          even if he lives a thousand years twice--but has not seen goodness. Do not all go to one place?
        </text>
        <num>
          6
        </num>
      </item>
      <item>
        <text>
          All the labor of man is for his mouth, And yet the soul is not satisfied.
        </text>
        <num>
          7
        </num>
      </item>
      <item>
        <text>
          For what more has the wise man than the fool? What does the poor man have, Who knows how to walk before the living?
        </text>
        <num>
          8
        </num>
      </item>
      <item>
        <text>
          Better is the sight of the eyes than the wandering of desire. This also is vanity and grasping for the wind.
        </text>
        <num>
          9
        </num>
      </item>
      <item>
        <text>
          Whatever one is, he has been named already, For it is known that he is man; And he cannot contend with Him who is mightier than he.
        </text>
        <num>
          10
        </num>
      </item>
      <item>
        <text>
          Since there are many things that increase vanity, How is man the better?
        </text>
        <num>
          11
        </num>
      </item>
      <item>
        <text>
          For who knows what is good for man in life, all the days of his vain life which he passes like a shadow? Who can tell a man what will happen after him under the sun?
        </text>
        <num>
          12
        </num>
      </item>
    </verses>
    <num>
      6
    </num>
  </item>
  <item>
    <verses>
      <item>
        <text>
          A good name is better than precious ointment, And the day of death than the day of one's birth;
        </text>
        <num>
          1
        </num>
      </item>
      <item>
        <text>
          Better to go to the house of mourning Than to go to the house of feasting, For that is the end of all men; And the living will take it to heart.
        </text>
        <num>
          2
        </num>
      </item>
      <item>
        <text>
          Sorrow is better than laughter, For by a sad countenance the heart is made better.
        </text>
        <num>
          3
        </num>
      </item>
      <item>
        <text>
          The heart of the wise is in the house of mourning, But the heart of fools is in the house of mirth.
        </text>
        <num>
          4
        </num>
      </item>
      <item>
        <text>
          It is better to hear the rebuke of the wise Than for a man to hear the song of fools.
        </text>
        <num>
          5
        </num>
      </item>
      <item>
        <text>
          For like the crackling of thorns under a pot, So is the laughter of the fool. This also is vanity.
        </text>
        <num>
          6
        </num>
      </item>
      <item>
        <text>
          Surely oppression destroys a wise man's reason, And a bribe debases the heart.
        </text>
        <num>
          7
        </num>
      </item>
      <item>
        <text>
          The end of a thing is better than its beginning; The patient in spirit is better than the proud in spirit.
        </text>
        <num>
          8
        </num>
      </item>
      <item>
        <text>
          Do not hasten in your spirit to be angry, For anger rests in the bosom of fools.
        </text>
        <num>
          9
        </num>
      </item>
      <item>
        <text>
          Do not say, "Why were the former days better than these?" For you do not inquire wisely concerning this.
        </text>
        <num>
          10
        </num>
      </item>
      <item>
        <text>
          Wisdom is good with an inheritance, And profitable to those who see the sun.
        </text>
        <num>
          11
        </num>
      </item>
      <item>
        <text>
          For wisdom is a defense as money is a defense, But the excellence of knowledge is that wisdom gives life to those who have it.
        </text>
        <num>
          12
        </num>
      </item>
      <item>
        <text>
          Consider the work of God; For who can make straight what He has made crooked?
        </text>
        <num>
          13
        </num>
      </item>
      <item>
        <text>
          In the day of prosperity be joyful, But in the day of adversity consider: Surely God has appointed the one as well as the other, So that man can find out nothing that will come after him.
        </text>
        <num>
          14
        </num>
      </item>
      <item>
        <text>
          I have seen everything in my days of vanity: There is a just man who perishes in his righteousness, And there is a wicked man who prolongs life in his wickedness.
        </text>
        <num>
          15
        </num>
      </item>
      <item>
        <text>
          Do not be overly righteous, Nor be overly wise: Why should you destroy yourself?
        </text>
        <num>
          16
        </num>
      </item>
      <item>
        <text>
          Do not be overly wicked, Nor be foolish: Why should you die before your time?
        </text>
        <num>
          17
        </num>
      </item>
      <item>
        <text>
          It is good that you grasp this, And also not remove your hand from the other; For he who fears God will escape them all.
        </text>
        <num>
          18
        </num>
      </item>
      <item>
        <text>
          Wisdom strengthens the wise More than ten rulers of the city.
        </text>
        <num>
          19
        </num>
      </item>
      <item>
        <text>
          For there is not a just man on earth who does good And does not sin.
        </text>
        <num>
          20
        </num>
      </item>
      <item>
        <text>
          Also do not take to heart everything people say, Lest you hear your servant cursing you.
        </text>
        <num>
          21
        </num>
      </item>
      <item>
        <text>
          For many times, also, your own heart has known That even you have cursed others.
        </text>
        <num>
          22
        </num>
      </item>
      <item>
        <text>
          All this I have proved by wisdom. I said, "I will be wise"; But it was far from me.
        </text>
        <num>
          23
        </num>
      </item>
      <item>
        <text>
          As for that which is far off and exceedingly deep, Who can find it out?
        </text>
        <num>
          24
        </num>
      </item>
      <item>
        <text>
          I applied my heart to know, To search and seek out wisdom and the reason of things, To know the wickedness of folly, Even of foolishness and madness.
        </text>
        <num>
          25
        </num>
      </item>
      <item>
        <text>
          And I find more bitter than death The woman whose heart is snares and nets, Whose hands are fetters. He who pleases God shall escape from her, But the sinner shall be trapped by her.
        </text>
        <num>
          26
        </num>
      </item>
      <item>
        <text>
          "Here is what I have found," says the Preacher, "Adding one thing to the other to find out the reason,
        </text>
        <num>
          27
        </num>
      </item>
      <item>
        <text>
          Which my soul still seeks but I cannot find: One man among a thousand I have found, But a woman among all these I have not found.
        </text>
        <num>
          28
        </num>
      </item>
      <item>
        <text>
          Truly, this only I have found: That God made man upright, But they have sought out many schemes."
        </text>
        <num>
          29
        </num>
      </item>
    </verses>
    <num>
      7
    </num>
  </item>
  <item>
    <verses>
      <item>
        <text>
          Who is like a wise man? And who knows the interpretation of a thing? A man's wisdom makes his face shine, And the sternness of his face is changed.
        </text>
        <num>
          1
        </num>
      </item>
      <item>
        <text>
          I say, "Keep the king's commandment for the sake of your oath to God.
        </text>
        <num>
          2
        </num>
      </item>
      <item>
        <text>
          Do not be hasty to go from his presence. Do not take your stand for an evil thing, for he does whatever pleases him."
        </text>
        <num>
          3
        </num>
      </item>
      <item>
        <text>
          Where the word of a king is, there is power; And who may say to him, "What are you doing?"
        </text>
        <num>
          4
        </num>
      </item>
      <item>
        <text>
          He who keeps his command will experience nothing harmful; And a wise man's heart discerns both time and judgment,
        </text>
        <num>
          5
        </num>
      </item>
      <item>
        <text>
          Because for every matter there is a time and judgment, Though the misery of man increases greatly.
        </text>
        <num>
          6
        </num>
      </item>
      <item>
        <text>
          For he does not know what will happen; So who can tell him when it will occur?
        </text>
        <num>
          7
        </num>
      </item>
      <item>
        <text>
          No one has power over the spirit to retain the spirit, And no one has power in the day of death. There is no release from that war, And wickedness will not deliver those who are given to it.
        </text>
        <num>
          8
        </num>
      </item>
      <item>
        <text>
          All this I have seen, and applied my heart to every work that is done under the sun: There is a time in which one man rules over another to his own hurt.
        </text>
        <num>
          9
        </num>
      </item>
      <item>
        <text>
          Then I saw the wicked buried, who had come and gone from the place of holiness, and they were forgotten in the city where they had so done. This also is vanity.
        </text>
        <num>
          10
        </num>
      </item>
      <item>
        <text>
          Because the sentence against an evil work is not executed speedily, therefore the heart of the sons of men is fully set in them to do evil.
        </text>
        <num>
          11
        </num>
      </item>
      <item>
        <text>
          Though a sinner does evil a hundred times, and his days are prolonged, yet I surely know that it will be well with those who fear God, who fear before Him.
        </text>
        <num>
          12
        </num>
      </item>
      <item>
        <text>
          But it will not be well with the wicked; nor will he prolong his days, which are as a shadow, because he does not fear before God.
        </text>
        <num>
          13
        </num>
      </item>
      <item>
        <text>
          There is a vanity which occurs on earth, that there are just men to whom it happens according to the work of the wicked; again, there are wicked men to whom it happens according to the work of the righteous. I said that this also is vanity.
        </text>
        <num>
          14
        </num>
      </item>
      <item>
        <text>
          So I commended enjoyment, because a man has nothing better under the sun than to eat, drink, and be merry; for this will remain with him in his labor all the days of his life which God gives him under the sun.
        </text>
        <num>
          15
        </num>
      </item>
      <item>
        <text>
          When I applied my heart to know wisdom and to see the business that is done on earth, even though one sees no sleep day or night,
        </text>
        <num>
          16
        </num>
      </item>
      <item>
        <text>
          then I saw all the work of God, that a man cannot find out the work that is done under the sun. For though a man labors to discover it, yet he will not find it; moreover, though a wise man attempts to know it, he will not be able to find it.
        </text>
        <num>
          17
        </num>
      </item>
    </verses>
    <num>
      8
    </num>
  </item>
  <item>
    <verses>
      <item>
        <text>
          For I considered all this in my heart, so that I could declare it all: that the righteous and the wise and their works are in the hand of God. People know neither love nor hatred by anything they see before them.
        </text>
        <num>
          1
        </num>
      </item>
      <item>
        <text>
          All things come alike to all: One event happens to the righteous and the wicked; To the good, the clean, and the unclean; To him who sacrifices and him who does not sacrifice. As is the good, so is the sinner; He who takes an oath as he who fears an oath.
        </text>
        <num>
          2
        </num>
      </item>
      <item>
        <text>
          This is an evil in all that is done under the sun: that one thing happens to all. Truly the hearts of the sons of men are full of evil; madness is in their hearts while they live, and after that they go to the dead.
        </text>
        <num>
          3
        </num>
      </item>
      <item>
        <text>
          But for him who is joined to all the living there is hope, for a living dog is better than a dead lion.
        </text>
        <num>
          4
        </num>
      </item>
      <item>
        <text>
          For the living know that they will die; But the dead know nothing, And they have no more reward, For the memory of them is forgotten.
        </text>
        <num>
          5
        </num>
      </item>
      <item>
        <text>
          Also their love, their hatred, and their envy have now perished; Nevermore will they have a share In anything done under the sun.
        </text>
        <num>
          6
        </num>
      </item>
      <item>
        <text>
          Go, eat your bread with joy, And drink your wine with a merry heart; For God has already accepted your works.
        </text>
        <num>
          7
        </num>
      </item>
      <item>
        <text>
          Let your garments always be white, And let your head lack no oil.
        </text>
        <num>
          8
        </num>
      </item>
      <item>
        <text>
          Live joyfully with the wife whom you love all the days of your vain life which He has given you under the sun, all your days of vanity; for that is your portion in life, and in the labor which you perform under the sun.
        </text>
        <num>
          9
        </num>
      </item>
      <item>
        <text>
          Whatever your hand finds to do, do it with your might; for there is no work or device or knowledge or wisdom in the grave where you are going.
        </text>
        <num>
          10
        </num>
      </item>
      <item>
        <text>
          I returned and saw under the sun that-- The race is not to the swift, Nor the battle to the strong, Nor bread to the wise, Nor riches to men of understanding, Nor favor to men of skill; But time and chance happen to them all.
        </text>
        <num>
          11
        </num>
      </item>
      <item>
        <text>
          For man also does not know his time: Like fish taken in a cruel net, Like birds caught in a snare, So the sons of men are snared in an evil time, When it falls suddenly upon them.
        </text>
        <num>
          12
        </num>
      </item>
      <item>
        <text>
          This wisdom I have also seen under the sun, and it seemed great to me:
        </text>
        <num>
          13
        </num>
      </item>
      <item>
        <text>
          There was a little city with few men in it; and a great king came against it, besieged it, and built great snares around it.
        </text>
        <num>
          14
        </num>
      </item>
      <item>
        <text>
          Now there was found in it a poor wise man, and he by his wisdom delivered the city. Yet no one remembered that same poor man.
        </text>
        <num>
          15
        </num>
      </item>
      <item>
        <text>
          Then I said: "Wisdom is better than strength. Nevertheless the poor man's wisdom is despised, And his words are not heard.
        </text>
        <num>
          16
        </num>
      </item>
      <item>
        <text>
          Words of the wise, spoken quietly, should be heard Rather than the shout of a ruler of fools.
        </text>
        <num>
          17
        </num>
      </item>
      <item>
        <text>
          Wisdom is better than weapons of war; But one sinner destroys much good."
        </text>
        <num>
          18
        </num>
      </item>
    </verses>
    <num>
      9
    </num>
  </item>
  <item>
    <verses>
      <item>
        <text>
          Dead flies putrefy the perfumer's ointment, And cause it to give off a foul odor; So does a little folly to one respected for wisdom and honor.
        </text>
        <num>
          1
        </num>
      </item>
      <item>
        <text>
          A wise man's heart is at his right hand, But a fool's heart at his left.
        </text>
        <num>
          2
        </num>
      </item>
      <item>
        <text>
          Even when a fool walks along the way, He lacks wisdom, And he shows everyone that he is a fool.
        </text>
        <num>
          3
        </num>
      </item>
      <item>
        <text>
          If the spirit of the ruler rises against you, Do not leave your post; For conciliation pacifies great offenses.
        </text>
        <num>
          4
        </num>
      </item>
      <item>
        <text>
          There is an evil I have seen under the sun, As an error proceeding from the ruler:
        </text>
        <num>
          5
        </num>
      </item>
      <item>
        <text>
          Folly is set in great dignity, While the rich sit in a lowly place.
        </text>
        <num>
          6
        </num>
      </item>
      <item>
        <text>
          I have seen servants on horses, While princes walk on the ground like servants.
        </text>
        <num>
          7
        </num>
      </item>
      <item>
        <text>
          He who digs a pit will fall into it, And whoever breaks through a wall will be bitten by a serpent.
        </text>
        <num>
          8
        </num>
      </item>
      <item>
        <text>
          He who quarries stones may be hurt by them, And he who splits wood may be endangered by it.
        </text>
        <num>
          9
        </num>
      </item>
      <item>
        <text>
          If the ax is dull, And one does not sharpen the edge, Then he must use more strength; But wisdom brings success.
        </text>
        <num>
          10
        </num>
      </item>
      <item>
        <text>
          A serpent may bite when it is not charmed; The babbler is no different.
        </text>
        <num>
          11
        </num>
      </item>
      <item>
        <text>
          The words of a wise man's mouth are gracious, But the lips of a fool shall swallow him up;
        </text>
        <num>
          12
        </num>
      </item>
      <item>
        <text>
          The words of his mouth begin with foolishness, And the end of his talk is raving madness.
        </text>
        <num>
          13
        </num>
      </item>
      <item>
        <text>
          A fool also multiplies words. No man knows what is to be; Who can tell him what will be after him?
        </text>
        <num>
          14
        </num>
      </item>
      <item>
        <text>
          The labor of fools wearies them, For they do not even know how to go to the city!
        </text>
        <num>
          15
        </num>
      </item>
      <item>
        <text>
          Woe to you, O land, when your king is a child, And your princes feast in the morning!
        </text>
        <num>
          16
        </num>
      </item>
      <item>
        <text>
          Blessed are you, O land, when your king is the son of nobles, And your princes feast at the proper time-- For strength and not for drunkenness!
        </text>
        <num>
          17
        </num>
      </item>
      <item>
        <text>
          Because of laziness the building decays, And through idleness of hands the house leaks.
        </text>
        <num>
          18
        </num>
      </item>
      <item>
        <text>
          A feast is made for laughter, And wine makes merry; But money answers everything.
        </text>
        <num>
          19
        </num>
      </item>
      <item>
        <text>
          Do not curse the king, even in your thought; Do not curse the rich, even in your bedroom; For a bird of the air may carry your voice, And a bird in flight may tell the matter.
        </text>
        <num>
          20
        </num>
      </item>
    </verses>
    <num>
      10
    </num>
  </item>
  <item>
    <verses>
      <item>
        <text>
          Cast your bread upon the waters, For you will find it after many days.
        </text>
        <num>
          1
        </num>
      </item>
      <item>
        <text>
          Give a serving to seven, and also to eight, For you do not know what evil will be on the earth.
        </text>
        <num>
          2
        </num>
      </item>
      <item>
        <text>
          If the clouds are full of rain, They empty themselves upon the earth; And if a tree falls to the south or the north, In the place where the tree falls, there it shall lie.
        </text>
        <num>
          3
        </num>
      </item>
      <item>
        <text>
          He who observes the wind will not sow, And he who regards the clouds will not reap.
        </text>
        <num>
          4
        </num>
      </item>
      <item>
        <text>
          As you do not know what is the way of the wind, Or how the bones grow in the womb of her who is with child, So you do not know the works of God who makes everything.
        </text>
        <num>
          5
        </num>
      </item>
      <item>
        <text>
          In the morning sow your seed, And in the evening do not withhold your hand; For you do not know which will prosper, Either this or that, Or whether both alike will be good.
        </text>
        <num>
          6
        </num>
      </item>
      <item>
        <text>
          Truly the light is sweet, And it is pleasant for the eyes to behold the sun;
        </text>
        <num>
          7
        </num>
      </item>
      <item>
        <text>
          But if a man lives many years And rejoices in them all, Yet let him remember the days of darkness, For they will be many. All that is coming is vanity.
        </text>
        <num>
          8
        </num>
      </item>
      <item>
        <text>
          Rejoice, O young man, in your youth, And let your heart cheer you in the days of your youth; Walk in the ways of your heart, And in the sight of your eyes; But know that for all these God will bring you into judgment.
        </text>
        <num>
          9
        </num>
      </item>
      <item>
        <text>
          Therefore remove sorrow from your heart, And put away evil from your flesh, For childhood and youth are vanity.
        </text>
        <num>
          10
        </num>
      </item>
    </verses>
    <num>
      11
    </num>
  </item>
  <item>
    <verses>
      <item>
        <text>
          Remember now your Creator in the days of your youth, Before the difficult days come, And the years draw near when you say, "I have no pleasure in them":
        </text>
        <num>
          1
        </num>
      </item>
      <item>
        <text>
          While the sun and the light, The moon and the stars, Are not darkened, And the clouds do not return after the rain;
        </text>
        <num>
          2
        </num>
      </item>
      <item>
        <text>
          In the day when the keepers of the house tremble, And the strong men bow down; When the grinders cease because they are few, And those that look through the windows grow dim;
        </text>
        <num>
          3
        </num>
      </item>
      <item>
        <text>
          When the doors are shut in the streets, And the sound of grinding is low; When one rises up at the sound of a bird, And all the daughters of music are brought low.
        </text>
        <num>
          4
        </num>
      </item>
      <item>
        <text>
          Also they are afraid of height, And of terrors in the way; When the almond tree blossoms, The grasshopper is a burden, And desire fails. For man goes to his eternal home, And the mourners go about the streets.
        </text>
        <num>
          5
        </num>
      </item>
      <item>
        <text>
          Remember your Creator before the silver cord is loosed, Or the golden bowl is broken, Or the pitcher shattered at the fountain, Or the wheel broken at the well.
        </text>
        <num>
          6
        </num>
      </item>
      <item>
        <text>
          Then the dust will return to the earth as it was, And the spirit will return to God who gave it.
        </text>
        <num>
          7
        </num>
      </item>
      <item>
        <text>
          "Vanity of vanities," says the Preacher, "All is vanity."
        </text>
        <num>
          8
        </num>
      </item>
      <item>
        <text>
          And moreover, because the Preacher was wise, he still taught the people knowledge; yes, he pondered and sought out and set in order many proverbs.
        </text>
        <num>
          9
        </num>
      </item>
      <item>
        <text>
          The Preacher sought to find acceptable words; and what was written was upright--words of truth.
        </text>
        <num>
          10
        </num>
      </item>
      <item>
        <text>
          The words of the wise are like goads, and the words of scholars are like well-driven nails, given by one Shepherd.
        </text>
        <num>
          11
        </num>
      </item>
      <item>
        <text>
          And further, my son, be admonished by these. Of making many books there is no end, and much study is wearisome to the flesh.
        </text>
        <num>
          12
        </num>
      </item>
      <item>
        <text>
          Let us hear the conclusion of the whole matter: Fear God and keep His commandments, For this is man's all.
        </text>
        <num>
          13
        </num>
      </item>
      <item>
        <text>
          For God will bring every work into judgment, Including every secret thing, Whether good or evil.
        </text>
        <num>
          14
        </num>
      </item>
    </verses>
    <num>
      12
    </num>
  </item>
</chapters>
