<?xml version="1.0" encoding="UTF-8"?>
<name>
  Ephesians
</name>
<chapters>
  <item>
    <verses>
      <item>
        <text>
          Paul, an apostle of Jesus Christ by the will of God, To the saints who are in Ephesus, and faithful in Christ Jesus:
        </text>
        <num>
          1
        </num>
      </item>
      <item>
        <text>
          Grace to you and peace from God our Father and the Lord Jesus Christ.
        </text>
        <num>
          2
        </num>
      </item>
      <item>
        <text>
          Blessed be the God and Father of our Lord Jesus Christ, who has blessed us with every spiritual blessing in the heavenly places in Christ,
        </text>
        <num>
          3
        </num>
      </item>
      <item>
        <text>
          just as He chose us in Him before the foundation of the world, that we should be holy and without blame before Him in love,
        </text>
        <num>
          4
        </num>
      </item>
      <item>
        <text>
          having predestined us to adoption as sons by Jesus Christ to Himself, according to the good pleasure of His will,
        </text>
        <num>
          5
        </num>
      </item>
      <item>
        <text>
          to the praise of the glory of His grace, by which He made us accepted in the Beloved.
        </text>
        <num>
          6
        </num>
      </item>
      <item>
        <text>
          In Him we have redemption through His blood, the forgiveness of sins, according to the riches of His grace
        </text>
        <num>
          7
        </num>
      </item>
      <item>
        <text>
          which He made to abound toward us in all wisdom and prudence,
        </text>
        <num>
          8
        </num>
      </item>
      <item>
        <text>
          having made known to us the mystery of His will, according to His good pleasure which He purposed in Himself,
        </text>
        <num>
          9
        </num>
      </item>
      <item>
        <text>
          that in the dispensation of the fullness of the times He might gather together in one all things in Christ, both which are in heaven and which are on earth--in Him.
        </text>
        <num>
          10
        </num>
      </item>
      <item>
        <text>
          In Him also we have obtained an inheritance, being predestined according to the purpose of Him who works all things according to the counsel of His will,
        </text>
        <num>
          11
        </num>
      </item>
      <item>
        <text>
          that we who first trusted in Christ should be to the praise of His glory.
        </text>
        <num>
          12
        </num>
      </item>
      <item>
        <text>
          In Him you also trusted, after you heard the word of truth, the gospel of your salvation; in whom also, having believed, you were sealed with the Holy Spirit of promise,
        </text>
        <num>
          13
        </num>
      </item>
      <item>
        <text>
          who is the guarantee of our inheritance until the redemption of the purchased possession, to the praise of His glory.
        </text>
        <num>
          14
        </num>
      </item>
      <item>
        <text>
          Therefore I also, after I heard of your faith in the Lord Jesus and your love for all the saints,
        </text>
        <num>
          15
        </num>
      </item>
      <item>
        <text>
          do not cease to give thanks for you, making mention of you in my prayers:
        </text>
        <num>
          16
        </num>
      </item>
      <item>
        <text>
          that the God of our Lord Jesus Christ, the Father of glory, may give to you the spirit of wisdom and revelation in the knowledge of Him,
        </text>
        <num>
          17
        </num>
      </item>
      <item>
        <text>
          the eyes of your understanding being enlightened; that you may know what is the hope of His calling, what are the riches of the glory of His inheritance in the saints,
        </text>
        <num>
          18
        </num>
      </item>
      <item>
        <text>
          and what is the exceeding greatness of His power toward us who believe, according to the working of His mighty power
        </text>
        <num>
          19
        </num>
      </item>
      <item>
        <text>
          which He worked in Christ when He raised Him from the dead and seated Him at His right hand in the heavenly places,
        </text>
        <num>
          20
        </num>
      </item>
      <item>
        <text>
          far above all principality and power and might and dominion, and every name that is named, not only in this age but also in that which is to come.
        </text>
        <num>
          21
        </num>
      </item>
      <item>
        <text>
          And He put all things under His feet, and gave Him to be head over all things to the church,
        </text>
        <num>
          22
        </num>
      </item>
      <item>
        <text>
          which is His body, the fullness of Him who fills all in all.
        </text>
        <num>
          23
        </num>
      </item>
    </verses>
    <num>
      1
    </num>
  </item>
  <item>
    <verses>
      <item>
        <text>
          And you He made alive, who were dead in trespasses and sins,
        </text>
        <num>
          1
        </num>
      </item>
      <item>
        <text>
          in which you once walked according to the course of this world, according to the prince of the power of the air, the spirit who now works in the sons of disobedience,
        </text>
        <num>
          2
        </num>
      </item>
      <item>
        <text>
          among whom also we all once conducted ourselves in the lusts of our flesh, fulfilling the desires of the flesh and of the mind, and were by nature children of wrath, just as the others.
        </text>
        <num>
          3
        </num>
      </item>
      <item>
        <text>
          But God, who is rich in mercy, because of His great love with which He loved us,
        </text>
        <num>
          4
        </num>
      </item>
      <item>
        <text>
          even when we were dead in trespasses, made us alive together with Christ (by grace you have been saved),
        </text>
        <num>
          5
        </num>
      </item>
      <item>
        <text>
          and raised us up together, and made us sit together in the heavenly places in Christ Jesus,
        </text>
        <num>
          6
        </num>
      </item>
      <item>
        <text>
          that in the ages to come He might show the exceeding riches of His grace in His kindness toward us in Christ Jesus.
        </text>
        <num>
          7
        </num>
      </item>
      <item>
        <text>
          For by grace you have been saved through faith, and that not of yourselves; it is the gift of God,
        </text>
        <num>
          8
        </num>
      </item>
      <item>
        <text>
          not of works, lest anyone should boast.
        </text>
        <num>
          9
        </num>
      </item>
      <item>
        <text>
          For we are His workmanship, created in Christ Jesus for good works, which God prepared beforehand that we should walk in them.
        </text>
        <num>
          10
        </num>
      </item>
      <item>
        <text>
          Therefore remember that you, once Gentiles in the flesh--who are called Uncircumcision by what is called the Circumcision made in the flesh by hands--
        </text>
        <num>
          11
        </num>
      </item>
      <item>
        <text>
          that at that time you were without Christ, being aliens from the commonwealth of Israel and strangers from the covenants of promise, having no hope and without God in the world.
        </text>
        <num>
          12
        </num>
      </item>
      <item>
        <text>
          But now in Christ Jesus you who once were far off have been brought near by the blood of Christ.
        </text>
        <num>
          13
        </num>
      </item>
      <item>
        <text>
          For He Himself is our peace, who has made both one, and has broken down the middle wall of separation,
        </text>
        <num>
          14
        </num>
      </item>
      <item>
        <text>
          having abolished in His flesh the enmity, that is, the law of commandments contained in ordinances, so as to create in Himself one new man from the two, thus making peace,
        </text>
        <num>
          15
        </num>
      </item>
      <item>
        <text>
          and that He might reconcile them both to God in one body through the cross, thereby putting to death the enmity.
        </text>
        <num>
          16
        </num>
      </item>
      <item>
        <text>
          And He came and preached peace to you who were afar off and to those who were near.
        </text>
        <num>
          17
        </num>
      </item>
      <item>
        <text>
          For through Him we both have access by one Spirit to the Father.
        </text>
        <num>
          18
        </num>
      </item>
      <item>
        <text>
          Now, therefore, you are no longer strangers and foreigners, but fellow citizens with the saints and members of the household of God,
        </text>
        <num>
          19
        </num>
      </item>
      <item>
        <text>
          having been built on the foundation of the apostles and prophets, Jesus Christ Himself being the chief cornerstone,
        </text>
        <num>
          20
        </num>
      </item>
      <item>
        <text>
          in whom the whole building, being fitted together, grows into a holy temple in the Lord,
        </text>
        <num>
          21
        </num>
      </item>
      <item>
        <text>
          in whom you also are being built together for a dwelling place of God in the Spirit.
        </text>
        <num>
          22
        </num>
      </item>
    </verses>
    <num>
      2
    </num>
  </item>
  <item>
    <verses>
      <item>
        <text>
          For this reason I, Paul, the prisoner of Christ Jesus for you Gentiles--
        </text>
        <num>
          1
        </num>
      </item>
      <item>
        <text>
          if indeed you have heard of the dispensation of the grace of God which was given to me for you,
        </text>
        <num>
          2
        </num>
      </item>
      <item>
        <text>
          how that by revelation He made known to me the mystery (as I have briefly written already,
        </text>
        <num>
          3
        </num>
      </item>
      <item>
        <text>
          by which, when you read, you may understand my knowledge in the mystery of Christ),
        </text>
        <num>
          4
        </num>
      </item>
      <item>
        <text>
          which in other ages was not made known to the sons of men, as it has now been revealed by the Spirit to His holy apostles and prophets:
        </text>
        <num>
          5
        </num>
      </item>
      <item>
        <text>
          that the Gentiles should be fellow heirs, of the same body, and partakers of His promise in Christ through the gospel,
        </text>
        <num>
          6
        </num>
      </item>
      <item>
        <text>
          of which I became a minister according to the gift of the grace of God given to me by the effective working of His power.
        </text>
        <num>
          7
        </num>
      </item>
      <item>
        <text>
          To me, who am less than the least of all the saints, this grace was given, that I should preach among the Gentiles the unsearchable riches of Christ,
        </text>
        <num>
          8
        </num>
      </item>
      <item>
        <text>
          and to make all see what is the fellowship of the mystery, which from the beginning of the ages has been hidden in God who created all things through Jesus Christ;
        </text>
        <num>
          9
        </num>
      </item>
      <item>
        <text>
          to the intent that now the manifold wisdom of God might be made known by the church to the principalities and powers in the heavenly places,
        </text>
        <num>
          10
        </num>
      </item>
      <item>
        <text>
          according to the eternal purpose which He accomplished in Christ Jesus our Lord,
        </text>
        <num>
          11
        </num>
      </item>
      <item>
        <text>
          in whom we have boldness and access with confidence through faith in Him.
        </text>
        <num>
          12
        </num>
      </item>
      <item>
        <text>
          Therefore I ask that you do not lose heart at my tribulations for you, which is your glory.
        </text>
        <num>
          13
        </num>
      </item>
      <item>
        <text>
          For this reason I bow my knees to the Father of our Lord Jesus Christ,
        </text>
        <num>
          14
        </num>
      </item>
      <item>
        <text>
          from whom the whole family in heaven and earth is named,
        </text>
        <num>
          15
        </num>
      </item>
      <item>
        <text>
          that He would grant you, according to the riches of His glory, to be strengthened with might through His Spirit in the inner man,
        </text>
        <num>
          16
        </num>
      </item>
      <item>
        <text>
          that Christ may dwell in your hearts through faith; that you, being rooted and grounded in love,
        </text>
        <num>
          17
        </num>
      </item>
      <item>
        <text>
          may be able to comprehend with all the saints what is the width and length and depth and height--
        </text>
        <num>
          18
        </num>
      </item>
      <item>
        <text>
          to know the love of Christ which passes knowledge; that you may be filled with all the fullness of God.
        </text>
        <num>
          19
        </num>
      </item>
      <item>
        <text>
          Now to Him who is able to do exceedingly abundantly above all that we ask or think, according to the power that works in us,
        </text>
        <num>
          20
        </num>
      </item>
      <item>
        <text>
          to Him be glory in the church by Christ Jesus to all generations, forever and ever. Amen.
        </text>
        <num>
          21
        </num>
      </item>
    </verses>
    <num>
      3
    </num>
  </item>
  <item>
    <verses>
      <item>
        <text>
          I, therefore, the prisoner of the Lord, beseech you to walk worthy of the calling with which you were called,
        </text>
        <num>
          1
        </num>
      </item>
      <item>
        <text>
          with all lowliness and gentleness, with longsuffering, bearing with one another in love,
        </text>
        <num>
          2
        </num>
      </item>
      <item>
        <text>
          endeavoring to keep the unity of the Spirit in the bond of peace.
        </text>
        <num>
          3
        </num>
      </item>
      <item>
        <text>
          There is one body and one Spirit, just as you were called in one hope of your calling;
        </text>
        <num>
          4
        </num>
      </item>
      <item>
        <text>
          one Lord, one faith, one baptism;
        </text>
        <num>
          5
        </num>
      </item>
      <item>
        <text>
          one God and Father of all, who is above all, and through all, and in you all.
        </text>
        <num>
          6
        </num>
      </item>
      <item>
        <text>
          But to each one of us grace was given according to the measure of Christ's gift.
        </text>
        <num>
          7
        </num>
      </item>
      <item>
        <text>
          Therefore He says: "When He ascended on high, He led captivity captive, And gave gifts to men."
        </text>
        <num>
          8
        </num>
      </item>
      <item>
        <text>
          (Now this, "He ascended"--what does it mean but that He also first descended into the lower parts of the earth?
        </text>
        <num>
          9
        </num>
      </item>
      <item>
        <text>
          He who descended is also the One who ascended far above all the heavens, that He might fill all things.)
        </text>
        <num>
          10
        </num>
      </item>
      <item>
        <text>
          And He Himself gave some to be apostles, some prophets, some evangelists, and some pastors and teachers,
        </text>
        <num>
          11
        </num>
      </item>
      <item>
        <text>
          for the equipping of the saints for the work of ministry, for the edifying of the body of Christ,
        </text>
        <num>
          12
        </num>
      </item>
      <item>
        <text>
          till we all come to the unity of the faith and of the knowledge of the Son of God, to a perfect man, to the measure of the stature of the fullness of Christ;
        </text>
        <num>
          13
        </num>
      </item>
      <item>
        <text>
          that we should no longer be children, tossed to and fro and carried about with every wind of doctrine, by the trickery of men, in the cunning craftiness of deceitful plotting,
        </text>
        <num>
          14
        </num>
      </item>
      <item>
        <text>
          but, speaking the truth in love, may grow up in all things into Him who is the head--Christ--
        </text>
        <num>
          15
        </num>
      </item>
      <item>
        <text>
          from whom the whole body, joined and knit together by what every joint supplies, according to the effective working by which every part does its share, causes growth of the body for the edifying of itself in love.
        </text>
        <num>
          16
        </num>
      </item>
      <item>
        <text>
          This I say, therefore, and testify in the Lord, that you should no longer walk as the rest of the Gentiles walk, in the futility of their mind,
        </text>
        <num>
          17
        </num>
      </item>
      <item>
        <text>
          having their understanding darkened, being alienated from the life of God, because of the ignorance that is in them, because of the blindness of their heart;
        </text>
        <num>
          18
        </num>
      </item>
      <item>
        <text>
          who, being past feeling, have given themselves over to lewdness, to work all uncleanness with greediness.
        </text>
        <num>
          19
        </num>
      </item>
      <item>
        <text>
          But you have not so learned Christ,
        </text>
        <num>
          20
        </num>
      </item>
      <item>
        <text>
          if indeed you have heard Him and have been taught by Him, as the truth is in Jesus:
        </text>
        <num>
          21
        </num>
      </item>
      <item>
        <text>
          that you put off, concerning your former conduct, the old man which grows corrupt according to the deceitful lusts,
        </text>
        <num>
          22
        </num>
      </item>
      <item>
        <text>
          and be renewed in the spirit of your mind,
        </text>
        <num>
          23
        </num>
      </item>
      <item>
        <text>
          and that you put on the new man which was created according to God, in true righteousness and holiness.
        </text>
        <num>
          24
        </num>
      </item>
      <item>
        <text>
          Therefore, putting away lying, "Let each one of you speak truth with his neighbor," for we are members of one another.
        </text>
        <num>
          25
        </num>
      </item>
      <item>
        <text>
          "Be angry, and do not sin": do not let the sun go down on your wrath,
        </text>
        <num>
          26
        </num>
      </item>
      <item>
        <text>
          nor give place to the devil.
        </text>
        <num>
          27
        </num>
      </item>
      <item>
        <text>
          Let him who stole steal no longer, but rather let him labor, working with his hands what is good, that he may have something to give him who has need.
        </text>
        <num>
          28
        </num>
      </item>
      <item>
        <text>
          Let no corrupt word proceed out of your mouth, but what is good for necessary edification, that it may impart grace to the hearers.
        </text>
        <num>
          29
        </num>
      </item>
      <item>
        <text>
          And do not grieve the Holy Spirit of God, by whom you were sealed for the day of redemption.
        </text>
        <num>
          30
        </num>
      </item>
      <item>
        <text>
          Let all bitterness, wrath, anger, clamor, and evil speaking be put away from you, with all malice.
        </text>
        <num>
          31
        </num>
      </item>
      <item>
        <text>
          And be kind to one another, tenderhearted, forgiving one another, even as God in Christ forgave you.
        </text>
        <num>
          32
        </num>
      </item>
    </verses>
    <num>
      4
    </num>
  </item>
  <item>
    <verses>
      <item>
        <text>
          Therefore be imitators of God as dear children.
        </text>
        <num>
          1
        </num>
      </item>
      <item>
        <text>
          And walk in love, as Christ also has loved us and given Himself for us, an offering and a sacrifice to God for a sweet-smelling aroma.
        </text>
        <num>
          2
        </num>
      </item>
      <item>
        <text>
          But fornication and all uncleanness or covetousness, let it not even be named among you, as is fitting for saints;
        </text>
        <num>
          3
        </num>
      </item>
      <item>
        <text>
          neither filthiness, nor foolish talking, nor coarse jesting, which are not fitting, but rather giving of thanks.
        </text>
        <num>
          4
        </num>
      </item>
      <item>
        <text>
          For this you know, that no fornicator, unclean person, nor covetous man, who is an idolater, has any inheritance in the kingdom of Christ and God.
        </text>
        <num>
          5
        </num>
      </item>
      <item>
        <text>
          Let no one deceive you with empty words, for because of these things the wrath of God comes upon the sons of disobedience.
        </text>
        <num>
          6
        </num>
      </item>
      <item>
        <text>
          Therefore do not be partakers with them.
        </text>
        <num>
          7
        </num>
      </item>
      <item>
        <text>
          For you were once darkness, but now you are light in the Lord. Walk as children of light
        </text>
        <num>
          8
        </num>
      </item>
      <item>
        <text>
          (for the fruit of the Spirit is in all goodness, righteousness, and truth),
        </text>
        <num>
          9
        </num>
      </item>
      <item>
        <text>
          finding out what is acceptable to the Lord.
        </text>
        <num>
          10
        </num>
      </item>
      <item>
        <text>
          And have no fellowship with the unfruitful works of darkness, but rather expose them.
        </text>
        <num>
          11
        </num>
      </item>
      <item>
        <text>
          For it is shameful even to speak of those things which are done by them in secret.
        </text>
        <num>
          12
        </num>
      </item>
      <item>
        <text>
          But all things that are exposed are made manifest by the light, for whatever makes manifest is light.
        </text>
        <num>
          13
        </num>
      </item>
      <item>
        <text>
          Therefore He says: "Awake, you who sleep, Arise from the dead, And Christ will give you light."
        </text>
        <num>
          14
        </num>
      </item>
      <item>
        <text>
          See then that you walk circumspectly, not as fools but as wise,
        </text>
        <num>
          15
        </num>
      </item>
      <item>
        <text>
          redeeming the time, because the days are evil.
        </text>
        <num>
          16
        </num>
      </item>
      <item>
        <text>
          Therefore do not be unwise, but understand what the will of the Lord is.
        </text>
        <num>
          17
        </num>
      </item>
      <item>
        <text>
          And do not be drunk with wine, in which is dissipation; but be filled with the Spirit,
        </text>
        <num>
          18
        </num>
      </item>
      <item>
        <text>
          speaking to one another in psalms and hymns and spiritual songs, singing and making melody in your heart to the Lord,
        </text>
        <num>
          19
        </num>
      </item>
      <item>
        <text>
          giving thanks always for all things to God the Father in the name of our Lord Jesus Christ,
        </text>
        <num>
          20
        </num>
      </item>
      <item>
        <text>
          submitting to one another in the fear of God.
        </text>
        <num>
          21
        </num>
      </item>
      <item>
        <text>
          Wives, submit to your own husbands, as to the Lord.
        </text>
        <num>
          22
        </num>
      </item>
      <item>
        <text>
          For the husband is head of the wife, as also Christ is head of the church; and He is the Savior of the body.
        </text>
        <num>
          23
        </num>
      </item>
      <item>
        <text>
          Therefore, just as the church is subject to Christ, so let the wives be to their own husbands in everything.
        </text>
        <num>
          24
        </num>
      </item>
      <item>
        <text>
          Husbands, love your wives, just as Christ also loved the church and gave Himself for her,
        </text>
        <num>
          25
        </num>
      </item>
      <item>
        <text>
          that He might sanctify and cleanse her with the washing of water by the word,
        </text>
        <num>
          26
        </num>
      </item>
      <item>
        <text>
          that He might present her to Himself a glorious church, not having spot or wrinkle or any such thing, but that she should be holy and without blemish.
        </text>
        <num>
          27
        </num>
      </item>
      <item>
        <text>
          So husbands ought to love their own wives as their own bodies; he who loves his wife loves himself.
        </text>
        <num>
          28
        </num>
      </item>
      <item>
        <text>
          For no one ever hated his own flesh, but nourishes and cherishes it, just as the Lord does the church.
        </text>
        <num>
          29
        </num>
      </item>
      <item>
        <text>
          For we are members of His body, of His flesh and of His bones.
        </text>
        <num>
          30
        </num>
      </item>
      <item>
        <text>
          "For this reason a man shall leave his father and mother and be joined to his wife, and the two shall become one flesh."
        </text>
        <num>
          31
        </num>
      </item>
      <item>
        <text>
          This is a great mystery, but I speak concerning Christ and the church.
        </text>
        <num>
          32
        </num>
      </item>
      <item>
        <text>
          Nevertheless let each one of you in particular so love his own wife as himself, and let the wife see that she respects her husband.
        </text>
        <num>
          33
        </num>
      </item>
    </verses>
    <num>
      5
    </num>
  </item>
  <item>
    <verses>
      <item>
        <text>
          Children, obey your parents in the Lord, for this is right.
        </text>
        <num>
          1
        </num>
      </item>
      <item>
        <text>
          "Honor your father and mother," which is the first commandment with promise:
        </text>
        <num>
          2
        </num>
      </item>
      <item>
        <text>
          "that it may be well with you and you may live long on the earth."
        </text>
        <num>
          3
        </num>
      </item>
      <item>
        <text>
          And you, fathers, do not provoke your children to wrath, but bring them up in the training and admonition of the Lord.
        </text>
        <num>
          4
        </num>
      </item>
      <item>
        <text>
          Bondservants, be obedient to those who are your masters according to the flesh, with fear and trembling, in sincerity of heart, as to Christ;
        </text>
        <num>
          5
        </num>
      </item>
      <item>
        <text>
          not with eyeservice, as men-pleasers, but as bondservants of Christ, doing the will of God from the heart,
        </text>
        <num>
          6
        </num>
      </item>
      <item>
        <text>
          with goodwill doing service, as to the Lord, and not to men,
        </text>
        <num>
          7
        </num>
      </item>
      <item>
        <text>
          knowing that whatever good anyone does, he will receive the same from the Lord, whether he is a slave or free.
        </text>
        <num>
          8
        </num>
      </item>
      <item>
        <text>
          And you, masters, do the same things to them, giving up threatening, knowing that your own Master also is in heaven, and there is no partiality with Him.
        </text>
        <num>
          9
        </num>
      </item>
      <item>
        <text>
          Finally, my brethren, be strong in the Lord and in the power of His might.
        </text>
        <num>
          10
        </num>
      </item>
      <item>
        <text>
          Put on the whole armor of God, that you may be able to stand against the wiles of the devil.
        </text>
        <num>
          11
        </num>
      </item>
      <item>
        <text>
          For we do not wrestle against flesh and blood, but against principalities, against powers, against the rulers of the darkness of this age, against spiritual hosts of wickedness in the heavenly places.
        </text>
        <num>
          12
        </num>
      </item>
      <item>
        <text>
          Therefore take up the whole armor of God, that you may be able to withstand in the evil day, and having done all, to stand.
        </text>
        <num>
          13
        </num>
      </item>
      <item>
        <text>
          Stand therefore, having girded your waist with truth, having put on the breastplate of righteousness,
        </text>
        <num>
          14
        </num>
      </item>
      <item>
        <text>
          and having shod your feet with the preparation of the gospel of peace;
        </text>
        <num>
          15
        </num>
      </item>
      <item>
        <text>
          above all, taking the shield of faith with which you will be able to quench all the fiery darts of the wicked one.
        </text>
        <num>
          16
        </num>
      </item>
      <item>
        <text>
          And take the helmet of salvation, and the sword of the Spirit, which is the word of God;
        </text>
        <num>
          17
        </num>
      </item>
      <item>
        <text>
          praying always with all prayer and supplication in the Spirit, being watchful to this end with all perseverance and supplication for all the saints--
        </text>
        <num>
          18
        </num>
      </item>
      <item>
        <text>
          and for me, that utterance may be given to me, that I may open my mouth boldly to make known the mystery of the gospel,
        </text>
        <num>
          19
        </num>
      </item>
      <item>
        <text>
          for which I am an ambassador in chains; that in it I may speak boldly, as I ought to speak.
        </text>
        <num>
          20
        </num>
      </item>
      <item>
        <text>
          But that you also may know my affairs and how I am doing, Tychicus, a beloved brother and faithful minister in the Lord, will make all things known to you;
        </text>
        <num>
          21
        </num>
      </item>
      <item>
        <text>
          whom I have sent to you for this very purpose, that you may know our affairs, and that he may comfort your hearts.
        </text>
        <num>
          22
        </num>
      </item>
      <item>
        <text>
          Peace to the brethren, and love with faith, from God the Father and the Lord Jesus Christ.
        </text>
        <num>
          23
        </num>
      </item>
      <item>
        <text>
          Grace be with all those who love our Lord Jesus Christ in sincerity. Amen.
        </text>
        <num>
          24
        </num>
      </item>
    </verses>
    <num>
      6
    </num>
  </item>
</chapters>
