<?xml version="1.0" encoding="UTF-8"?>
<name>
  Ezra
</name>
<chapters>
  <item>
    <verses>
      <item>
        <text>
          Now in the first year of Cyrus king of Persia, that the word of the LORD by the mouth of Jeremiah might be fulfilled, the LORD stirred up the spirit of Cyrus king of Persia, so that he made a proclamation throughout all his kingdom, and also put it in writing, saying,
        </text>
        <num>
          1
        </num>
      </item>
      <item>
        <text>
          Thus says Cyrus king of Persia: All the kingdoms of the earth the LORD God of heaven has given me. And He has commanded me to build Him a house at Jerusalem which is in Judah.
        </text>
        <num>
          2
        </num>
      </item>
      <item>
        <text>
          Who is among you of all His people? May his God be with him, and let him go up to Jerusalem which is in Judah, and build the house of the LORD God of Israel (He is God), which is in Jerusalem.
        </text>
        <num>
          3
        </num>
      </item>
      <item>
        <text>
          And whoever is left in any place where he dwells, let the men of his place help him with silver and gold, with goods and livestock, besides the freewill offerings for the house of God which is in Jerusalem.
        </text>
        <num>
          4
        </num>
      </item>
      <item>
        <text>
          Then the heads of the fathers' houses of Judah and Benjamin, and the priests and the Levites, with all whose spirits God had moved, arose to go up and build the house of the LORD which is in Jerusalem.
        </text>
        <num>
          5
        </num>
      </item>
      <item>
        <text>
          And all those who were around them encouraged them with articles of silver and gold, with goods and livestock, and with precious things, besides all that was willingly offered.
        </text>
        <num>
          6
        </num>
      </item>
      <item>
        <text>
          King Cyrus also brought out the articles of the house of the LORD, which Nebuchadnezzar had taken from Jerusalem and put in the temple of his gods;
        </text>
        <num>
          7
        </num>
      </item>
      <item>
        <text>
          and Cyrus king of Persia brought them out by the hand of Mithredath the treasurer, and counted them out to Sheshbazzar the prince of Judah.
        </text>
        <num>
          8
        </num>
      </item>
      <item>
        <text>
          This is the number of them: thirty gold platters, one thousand silver platters, twenty-nine knives,
        </text>
        <num>
          9
        </num>
      </item>
      <item>
        <text>
          thirty gold basins, four hundred and ten silver basins of a similar kind, and one thousand other articles.
        </text>
        <num>
          10
        </num>
      </item>
      <item>
        <text>
          All the articles of gold and silver were five thousand four hundred. All these Sheshbazzar took with the captives who were brought from Babylon to Jerusalem.
        </text>
        <num>
          11
        </num>
      </item>
    </verses>
    <num>
      1
    </num>
  </item>
  <item>
    <verses>
      <item>
        <text>
          Now these are the people of the province who came back from the captivity, of those who had been carried away, whom Nebuchadnezzar the king of Babylon had carried away to Babylon, and who returned to Jerusalem and Judah, everyone to his own city.
        </text>
        <num>
          1
        </num>
      </item>
      <item>
        <text>
          Those who came with Zerubbabel were Jeshua, Nehemiah, Seraiah, Reelaiah, Mordecai, Bilshan, Mispar, Bigvai, Rehum, and Baanah. The number of the men of the people of Israel:
        </text>
        <num>
          2
        </num>
      </item>
      <item>
        <text>
          the people of Parosh, two thousand one hundred and seventy-two;
        </text>
        <num>
          3
        </num>
      </item>
      <item>
        <text>
          the people of Shephatiah, three hundred and seventy-two;
        </text>
        <num>
          4
        </num>
      </item>
      <item>
        <text>
          the people of Arah, seven hundred and seventy-five;
        </text>
        <num>
          5
        </num>
      </item>
      <item>
        <text>
          the people of Pahath-Moab, of the people of Jeshua and Joab, two thousand eight hundred and twelve;
        </text>
        <num>
          6
        </num>
      </item>
      <item>
        <text>
          the people of Elam, one thousand two hundred and fifty-four;
        </text>
        <num>
          7
        </num>
      </item>
      <item>
        <text>
          the people of Zattu, nine hundred and forty-five;
        </text>
        <num>
          8
        </num>
      </item>
      <item>
        <text>
          the people of Zaccai, seven hundred and sixty;
        </text>
        <num>
          9
        </num>
      </item>
      <item>
        <text>
          the people of Bani, six hundred and forty-two;
        </text>
        <num>
          10
        </num>
      </item>
      <item>
        <text>
          the people of Bebai, six hundred and twenty-three;
        </text>
        <num>
          11
        </num>
      </item>
      <item>
        <text>
          the people of Azgad, one thousand two hundred and twenty-two;
        </text>
        <num>
          12
        </num>
      </item>
      <item>
        <text>
          the people of Adonikam, six hundred and sixty-six;
        </text>
        <num>
          13
        </num>
      </item>
      <item>
        <text>
          the people of Bigvai, two thousand and fifty-six;
        </text>
        <num>
          14
        </num>
      </item>
      <item>
        <text>
          the people of Adin, four hundred and fifty-four;
        </text>
        <num>
          15
        </num>
      </item>
      <item>
        <text>
          the people of Ater of Hezekiah, ninety-eight;
        </text>
        <num>
          16
        </num>
      </item>
      <item>
        <text>
          the people of Bezai, three hundred and twenty-three;
        </text>
        <num>
          17
        </num>
      </item>
      <item>
        <text>
          the people of Jorah, one hundred and twelve;
        </text>
        <num>
          18
        </num>
      </item>
      <item>
        <text>
          the people of Hashum, two hundred and twenty-three;
        </text>
        <num>
          19
        </num>
      </item>
      <item>
        <text>
          the people of Gibbar, ninety-five;
        </text>
        <num>
          20
        </num>
      </item>
      <item>
        <text>
          the people of Bethlehem, one hundred and twenty-three;
        </text>
        <num>
          21
        </num>
      </item>
      <item>
        <text>
          the men of Netophah, fifty-six;
        </text>
        <num>
          22
        </num>
      </item>
      <item>
        <text>
          the men of Anathoth, one hundred and twenty-eight;
        </text>
        <num>
          23
        </num>
      </item>
      <item>
        <text>
          the people of Azmaveth, forty-two;
        </text>
        <num>
          24
        </num>
      </item>
      <item>
        <text>
          the people of Kirjath Arim, Chephirah, and Beeroth, seven hundred and forty-three;
        </text>
        <num>
          25
        </num>
      </item>
      <item>
        <text>
          the people of Ramah and Geba, six hundred and twenty-one;
        </text>
        <num>
          26
        </num>
      </item>
      <item>
        <text>
          the men of Michmas, one hundred and twenty-two;
        </text>
        <num>
          27
        </num>
      </item>
      <item>
        <text>
          the men of Bethel and Ai, two hundred and twenty-three;
        </text>
        <num>
          28
        </num>
      </item>
      <item>
        <text>
          the people of Nebo, fifty-two;
        </text>
        <num>
          29
        </num>
      </item>
      <item>
        <text>
          the people of Magbish, one hundred and fifty-six;
        </text>
        <num>
          30
        </num>
      </item>
      <item>
        <text>
          the people of the other Elam, one thousand two hundred and fifty-four;
        </text>
        <num>
          31
        </num>
      </item>
      <item>
        <text>
          the people of Harim, three hundred and twenty;
        </text>
        <num>
          32
        </num>
      </item>
      <item>
        <text>
          the people of Lod, Hadid, and Ono, seven hundred and twenty-five;
        </text>
        <num>
          33
        </num>
      </item>
      <item>
        <text>
          the people of Jericho, three hundred and forty-five;
        </text>
        <num>
          34
        </num>
      </item>
      <item>
        <text>
          the people of Senaah, three thousand six hundred and thirty.
        </text>
        <num>
          35
        </num>
      </item>
      <item>
        <text>
          The priests: the sons of Jedaiah, of the house of Jeshua, nine hundred and seventy-three;
        </text>
        <num>
          36
        </num>
      </item>
      <item>
        <text>
          the sons of Immer, one thousand and fifty-two;
        </text>
        <num>
          37
        </num>
      </item>
      <item>
        <text>
          the sons of Pashhur, one thousand two hundred and forty-seven;
        </text>
        <num>
          38
        </num>
      </item>
      <item>
        <text>
          the sons of Harim, one thousand and seventeen.
        </text>
        <num>
          39
        </num>
      </item>
      <item>
        <text>
          The Levites: the sons of Jeshua and Kadmiel, of the sons of Hodaviah, seventy-four.
        </text>
        <num>
          40
        </num>
      </item>
      <item>
        <text>
          The singers: the sons of Asaph, one hundred and twenty-eight.
        </text>
        <num>
          41
        </num>
      </item>
      <item>
        <text>
          The sons of the gatekeepers: the sons of Shallum, the sons of Ater, the sons of Talmon, the sons of Akkub, the sons of Hatita, and the sons of Shobai, one hundred and thirty-nine in all.
        </text>
        <num>
          42
        </num>
      </item>
      <item>
        <text>
          The Nethinim: the sons of Ziha, the sons of Hasupha, the sons of Tabbaoth,
        </text>
        <num>
          43
        </num>
      </item>
      <item>
        <text>
          the sons of Keros, the sons of Siaha, the sons of Padon,
        </text>
        <num>
          44
        </num>
      </item>
      <item>
        <text>
          the sons of Lebanah, the sons of Hagabah, the sons of Akkub,
        </text>
        <num>
          45
        </num>
      </item>
      <item>
        <text>
          the sons of Hagab, the sons of Shalmai, the sons of Hanan,
        </text>
        <num>
          46
        </num>
      </item>
      <item>
        <text>
          the sons of Giddel, the sons of Gahar, the sons of Reaiah,
        </text>
        <num>
          47
        </num>
      </item>
      <item>
        <text>
          the sons of Rezin, the sons of Nekoda, the sons of Gazzam,
        </text>
        <num>
          48
        </num>
      </item>
      <item>
        <text>
          the sons of Uzza, the sons of Paseah, the sons of Besai,
        </text>
        <num>
          49
        </num>
      </item>
      <item>
        <text>
          the sons of Asnah, the sons of Meunim, the sons of Nephusim,
        </text>
        <num>
          50
        </num>
      </item>
      <item>
        <text>
          the sons of Bakbuk, the sons of Hakupha, the sons of Harhur,
        </text>
        <num>
          51
        </num>
      </item>
      <item>
        <text>
          the sons of Bazluth, the sons of Mehida, the sons of Harsha,
        </text>
        <num>
          52
        </num>
      </item>
      <item>
        <text>
          the sons of Barkos, the sons of Sisera, the sons of Tamah,
        </text>
        <num>
          53
        </num>
      </item>
      <item>
        <text>
          the sons of Neziah, and the sons of Hatipha.
        </text>
        <num>
          54
        </num>
      </item>
      <item>
        <text>
          The sons of Solomon's servants: the sons of Sotai, the sons of Sophereth, the sons of Peruda,
        </text>
        <num>
          55
        </num>
      </item>
      <item>
        <text>
          the sons of Jaala, the sons of Darkon, the sons of Giddel,
        </text>
        <num>
          56
        </num>
      </item>
      <item>
        <text>
          the sons of Shephatiah, the sons of Hattil, the sons of Pochereth of Zebaim, and the sons of Ami.
        </text>
        <num>
          57
        </num>
      </item>
      <item>
        <text>
          All the Nethinim and the children of Solomon's servants were three hundred and ninety-two.
        </text>
        <num>
          58
        </num>
      </item>
      <item>
        <text>
          And these were the ones who came up from Tel Melah, Tel Harsha, Cherub, Addan, and Immer; but they could not identify their father's house or their genealogy, whether they were of Israel:
        </text>
        <num>
          59
        </num>
      </item>
      <item>
        <text>
          the sons of Delaiah, the sons of Tobiah, and the sons of Nekoda, six hundred and fifty-two;
        </text>
        <num>
          60
        </num>
      </item>
      <item>
        <text>
          and of the sons of the priests: the sons of Habaiah, the sons of Koz, and the sons of Barzillai, who took a wife of the daughters of Barzillai the Gileadite, and was called by their name.
        </text>
        <num>
          61
        </num>
      </item>
      <item>
        <text>
          These sought their listing among those who were registered by genealogy, but they were not found; therefore they were excluded from the priesthood as defiled.
        </text>
        <num>
          62
        </num>
      </item>
      <item>
        <text>
          And the governor said to them that they should not eat of the most holy things till a priest could consult with the Urim and Thummim.
        </text>
        <num>
          63
        </num>
      </item>
      <item>
        <text>
          The whole assembly together was forty-two thousand three hundred and sixty,
        </text>
        <num>
          64
        </num>
      </item>
      <item>
        <text>
          besides their male and female servants, of whom there were seven thousand three hundred and thirty-seven; and they had two hundred men and women singers.
        </text>
        <num>
          65
        </num>
      </item>
      <item>
        <text>
          Their horses were seven hundred and thirty-six, their mules two hundred and forty-five,
        </text>
        <num>
          66
        </num>
      </item>
      <item>
        <text>
          their camels four hundred and thirty-five, and their donkeys six thousand seven hundred and twenty.
        </text>
        <num>
          67
        </num>
      </item>
      <item>
        <text>
          Some of the heads of the fathers' houses, when they came to the house of the LORD which is in Jerusalem, offered freely for the house of God, to erect it in its place:
        </text>
        <num>
          68
        </num>
      </item>
      <item>
        <text>
          According to their ability, they gave to the treasury for the work sixty-one thousand gold drachmas, five thousand minas of silver, and one hundred priestly garments.
        </text>
        <num>
          69
        </num>
      </item>
      <item>
        <text>
          So the priests and the Levites, some of the people, the singers, the gatekeepers, and the Nethinim, dwelt in their cities, and all Israel in their cities.
        </text>
        <num>
          70
        </num>
      </item>
    </verses>
    <num>
      2
    </num>
  </item>
  <item>
    <verses>
      <item>
        <text>
          And when the seventh month had come, and the children of Israel were in the cities, the people gathered together as one man to Jerusalem.
        </text>
        <num>
          1
        </num>
      </item>
      <item>
        <text>
          Then Jeshua the son of Jozadak and his brethren the priests, and Zerubbabel the son of Shealtiel and his brethren, arose and built the altar of the God of Israel, to offer burnt offerings on it, as it is written in the Law of Moses the man of God.
        </text>
        <num>
          2
        </num>
      </item>
      <item>
        <text>
          Though fear had come upon them because of the people of those countries, they set the altar on its bases; and they offered burnt offerings on it to the LORD, both the morning and evening burnt offerings.
        </text>
        <num>
          3
        </num>
      </item>
      <item>
        <text>
          They also kept the Feast of Tabernacles, as it is written, and offered the daily burnt offerings in the number required by ordinance for each day.
        </text>
        <num>
          4
        </num>
      </item>
      <item>
        <text>
          Afterwards they offered the regular burnt offering, and those for New Moons and for all the appointed feasts of the LORD that were consecrated, and those of everyone who willingly offered a freewill offering to the LORD.
        </text>
        <num>
          5
        </num>
      </item>
      <item>
        <text>
          From the first day of the seventh month they began to offer burnt offerings to the LORD, although the foundation of the temple of the LORD had not been laid.
        </text>
        <num>
          6
        </num>
      </item>
      <item>
        <text>
          They also gave money to the masons and the carpenters, and food, drink, and oil to the people of Sidon and Tyre to bring cedar logs from Lebanon to the sea, to Joppa, according to the permission which they had from Cyrus king of Persia.
        </text>
        <num>
          7
        </num>
      </item>
      <item>
        <text>
          Now in the second month of the second year of their coming to the house of God at Jerusalem, Zerubbabel the son of Shealtiel, Jeshua the son of Jozadak, and the rest of their brethren the priests and the Levites, and all those who had come out of the captivity to Jerusalem, began work and appointed the Levites from twenty years old and above to oversee the work of the house of the LORD.
        </text>
        <num>
          8
        </num>
      </item>
      <item>
        <text>
          Then Jeshua with his sons and brothers, Kadmiel with his sons, and the sons of Judah, arose as one to oversee those working on the house of God: the sons of Henadad with their sons and their brethren the Levites.
        </text>
        <num>
          9
        </num>
      </item>
      <item>
        <text>
          When the builders laid the foundation of the temple of the LORD, the priests stood in their apparel with trumpets, and the Levites, the sons of Asaph, with cymbals, to praise the LORD, according to the ordinance of David king of Israel.
        </text>
        <num>
          10
        </num>
      </item>
      <item>
        <text>
          And they sang responsively, praising and giving thanks to the LORD: "For He is good, For His mercy endures forever toward Israel." Then all the people shouted with a great shout, when they praised the LORD, because the foundation of the house of the LORD was laid.
        </text>
        <num>
          11
        </num>
      </item>
      <item>
        <text>
          But many of the priests and Levites and heads of the fathers' houses, old men who had seen the first temple, wept with a loud voice when the foundation of this temple was laid before their eyes. Yet many shouted aloud for joy,
        </text>
        <num>
          12
        </num>
      </item>
      <item>
        <text>
          so that the people could not discern the noise of the shout of joy from the noise of the weeping of the people, for the people shouted with a loud shout, and the sound was heard afar off.
        </text>
        <num>
          13
        </num>
      </item>
    </verses>
    <num>
      3
    </num>
  </item>
  <item>
    <verses>
      <item>
        <text>
          Now when the adversaries of Judah and Benjamin heard that the descendants of the captivity were building the temple of the LORD God of Israel,
        </text>
        <num>
          1
        </num>
      </item>
      <item>
        <text>
          they came to Zerubbabel and the heads of the fathers' houses, and said to them, "Let us build with you, for we seek your God as you do; and we have sacrificed to Him since the days of Esarhaddon king of Assyria, who brought us here."
        </text>
        <num>
          2
        </num>
      </item>
      <item>
        <text>
          But Zerubbabel and Jeshua and the rest of the heads of the fathers' houses of Israel said to them, "You may do nothing with us to build a house for our God; but we alone will build to the LORD God of Israel, as King Cyrus the king of Persia has commanded us."
        </text>
        <num>
          3
        </num>
      </item>
      <item>
        <text>
          Then the people of the land tried to discourage the people of Judah. They troubled them in building,
        </text>
        <num>
          4
        </num>
      </item>
      <item>
        <text>
          and hired counselors against them to frustrate their purpose all the days of Cyrus king of Persia, even until the reign of Darius king of Persia.
        </text>
        <num>
          5
        </num>
      </item>
      <item>
        <text>
          In the reign of Ahasuerus, in the beginning of his reign, they wrote an accusation against the inhabitants of Judah and Jerusalem.
        </text>
        <num>
          6
        </num>
      </item>
      <item>
        <text>
          In the days of Artaxerxes also, Bishlam, Mithredath, Tabel, and the rest of their companions wrote to Artaxerxes king of Persia; and the letter was written in Aramaic script, and translated into the Aramaic language.
        </text>
        <num>
          7
        </num>
      </item>
      <item>
        <text>
          Rehum the commander and Shimshai the scribe wrote a letter against Jerusalem to King Artaxerxes in this fashion:
        </text>
        <num>
          8
        </num>
      </item>
      <item>
        <text>
          From Rehum the commander, Shimshai the scribe, and the rest of their companions--representatives of the Dinaites, the Apharsathchites, the Tarpelites, the people of Persia and Erech and Babylon and Shushan, the Dehavites, the Elamites,
        </text>
        <num>
          9
        </num>
      </item>
      <item>
        <text>
          and the rest of the nations whom the great and noble Osnapper took captive and settled in the cities of Samaria and the remainder beyond the River--and so forth.
        </text>
        <num>
          10
        </num>
      </item>
      <item>
        <text>
          (This is a copy of the letter that they sent him) To King Artaxerxes from your servants, the men of the region beyond the River, and so forth:
        </text>
        <num>
          11
        </num>
      </item>
      <item>
        <text>
          Let it be known to the king that the Jews who came up from you have come to us at Jerusalem, and are building the rebellious and evil city, and are finishing its walls and repairing the foundations.
        </text>
        <num>
          12
        </num>
      </item>
      <item>
        <text>
          Let it now be known to the king that, if this city is built and the walls completed, they will not pay tax, tribute, or custom, and the king's treasury will be diminished.
        </text>
        <num>
          13
        </num>
      </item>
      <item>
        <text>
          Now because we receive support from the palace, it was not proper for us to see the king's dishonor; therefore we have sent and informed the king,
        </text>
        <num>
          14
        </num>
      </item>
      <item>
        <text>
          that search may be made in the book of the records of your fathers. And you will find in the book of the records and know that this city is a rebellious city, harmful to kings and provinces, and that they have incited sedition within the city in former times, for which cause this city was destroyed.
        </text>
        <num>
          15
        </num>
      </item>
      <item>
        <text>
          We inform the king that if this city is rebuilt and its walls are completed, the result will be that you will have no dominion beyond the River.
        </text>
        <num>
          16
        </num>
      </item>
      <item>
        <text>
          The king sent an answer: To Rehum the commander, to Shimshai the scribe, to the rest of their companions who dwell in Samaria, and to the remainder beyond the River: Peace, and so forth.
        </text>
        <num>
          17
        </num>
      </item>
      <item>
        <text>
          The letter which you sent to us has been clearly read before me.
        </text>
        <num>
          18
        </num>
      </item>
      <item>
        <text>
          And I gave the command, and a search has been made, and it was found that this city in former times has revolted against kings, and rebellion and sedition have been fostered in it.
        </text>
        <num>
          19
        </num>
      </item>
      <item>
        <text>
          There have also been mighty kings over Jerusalem, who have ruled over all the region beyond the River; and tax, tribute, and custom were paid to them.
        </text>
        <num>
          20
        </num>
      </item>
      <item>
        <text>
          Now give the command to make these men cease, that this city may not be built until the command is given by me.
        </text>
        <num>
          21
        </num>
      </item>
      <item>
        <text>
          Take heed now that you do not fail to do this. Why should damage increase to the hurt of the kings?
        </text>
        <num>
          22
        </num>
      </item>
      <item>
        <text>
          Now when the copy of King Artaxerxes' letter was read before Rehum, Shimshai the scribe, and their companions, they went up in haste to Jerusalem against the Jews, and by force of arms made them cease.
        </text>
        <num>
          23
        </num>
      </item>
      <item>
        <text>
          Thus the work of the house of God which is at Jerusalem ceased, and it was discontinued until the second year of the reign of Darius king of Persia.
        </text>
        <num>
          24
        </num>
      </item>
    </verses>
    <num>
      4
    </num>
  </item>
  <item>
    <verses>
      <item>
        <text>
          Then the prophet Haggai and Zechariah the son of Iddo, prophets, prophesied to the Jews who were in Judah and Jerusalem, in the name of the God of Israel, who was over them.
        </text>
        <num>
          1
        </num>
      </item>
      <item>
        <text>
          So Zerubbabel the son of Shealtiel and Jeshua the son of Jozadak rose up and began to build the house of God which is in Jerusalem; and the prophets of God were with them, helping them.
        </text>
        <num>
          2
        </num>
      </item>
      <item>
        <text>
          At the same time Tattenai the governor of the region beyond the River and Shethar-Boznai and their companions came to them and spoke thus to them: "Who has commanded you to build this temple and finish this wall?"
        </text>
        <num>
          3
        </num>
      </item>
      <item>
        <text>
          Then, accordingly, we told them the names of the men who were constructing this building.
        </text>
        <num>
          4
        </num>
      </item>
      <item>
        <text>
          But the eye of their God was upon the elders of the Jews, so that they could not make them cease till a report could go to Darius. Then a written answer was returned concerning this matter.
        </text>
        <num>
          5
        </num>
      </item>
      <item>
        <text>
          This is a copy of the letter that Tattenai sent: The governor of the region beyond the River, and Shethar-Boznai, and his companions, the Persians who were in the region beyond the River, to Darius the king.
        </text>
        <num>
          6
        </num>
      </item>
      <item>
        <text>
          (They sent a letter to him, in which was written thus) To Darius the king: All peace.
        </text>
        <num>
          7
        </num>
      </item>
      <item>
        <text>
          Let it be known to the king that we went into the province of Judea, to the temple of the great God, which is being built with heavy stones, and timber is being laid in the walls; and this work goes on diligently and prospers in their hands.
        </text>
        <num>
          8
        </num>
      </item>
      <item>
        <text>
          Then we asked those elders, and spoke thus to them: "Who commanded you to build this temple and to finish these walls?"
        </text>
        <num>
          9
        </num>
      </item>
      <item>
        <text>
          We also asked them their names to inform you, that we might write the names of the men who were chief among them.
        </text>
        <num>
          10
        </num>
      </item>
      <item>
        <text>
          And thus they returned us an answer, saying: "We are the servants of the God of heaven and earth, and we are rebuilding the temple that was built many years ago, which a great king of Israel built and completed.
        </text>
        <num>
          11
        </num>
      </item>
      <item>
        <text>
          But because our fathers provoked the God of heaven to wrath, He gave them into the hand of Nebuchadnezzar king of Babylon, the Chaldean, who destroyed this temple and carried the people away to Babylon.
        </text>
        <num>
          12
        </num>
      </item>
      <item>
        <text>
          However, in the first year of Cyrus king of Babylon, King Cyrus issued a decree to build this house of God.
        </text>
        <num>
          13
        </num>
      </item>
      <item>
        <text>
          Also, the gold and silver articles of the house of God, which Nebuchadnezzar had taken from the temple that was in Jerusalem and carried into the temple of Babylon--those King Cyrus took from the temple of Babylon, and they were given to one named Sheshbazzar, whom he had made governor.
        </text>
        <num>
          14
        </num>
      </item>
      <item>
        <text>
          And he said to him, "Take these articles; go, carry them to the temple site that is in Jerusalem, and let the house of God be rebuilt on its former site.'
        </text>
        <num>
          15
        </num>
      </item>
      <item>
        <text>
          Then the same Sheshbazzar came and laid the foundation of the house of God which is in Jerusalem; but from that time even until now it has been under construction, and it is not finished."
        </text>
        <num>
          16
        </num>
      </item>
      <item>
        <text>
          Now therefore, if it seems good to the king, let a search be made in the king's treasure house, which is there in Babylon, whether it is so that a decree was issued by King Cyrus to build this house of God at Jerusalem, and let the king send us his pleasure concerning this matter.
        </text>
        <num>
          17
        </num>
      </item>
    </verses>
    <num>
      5
    </num>
  </item>
  <item>
    <verses>
      <item>
        <text>
          Then King Darius issued a decree, and a search was made in the archives, where the treasures were stored in Babylon.
        </text>
        <num>
          1
        </num>
      </item>
      <item>
        <text>
          And at Achmetha, in the palace that is in the province of Media, a scroll was found, and in it a record was written thus:
        </text>
        <num>
          2
        </num>
      </item>
      <item>
        <text>
          In the first year of King Cyrus, King Cyrus issued a decree concerning the house of God at Jerusalem: "Let the house be rebuilt, the place where they offered sacrifices; and let the foundations of it be firmly laid, its height sixty cubits and its width sixty cubits,
        </text>
        <num>
          3
        </num>
      </item>
      <item>
        <text>
          with three rows of heavy stones and one row of new timber. Let the expenses be paid from the king's treasury.
        </text>
        <num>
          4
        </num>
      </item>
      <item>
        <text>
          Also let the gold and silver articles of the house of God, which Nebuchadnezzar took from the temple which is in Jerusalem and brought to Babylon, be restored and taken back to the temple which is in Jerusalem, each to its place; and deposit them in the house of God"--
        </text>
        <num>
          5
        </num>
      </item>
      <item>
        <text>
          Now therefore, Tattenai, governor of the region beyond the River, and Shethar-Boznai, and your companions the Persians who are beyond the River, keep yourselves far from there.
        </text>
        <num>
          6
        </num>
      </item>
      <item>
        <text>
          Let the work of this house of God alone; let the governor of the Jews and the elders of the Jews build this house of God on its site.
        </text>
        <num>
          7
        </num>
      </item>
      <item>
        <text>
          Moreover I issue a decree as to what you shall do for the elders of these Jews, for the building of this house of God: Let the cost be paid at the king's expense from taxes on the region beyond the River; this is to be given immediately to these men, so that they are not hindered.
        </text>
        <num>
          8
        </num>
      </item>
      <item>
        <text>
          And whatever they need--young bulls, rams, and lambs for the burnt offerings of the God of heaven, wheat, salt, wine, and oil, according to the request of the priests who are in Jerusalem--let it be given them day by day without fail,
        </text>
        <num>
          9
        </num>
      </item>
      <item>
        <text>
          that they may offer sacrifices of sweet aroma to the God of heaven, and pray for the life of the king and his sons.
        </text>
        <num>
          10
        </num>
      </item>
      <item>
        <text>
          Also I issue a decree that whoever alters this edict, let a timber be pulled from his house and erected, and let him be hanged on it; and let his house be made a refuse heap because of this.
        </text>
        <num>
          11
        </num>
      </item>
      <item>
        <text>
          And may the God who causes His name to dwell there destroy any king or people who put their hand to alter it, or to destroy this house of God which is in Jerusalem. I Darius issue a decree; let it be done diligently.
        </text>
        <num>
          12
        </num>
      </item>
      <item>
        <text>
          Then Tattenai, governor of the region beyond the River, Shethar-Boznai, and their companions diligently did according to what King Darius had sent.
        </text>
        <num>
          13
        </num>
      </item>
      <item>
        <text>
          So the elders of the Jews built, and they prospered through the prophesying of Haggai the prophet and Zechariah the son of Iddo. And they built and finished it, according to the commandment of the God of Israel, and according to the command of Cyrus, Darius, and Artaxerxes king of Persia.
        </text>
        <num>
          14
        </num>
      </item>
      <item>
        <text>
          Now the temple was finished on the third day of the month of Adar, which was in the sixth year of the reign of King Darius.
        </text>
        <num>
          15
        </num>
      </item>
      <item>
        <text>
          Then the children of Israel, the priests and the Levites and the rest of the descendants of the captivity, celebrated the dedication of this house of God with joy.
        </text>
        <num>
          16
        </num>
      </item>
      <item>
        <text>
          And they offered sacrifices at the dedication of this house of God, one hundred bulls, two hundred rams, four hundred lambs, and as a sin offering for all Israel twelve male goats, according to the number of the tribes of Israel.
        </text>
        <num>
          17
        </num>
      </item>
      <item>
        <text>
          They assigned the priests to their divisions and the Levites to their divisions, over the service of God in Jerusalem, as it is written in the Book of Moses.
        </text>
        <num>
          18
        </num>
      </item>
      <item>
        <text>
          And the descendants of the captivity kept the Passover on the fourteenth day of the first month.
        </text>
        <num>
          19
        </num>
      </item>
      <item>
        <text>
          For the priests and the Levites had purified themselves; all of them were ritually clean. And they slaughtered the Passover lambs for all the descendants of the captivity, for their brethren the priests, and for themselves.
        </text>
        <num>
          20
        </num>
      </item>
      <item>
        <text>
          Then the children of Israel who had returned from the captivity ate together with all who had separated themselves from the filth of the nations of the land in order to seek the LORD God of Israel.
        </text>
        <num>
          21
        </num>
      </item>
      <item>
        <text>
          And they kept the Feast of Unleavened Bread seven days with joy; for the LORD made them joyful, and turned the heart of the king of Assyria toward them, to strengthen their hands in the work of the house of God, the God of Israel.
        </text>
        <num>
          22
        </num>
      </item>
    </verses>
    <num>
      6
    </num>
  </item>
  <item>
    <verses>
      <item>
        <text>
          Now after these things, in the reign of Artaxerxes king of Persia, Ezra the son of Seraiah, the son of Azariah, the son of Hilkiah,
        </text>
        <num>
          1
        </num>
      </item>
      <item>
        <text>
          the son of Shallum, the son of Zadok, the son of Ahitub,
        </text>
        <num>
          2
        </num>
      </item>
      <item>
        <text>
          the son of Amariah, the son of Azariah, the son of Meraioth,
        </text>
        <num>
          3
        </num>
      </item>
      <item>
        <text>
          the son of Zerahiah, the son of Uzzi, the son of Bukki,
        </text>
        <num>
          4
        </num>
      </item>
      <item>
        <text>
          the son of Abishua, the son of Phinehas, the son of Eleazar, the son of Aaron the chief priest--
        </text>
        <num>
          5
        </num>
      </item>
      <item>
        <text>
          this Ezra came up from Babylon; and he was a skilled scribe in the Law of Moses, which the LORD God of Israel had given. The king granted him all his request, according to the hand of the LORD his God upon him.
        </text>
        <num>
          6
        </num>
      </item>
      <item>
        <text>
          Some of the children of Israel, the priests, the Levites, the singers, the gatekeepers, and the Nethinim came up to Jerusalem in the seventh year of King Artaxerxes.
        </text>
        <num>
          7
        </num>
      </item>
      <item>
        <text>
          And Ezra came to Jerusalem in the fifth month, which was in the seventh year of the king.
        </text>
        <num>
          8
        </num>
      </item>
      <item>
        <text>
          On the first day of the first month he began his journey from Babylon, and on the first day of the fifth month he came to Jerusalem, according to the good hand of his God upon him.
        </text>
        <num>
          9
        </num>
      </item>
      <item>
        <text>
          For Ezra had prepared his heart to seek the Law of the LORD, and to do it, and to teach statutes and ordinances in Israel.
        </text>
        <num>
          10
        </num>
      </item>
      <item>
        <text>
          This is a copy of the letter that King Artaxerxes gave Ezra the priest, the scribe, expert in the words of the commandments of the LORD, and of His statutes to Israel:
        </text>
        <num>
          11
        </num>
      </item>
      <item>
        <text>
          Artaxerxes, king of kings, To Ezra the priest, a scribe of the Law of the God of heaven: Perfect peace, and so forth.
        </text>
        <num>
          12
        </num>
      </item>
      <item>
        <text>
          I issue a decree that all those of the people of Israel and the priests and Levites in my realm, who volunteer to go up to Jerusalem, may go with you.
        </text>
        <num>
          13
        </num>
      </item>
      <item>
        <text>
          And whereas you are being sent by the king and his seven counselors to inquire concerning Judah and Jerusalem, with regard to the Law of your God which is in your hand;
        </text>
        <num>
          14
        </num>
      </item>
      <item>
        <text>
          and whereas you are to carry the silver and gold which the king and his counselors have freely offered to the God of Israel, whose dwelling is in Jerusalem;
        </text>
        <num>
          15
        </num>
      </item>
      <item>
        <text>
          and whereas all the silver and gold that you may find in all the province of Babylon, along with the freewill offering of the people and the priests, are to be freely offered for the house of their God in Jerusalem--
        </text>
        <num>
          16
        </num>
      </item>
      <item>
        <text>
          now therefore, be careful to buy with this money bulls, rams, and lambs, with their grain offerings and their drink offerings, and offer them on the altar of the house of your God in Jerusalem.
        </text>
        <num>
          17
        </num>
      </item>
      <item>
        <text>
          And whatever seems good to you and your brethren to do with the rest of the silver and the gold, do it according to the will of your God.
        </text>
        <num>
          18
        </num>
      </item>
      <item>
        <text>
          Also the articles that are given to you for the service of the house of your God, deliver in full before the God of Jerusalem.
        </text>
        <num>
          19
        </num>
      </item>
      <item>
        <text>
          And whatever more may be needed for the house of your God, which you may have occasion to provide, pay for it from the king's treasury.
        </text>
        <num>
          20
        </num>
      </item>
      <item>
        <text>
          And I, even I, Artaxerxes the king, issue a decree to all the treasurers who are in the region beyond the River, that whatever Ezra the priest, the scribe of the Law of the God of heaven, may require of you, let it be done diligently,
        </text>
        <num>
          21
        </num>
      </item>
      <item>
        <text>
          up to one hundred talents of silver, one hundred kors of wheat, one hundred baths of wine, one hundred baths of oil, and salt without prescribed limit.
        </text>
        <num>
          22
        </num>
      </item>
      <item>
        <text>
          Whatever is commanded by the God of heaven, let it diligently be done for the house of the God of heaven. For why should there be wrath against the realm of the king and his sons?
        </text>
        <num>
          23
        </num>
      </item>
      <item>
        <text>
          Also we inform you that it shall not be lawful to impose tax, tribute, or custom on any of the priests, Levites, singers, gatekeepers, Nethinim, or servants of this house of God.
        </text>
        <num>
          24
        </num>
      </item>
      <item>
        <text>
          And you, Ezra, according to your God-given wisdom, set magistrates and judges who may judge all the people who are in the region beyond the River, all such as know the laws of your God; and teach those who do not know them.
        </text>
        <num>
          25
        </num>
      </item>
      <item>
        <text>
          Whoever will not observe the law of your God and the law of the king, let judgment be executed speedily on him, whether it be death, or banishment, or confiscation of goods, or imprisonment.
        </text>
        <num>
          26
        </num>
      </item>
      <item>
        <text>
          Blessed be the LORD God of our fathers, who has put such a thing as this in the king's heart, to beautify the house of the LORD which is in Jerusalem,
        </text>
        <num>
          27
        </num>
      </item>
      <item>
        <text>
          and has extended mercy to me before the king and his counselors, and before all the king's mighty princes. So I was encouraged, as the hand of the LORD my God was upon me; and I gathered leading men of Israel to go up with me.
        </text>
        <num>
          28
        </num>
      </item>
    </verses>
    <num>
      7
    </num>
  </item>
  <item>
    <verses>
      <item>
        <text>
          These are the heads of their fathers' houses, and this is the genealogy of those who went up with me from Babylon, in the reign of King Artaxerxes:
        </text>
        <num>
          1
        </num>
      </item>
      <item>
        <text>
          of the sons of Phinehas, Gershom; of the sons of Ithamar, Daniel; of the sons of David, Hattush;
        </text>
        <num>
          2
        </num>
      </item>
      <item>
        <text>
          of the sons of Shecaniah, of the sons of Parosh, Zechariah; and registered with him were one hundred and fifty males;
        </text>
        <num>
          3
        </num>
      </item>
      <item>
        <text>
          of the sons of Pahath-Moab, Eliehoenai the son of Zerahiah, and with him two hundred males;
        </text>
        <num>
          4
        </num>
      </item>
      <item>
        <text>
          of the sons of Shechaniah, Ben-Jahaziel, and with him three hundred males;
        </text>
        <num>
          5
        </num>
      </item>
      <item>
        <text>
          of the sons of Adin, Ebed the son of Jonathan, and with him fifty males;
        </text>
        <num>
          6
        </num>
      </item>
      <item>
        <text>
          of the sons of Elam, Jeshaiah the son of Athaliah, and with him seventy males;
        </text>
        <num>
          7
        </num>
      </item>
      <item>
        <text>
          of the sons of Shephatiah, Zebadiah the son of Michael, and with him eighty males;
        </text>
        <num>
          8
        </num>
      </item>
      <item>
        <text>
          of the sons of Joab, Obadiah the son of Jehiel, and with him two hundred and eighteen males;
        </text>
        <num>
          9
        </num>
      </item>
      <item>
        <text>
          of the sons of Shelomith, Ben-Josiphiah, and with him one hundred and sixty males;
        </text>
        <num>
          10
        </num>
      </item>
      <item>
        <text>
          of the sons of Bebai, Zechariah the son of Bebai, and with him twenty-eight males;
        </text>
        <num>
          11
        </num>
      </item>
      <item>
        <text>
          of the sons of Azgad, Johanan the son of Hakkatan, and with him one hundred and ten males;
        </text>
        <num>
          12
        </num>
      </item>
      <item>
        <text>
          of the last sons of Adonikam, whose names are these--Eliphelet, Jeiel, and Shemaiah--and with them sixty males;
        </text>
        <num>
          13
        </num>
      </item>
      <item>
        <text>
          also of the sons of Bigvai, Uthai and Zabbud, and with them seventy males.
        </text>
        <num>
          14
        </num>
      </item>
      <item>
        <text>
          Now I gathered them by the river that flows to Ahava, and we camped there three days. And I looked among the people and the priests, and found none of the sons of Levi there.
        </text>
        <num>
          15
        </num>
      </item>
      <item>
        <text>
          Then I sent for Eliezer, Ariel, Shemaiah, Elnathan, Jarib, Elnathan, Nathan, Zechariah, and Meshullam, leaders; also for Joiarib and Elnathan, men of understanding.
        </text>
        <num>
          16
        </num>
      </item>
      <item>
        <text>
          And I gave them a command for Iddo the chief man at the place Casiphia, and I told them what they should say to Iddo and his brethren the Nethinim at the place Casiphia--that they should bring us servants for the house of our God.
        </text>
        <num>
          17
        </num>
      </item>
      <item>
        <text>
          Then, by the good hand of our God upon us, they brought us a man of understanding, of the sons of Mahli the son of Levi, the son of Israel, namely Sherebiah, with his sons and brothers, eighteen men;
        </text>
        <num>
          18
        </num>
      </item>
      <item>
        <text>
          and Hashabiah, and with him Jeshaiah of the sons of Merari, his brothers and their sons, twenty men;
        </text>
        <num>
          19
        </num>
      </item>
      <item>
        <text>
          also of the Nethinim, whom David and the leaders had appointed for the service of the Levites, two hundred and twenty Nethinim. All of them were designated by name.
        </text>
        <num>
          20
        </num>
      </item>
      <item>
        <text>
          Then I proclaimed a fast there at the river of Ahava, that we might humble ourselves before our God, to seek from Him the right way for us and our little ones and all our possessions.
        </text>
        <num>
          21
        </num>
      </item>
      <item>
        <text>
          For I was ashamed to request of the king an escort of soldiers and horsemen to help us against the enemy on the road, because we had spoken to the king, saying, "The hand of our God is upon all those for good who seek Him, but His power and His wrath are against all those who forsake Him."
        </text>
        <num>
          22
        </num>
      </item>
      <item>
        <text>
          So we fasted and entreated our God for this, and He answered our prayer.
        </text>
        <num>
          23
        </num>
      </item>
      <item>
        <text>
          And I separated twelve of the leaders of the priests--Sherebiah, Hashabiah, and ten of their brethren with them--
        </text>
        <num>
          24
        </num>
      </item>
      <item>
        <text>
          and weighed out to them the silver, the gold, and the articles, the offering for the house of our God which the king and his counselors and his princes, and all Israel who were present, had offered.
        </text>
        <num>
          25
        </num>
      </item>
      <item>
        <text>
          I weighed into their hand six hundred and fifty talents of silver, silver articles weighing one hundred talents, one hundred talents of gold,
        </text>
        <num>
          26
        </num>
      </item>
      <item>
        <text>
          twenty gold basins worth a thousand drachmas, and two vessels of fine polished bronze, precious as gold.
        </text>
        <num>
          27
        </num>
      </item>
      <item>
        <text>
          And I said to them, "You are holy to the LORD; the articles are holy also; and the silver and the gold are a freewill offering to the LORD God of your fathers.
        </text>
        <num>
          28
        </num>
      </item>
      <item>
        <text>
          Watch and keep them until you weigh them before the leaders of the priests and the Levites and heads of the fathers' houses of Israel in Jerusalem, in the chambers of the house of the LORD."
        </text>
        <num>
          29
        </num>
      </item>
      <item>
        <text>
          So the priests and the Levites received the silver and the gold and the articles by weight, to bring them to Jerusalem to the house of our God.
        </text>
        <num>
          30
        </num>
      </item>
      <item>
        <text>
          Then we departed from the river of Ahava on the twelfth day of the first month, to go to Jerusalem. And the hand of our God was upon us, and He delivered us from the hand of the enemy and from ambush along the road.
        </text>
        <num>
          31
        </num>
      </item>
      <item>
        <text>
          So we came to Jerusalem, and stayed there three days.
        </text>
        <num>
          32
        </num>
      </item>
      <item>
        <text>
          Now on the fourth day the silver and the gold and the articles were weighed in the house of our God by the hand of Meremoth the son of Uriah the priest, and with him was Eleazar the son of Phinehas; with them were the Levites, Jozabad the son of Jeshua and Noadiah the son of Binnui,
        </text>
        <num>
          33
        </num>
      </item>
      <item>
        <text>
          with the number and weight of everything. All the weight was written down at that time.
        </text>
        <num>
          34
        </num>
      </item>
      <item>
        <text>
          The children of those who had been carried away captive, who had come from the captivity, offered burnt offerings to the God of Israel: twelve bulls for all Israel, ninety-six rams, seventy-seven lambs, and twelve male goats as a sin offering. All this was a burnt offering to the LORD.
        </text>
        <num>
          35
        </num>
      </item>
      <item>
        <text>
          And they delivered the king's orders to the king's satraps and the governors in the region beyond the River. So they gave support to the people and the house of God.
        </text>
        <num>
          36
        </num>
      </item>
    </verses>
    <num>
      8
    </num>
  </item>
  <item>
    <verses>
      <item>
        <text>
          When these things were done, the leaders came to me, saying, "The people of Israel and the priests and the Levites have not separated themselves from the peoples of the lands, with respect to the abominations of the Canaanites, the Hittites, the Perizzites, the Jebusites, the Ammonites, the Moabites, the Egyptians, and the Amorites.
        </text>
        <num>
          1
        </num>
      </item>
      <item>
        <text>
          For they have taken some of their daughters as wives for themselves and their sons, so that the holy seed is mixed with the peoples of those lands. Indeed, the hand of the leaders and rulers has been foremost in this trespass."
        </text>
        <num>
          2
        </num>
      </item>
      <item>
        <text>
          So when I heard this thing, I tore my garment and my robe, and plucked out some of the hair of my head and beard, and sat down astonished.
        </text>
        <num>
          3
        </num>
      </item>
      <item>
        <text>
          Then everyone who trembled at the words of the God of Israel assembled to me, because of the transgression of those who had been carried away captive, and I sat astonished until the evening sacrifice.
        </text>
        <num>
          4
        </num>
      </item>
      <item>
        <text>
          At the evening sacrifice I arose from my fasting; and having torn my garment and my robe, I fell on my knees and spread out my hands to the LORD my God.
        </text>
        <num>
          5
        </num>
      </item>
      <item>
        <text>
          And I said: "O my God, I am too ashamed and humiliated to lift up my face to You, my God; for our iniquities have risen higher than our heads, and our guilt has grown up to the heavens.
        </text>
        <num>
          6
        </num>
      </item>
      <item>
        <text>
          Since the days of our fathers to this day we have been very guilty, and for our iniquities we, our kings, and our priests have been delivered into the hand of the kings of the lands, to the sword, to captivity, to plunder, and to humiliation, as it is this day.
        </text>
        <num>
          7
        </num>
      </item>
      <item>
        <text>
          And now for a little while grace has been shown from the LORD our God, to leave us a remnant to escape, and to give us a peg in His holy place, that our God may enlighten our eyes and give us a measure of revival in our bondage.
        </text>
        <num>
          8
        </num>
      </item>
      <item>
        <text>
          For we were slaves. Yet our God did not forsake us in our bondage; but He extended mercy to us in the sight of the kings of Persia, to revive us, to repair the house of our God, to rebuild its ruins, and to give us a wall in Judah and Jerusalem.
        </text>
        <num>
          9
        </num>
      </item>
      <item>
        <text>
          And now, O our God, what shall we say after this? For we have forsaken Your commandments,
        </text>
        <num>
          10
        </num>
      </item>
      <item>
        <text>
          which You commanded by Your servants the prophets, saying, "The land which you are entering to possess is an unclean land, with the uncleanness of the peoples of the lands, with their abominations which have filled it from one end to another with their impurity.
        </text>
        <num>
          11
        </num>
      </item>
      <item>
        <text>
          Now therefore, do not give your daughters as wives for their sons, nor take their daughters to your sons; and never seek their peace or prosperity, that you may be strong and eat the good of the land, and leave it as an inheritance to your children forever.'
        </text>
        <num>
          12
        </num>
      </item>
      <item>
        <text>
          And after all that has come upon us for our evil deeds and for our great guilt, since You our God have punished us less than our iniquities deserve, and have given us such deliverance as this,
        </text>
        <num>
          13
        </num>
      </item>
      <item>
        <text>
          should we again break Your commandments, and join in marriage with the people committing these abominations? Would You not be angry with us until You had consumed us, so that there would be no remnant or survivor?
        </text>
        <num>
          14
        </num>
      </item>
      <item>
        <text>
          O LORD God of Israel, You are righteous, for we are left as a remnant, as it is this day. Here we are before You, in our guilt, though no one can stand before You because of this!"
        </text>
        <num>
          15
        </num>
      </item>
    </verses>
    <num>
      9
    </num>
  </item>
  <item>
    <verses>
      <item>
        <text>
          Now while Ezra was praying, and while he was confessing, weeping, and bowing down before the house of God, a very large assembly of men, women, and children gathered to him from Israel; for the people wept very bitterly.
        </text>
        <num>
          1
        </num>
      </item>
      <item>
        <text>
          And Shechaniah the son of Jehiel, one of the sons of Elam, spoke up and said to Ezra, "We have trespassed against our God, and have taken pagan wives from the peoples of the land; yet now there is hope in Israel in spite of this.
        </text>
        <num>
          2
        </num>
      </item>
      <item>
        <text>
          Now therefore, let us make a covenant with our God to put away all these wives and those who have been born to them, according to the advice of my master and of those who tremble at the commandment of our God; and let it be done according to the law.
        </text>
        <num>
          3
        </num>
      </item>
      <item>
        <text>
          Arise, for this matter is your responsibility. We also are with you. Be of good courage, and do it."
        </text>
        <num>
          4
        </num>
      </item>
      <item>
        <text>
          Then Ezra arose, and made the leaders of the priests, the Levites, and all Israel swear an oath that they would do according to this word. So they swore an oath.
        </text>
        <num>
          5
        </num>
      </item>
      <item>
        <text>
          Then Ezra rose up from before the house of God, and went into the chamber of Jehohanan the son of Eliashib; and when he came there, he ate no bread and drank no water, for he mourned because of the guilt of those from the captivity.
        </text>
        <num>
          6
        </num>
      </item>
      <item>
        <text>
          And they issued a proclamation throughout Judah and Jerusalem to all the descendants of the captivity, that they must gather at Jerusalem,
        </text>
        <num>
          7
        </num>
      </item>
      <item>
        <text>
          and that whoever would not come within three days, according to the instructions of the leaders and elders, all his property would be confiscated, and he himself would be separated from the assembly of those from the captivity.
        </text>
        <num>
          8
        </num>
      </item>
      <item>
        <text>
          So all the men of Judah and Benjamin gathered at Jerusalem within three days. It was the ninth month, on the twentieth of the month; and all the people sat in the open square of the house of God, trembling because of this matter and because of heavy rain.
        </text>
        <num>
          9
        </num>
      </item>
      <item>
        <text>
          Then Ezra the priest stood up and said to them, "You have transgressed and have taken pagan wives, adding to the guilt of Israel.
        </text>
        <num>
          10
        </num>
      </item>
      <item>
        <text>
          Now therefore, make confession to the LORD God of your fathers, and do His will; separate yourselves from the peoples of the land, and from the pagan wives."
        </text>
        <num>
          11
        </num>
      </item>
      <item>
        <text>
          Then all the assembly answered and said with a loud voice, "Yes! As you have said, so we must do.
        </text>
        <num>
          12
        </num>
      </item>
      <item>
        <text>
          But there are many people; it is the season for heavy rain, and we are not able to stand outside. Nor is this the work of one or two days, for there are many of us who have transgressed in this matter.
        </text>
        <num>
          13
        </num>
      </item>
      <item>
        <text>
          Please, let the leaders of our entire assembly stand; and let all those in our cities who have taken pagan wives come at appointed times, together with the elders and judges of their cities, until the fierce wrath of our God is turned away from us in this matter."
        </text>
        <num>
          14
        </num>
      </item>
      <item>
        <text>
          Only Jonathan the son of Asahel and Jahaziah the son of Tikvah opposed this, and Meshullam and Shabbethai the Levite gave them support.
        </text>
        <num>
          15
        </num>
      </item>
      <item>
        <text>
          Then the descendants of the captivity did so. And Ezra the priest, with certain heads of the fathers' households, were set apart by the fathers' households, each of them by name; and they sat down on the first day of the tenth month to examine the matter.
        </text>
        <num>
          16
        </num>
      </item>
      <item>
        <text>
          By the first day of the first month they finished questioning all the men who had taken pagan wives.
        </text>
        <num>
          17
        </num>
      </item>
      <item>
        <text>
          And among the sons of the priests who had taken pagan wives the following were found of the sons of Jeshua the son of Jozadak, and his brothers: Maaseiah, Eliezer, Jarib, and Gedaliah.
        </text>
        <num>
          18
        </num>
      </item>
      <item>
        <text>
          And they gave their promise that they would put away their wives; and being guilty, they presented a ram of the flock as their trespass offering.
        </text>
        <num>
          19
        </num>
      </item>
      <item>
        <text>
          Also of the sons of Immer: Hanani and Zebadiah;
        </text>
        <num>
          20
        </num>
      </item>
      <item>
        <text>
          of the sons of Harim: Maaseiah, Elijah, Shemaiah, Jehiel, and Uzziah;
        </text>
        <num>
          21
        </num>
      </item>
      <item>
        <text>
          of the sons of Pashhur: Elioenai, Maaseiah, Ishmael, Nethanel, Jozabad, and Elasah.
        </text>
        <num>
          22
        </num>
      </item>
      <item>
        <text>
          Also of the Levites: Jozabad, Shimei, Kelaiah (the same is Kelita), Pethahiah, Judah, and Eliezer.
        </text>
        <num>
          23
        </num>
      </item>
      <item>
        <text>
          Also of the singers: Eliashib; and of the gatekeepers: Shallum, Telem, and Uri.
        </text>
        <num>
          24
        </num>
      </item>
      <item>
        <text>
          And others of Israel: of the sons of Parosh: Ramiah, Jeziah, Malchiah, Mijamin, Eleazar, Malchijah, and Benaiah;
        </text>
        <num>
          25
        </num>
      </item>
      <item>
        <text>
          of the sons of Elam: Mattaniah, Zechariah, Jehiel, Abdi, Jeremoth, and Eliah;
        </text>
        <num>
          26
        </num>
      </item>
      <item>
        <text>
          of the sons of Zattu: Elioenai, Eliashib, Mattaniah, Jeremoth, Zabad, and Aziza;
        </text>
        <num>
          27
        </num>
      </item>
      <item>
        <text>
          of the sons of Bebai: Jehohanan, Hananiah, Zabbai, and Athlai;
        </text>
        <num>
          28
        </num>
      </item>
      <item>
        <text>
          of the sons of Bani: Meshullam, Malluch, Adaiah, Jashub, Sheal, and Ramoth;
        </text>
        <num>
          29
        </num>
      </item>
      <item>
        <text>
          of the sons of Pahath-Moab: Adna, Chelal, Benaiah, Maaseiah, Mattaniah, Bezalel, Binnui, and Manasseh;
        </text>
        <num>
          30
        </num>
      </item>
      <item>
        <text>
          of the sons of Harim: Eliezer, Ishijah, Malchijah, Shemaiah, Shimeon,
        </text>
        <num>
          31
        </num>
      </item>
      <item>
        <text>
          Benjamin, Malluch, and Shemariah;
        </text>
        <num>
          32
        </num>
      </item>
      <item>
        <text>
          of the sons of Hashum: Mattenai, Mattattah, Zabad, Eliphelet, Jeremai, Manasseh, and Shimei;
        </text>
        <num>
          33
        </num>
      </item>
      <item>
        <text>
          of the sons of Bani: Maadai, Amram, Uel,
        </text>
        <num>
          34
        </num>
      </item>
      <item>
        <text>
          Benaiah, Bedeiah, Cheluh,
        </text>
        <num>
          35
        </num>
      </item>
      <item>
        <text>
          Vaniah, Meremoth, Eliashib,
        </text>
        <num>
          36
        </num>
      </item>
      <item>
        <text>
          Mattaniah, Mattenai, Jaasai,
        </text>
        <num>
          37
        </num>
      </item>
      <item>
        <text>
          Bani, Binnui, Shimei,
        </text>
        <num>
          38
        </num>
      </item>
      <item>
        <text>
          Shelemiah, Nathan, Adaiah,
        </text>
        <num>
          39
        </num>
      </item>
      <item>
        <text>
          Machnadebai, Shashai, Sharai,
        </text>
        <num>
          40
        </num>
      </item>
      <item>
        <text>
          Azarel, Shelemiah, Shemariah,
        </text>
        <num>
          41
        </num>
      </item>
      <item>
        <text>
          Shallum, Amariah, and Joseph;
        </text>
        <num>
          42
        </num>
      </item>
      <item>
        <text>
          of the sons of Nebo: Jeiel, Mattithiah, Zabad, Zebina, Jaddai, Joel, and Benaiah.
        </text>
        <num>
          43
        </num>
      </item>
      <item>
        <text>
          All these had taken pagan wives, and some of them had wives by whom they had children.
        </text>
        <num>
          44
        </num>
      </item>
    </verses>
    <num>
      10
    </num>
  </item>
</chapters>
