<?xml version="1.0" encoding="UTF-8"?>
<name>
  Hebrews
</name>
<chapters>
  <item>
    <verses>
      <item>
        <text>
          God, who at various times and in various ways spoke in time past to the fathers by the prophets,
        </text>
        <num>
          1
        </num>
      </item>
      <item>
        <text>
          has in these last days spoken to us by His Son, whom He has appointed heir of all things, through whom also He made the worlds;
        </text>
        <num>
          2
        </num>
      </item>
      <item>
        <text>
          who being the brightness of His glory and the express image of His person, and upholding all things by the word of His power, when He had by Himself purged our sins, sat down at the right hand of the Majesty on high,
        </text>
        <num>
          3
        </num>
      </item>
      <item>
        <text>
          having become so much better than the angels, as He has by inheritance obtained a more excellent name than they.
        </text>
        <num>
          4
        </num>
      </item>
      <item>
        <text>
          For to which of the angels did He ever say: "You are My Son, Today I have begotten You"? And again: "I will be to Him a Father, And He shall be to Me a Son"?
        </text>
        <num>
          5
        </num>
      </item>
      <item>
        <text>
          But when He again brings the firstborn into the world, He says: "Let all the angels of God worship Him."
        </text>
        <num>
          6
        </num>
      </item>
      <item>
        <text>
          And of the angels He says: "Who makes His angels spirits And His ministers a flame of fire."
        </text>
        <num>
          7
        </num>
      </item>
      <item>
        <text>
          But to the Son He says: "Your throne, O God, is forever and ever; A scepter of righteousness is the scepter of Your kingdom.
        </text>
        <num>
          8
        </num>
      </item>
      <item>
        <text>
          You have loved righteousness and hated lawlessness; Therefore God, Your God, has anointed You With the oil of gladness more than Your companions."
        </text>
        <num>
          9
        </num>
      </item>
      <item>
        <text>
          And: "You, LORD, in the beginning laid the foundation of the earth, And the heavens are the work of Your hands.
        </text>
        <num>
          10
        </num>
      </item>
      <item>
        <text>
          They will perish, but You remain; And they will all grow old like a garment;
        </text>
        <num>
          11
        </num>
      </item>
      <item>
        <text>
          Like a cloak You will fold them up, And they will be changed. But You are the same, And Your years will not fail."
        </text>
        <num>
          12
        </num>
      </item>
      <item>
        <text>
          But to which of the angels has He ever said: "Sit at My right hand, Till I make Your enemies Your footstool"?
        </text>
        <num>
          13
        </num>
      </item>
      <item>
        <text>
          Are they not all ministering spirits sent forth to minister for those who will inherit salvation?
        </text>
        <num>
          14
        </num>
      </item>
    </verses>
    <num>
      1
    </num>
  </item>
  <item>
    <verses>
      <item>
        <text>
          Therefore we must give the more earnest heed to the things we have heard, lest we drift away.
        </text>
        <num>
          1
        </num>
      </item>
      <item>
        <text>
          For if the word spoken through angels proved steadfast, and every transgression and disobedience received a just reward,
        </text>
        <num>
          2
        </num>
      </item>
      <item>
        <text>
          how shall we escape if we neglect so great a salvation, which at the first began to be spoken by the Lord, and was confirmed to us by those who heard Him,
        </text>
        <num>
          3
        </num>
      </item>
      <item>
        <text>
          God also bearing witness both with signs and wonders, with various miracles, and gifts of the Holy Spirit, according to His own will?
        </text>
        <num>
          4
        </num>
      </item>
      <item>
        <text>
          For He has not put the world to come, of which we speak, in subjection to angels.
        </text>
        <num>
          5
        </num>
      </item>
      <item>
        <text>
          But one testified in a certain place, saying: "What is man that You are mindful of him, Or the son of man that You take care of him?
        </text>
        <num>
          6
        </num>
      </item>
      <item>
        <text>
          You have made him a little lower than the angels; You have crowned him with glory and honor, And set him over the works of Your hands.
        </text>
        <num>
          7
        </num>
      </item>
      <item>
        <text>
          You have put all things in subjection under his feet." For in that He put all in subjection under him, He left nothing that is not put under him. But now we do not yet see all things put under him.
        </text>
        <num>
          8
        </num>
      </item>
      <item>
        <text>
          But we see Jesus, who was made a little lower than the angels, for the suffering of death crowned with glory and honor, that He, by the grace of God, might taste death for everyone.
        </text>
        <num>
          9
        </num>
      </item>
      <item>
        <text>
          For it was fitting for Him, for whom are all things and by whom are all things, in bringing many sons to glory, to make the captain of their salvation perfect through sufferings.
        </text>
        <num>
          10
        </num>
      </item>
      <item>
        <text>
          For both He who sanctifies and those who are being sanctified are all of one, for which reason He is not ashamed to call them brethren,
        </text>
        <num>
          11
        </num>
      </item>
      <item>
        <text>
          saying: "I will declare Your name to My brethren; In the midst of the assembly I will sing praise to You."
        </text>
        <num>
          12
        </num>
      </item>
      <item>
        <text>
          And again: "I will put My trust in Him." And again: "Here am I and the children whom God has given Me."
        </text>
        <num>
          13
        </num>
      </item>
      <item>
        <text>
          Inasmuch then as the children have partaken of flesh and blood, He Himself likewise shared in the same, that through death He might destroy him who had the power of death, that is, the devil,
        </text>
        <num>
          14
        </num>
      </item>
      <item>
        <text>
          and release those who through fear of death were all their lifetime subject to bondage.
        </text>
        <num>
          15
        </num>
      </item>
      <item>
        <text>
          For indeed He does not give aid to angels, but He does give aid to the seed of Abraham.
        </text>
        <num>
          16
        </num>
      </item>
      <item>
        <text>
          Therefore, in all things He had to be made like His brethren, that He might be a merciful and faithful High Priest in things pertaining to God, to make propitiation for the sins of the people.
        </text>
        <num>
          17
        </num>
      </item>
      <item>
        <text>
          For in that He Himself has suffered, being tempted, He is able to aid those who are tempted.
        </text>
        <num>
          18
        </num>
      </item>
    </verses>
    <num>
      2
    </num>
  </item>
  <item>
    <verses>
      <item>
        <text>
          Therefore, holy brethren, partakers of the heavenly calling, consider the Apostle and High Priest of our confession, Christ Jesus,
        </text>
        <num>
          1
        </num>
      </item>
      <item>
        <text>
          who was faithful to Him who appointed Him, as Moses also was faithful in all His house.
        </text>
        <num>
          2
        </num>
      </item>
      <item>
        <text>
          For this One has been counted worthy of more glory than Moses, inasmuch as He who built the house has more honor than the house.
        </text>
        <num>
          3
        </num>
      </item>
      <item>
        <text>
          For every house is built by someone, but He who built all things is God.
        </text>
        <num>
          4
        </num>
      </item>
      <item>
        <text>
          And Moses indeed was faithful in all His house as a servant, for a testimony of those things which would be spoken afterward,
        </text>
        <num>
          5
        </num>
      </item>
      <item>
        <text>
          but Christ as a Son over His own house, whose house we are if we hold fast the confidence and the rejoicing of the hope firm to the end.
        </text>
        <num>
          6
        </num>
      </item>
      <item>
        <text>
          Therefore, as the Holy Spirit says: "Today, if you will hear His voice,
        </text>
        <num>
          7
        </num>
      </item>
      <item>
        <text>
          Do not harden your hearts as in the rebellion, In the day of trial in the wilderness,
        </text>
        <num>
          8
        </num>
      </item>
      <item>
        <text>
          Where your fathers tested Me, tried Me, And saw My works forty years.
        </text>
        <num>
          9
        </num>
      </item>
      <item>
        <text>
          Therefore I was angry with that generation, And said, "They always go astray in their heart, And they have not known My ways.'
        </text>
        <num>
          10
        </num>
      </item>
      <item>
        <text>
          So I swore in My wrath, "They shall not enter My rest."'
        </text>
        <num>
          11
        </num>
      </item>
      <item>
        <text>
          Beware, brethren, lest there be in any of you an evil heart of unbelief in departing from the living God;
        </text>
        <num>
          12
        </num>
      </item>
      <item>
        <text>
          but exhort one another daily, while it is called "Today," lest any of you be hardened through the deceitfulness of sin.
        </text>
        <num>
          13
        </num>
      </item>
      <item>
        <text>
          For we have become partakers of Christ if we hold the beginning of our confidence steadfast to the end,
        </text>
        <num>
          14
        </num>
      </item>
      <item>
        <text>
          while it is said: "Today, if you will hear His voice, Do not harden your hearts as in the rebellion."
        </text>
        <num>
          15
        </num>
      </item>
      <item>
        <text>
          For who, having heard, rebelled? Indeed, was it not all who came out of Egypt, led by Moses?
        </text>
        <num>
          16
        </num>
      </item>
      <item>
        <text>
          Now with whom was He angry forty years? Was it not with those who sinned, whose corpses fell in the wilderness?
        </text>
        <num>
          17
        </num>
      </item>
      <item>
        <text>
          And to whom did He swear that they would not enter His rest, but to those who did not obey?
        </text>
        <num>
          18
        </num>
      </item>
      <item>
        <text>
          So we see that they could not enter in because of unbelief.
        </text>
        <num>
          19
        </num>
      </item>
    </verses>
    <num>
      3
    </num>
  </item>
  <item>
    <verses>
      <item>
        <text>
          Therefore, since a promise remains of entering His rest, let us fear lest any of you seem to have come short of it.
        </text>
        <num>
          1
        </num>
      </item>
      <item>
        <text>
          For indeed the gospel was preached to us as well as to them; but the word which they heard did not profit them, not being mixed with faith in those who heard it.
        </text>
        <num>
          2
        </num>
      </item>
      <item>
        <text>
          For we who have believed do enter that rest, as He has said: "So I swore in My wrath, "They shall not enter My rest,"' although the works were finished from the foundation of the world.
        </text>
        <num>
          3
        </num>
      </item>
      <item>
        <text>
          For He has spoken in a certain place of the seventh day in this way: "And God rested on the seventh day from all His works";
        </text>
        <num>
          4
        </num>
      </item>
      <item>
        <text>
          and again in this place: "They shall not enter My rest."
        </text>
        <num>
          5
        </num>
      </item>
      <item>
        <text>
          Since therefore it remains that some must enter it, and those to whom it was first preached did not enter because of disobedience,
        </text>
        <num>
          6
        </num>
      </item>
      <item>
        <text>
          again He designates a certain day, saying in David, "Today," after such a long time, as it has been said: "Today, if you will hear His voice, Do not harden your hearts."
        </text>
        <num>
          7
        </num>
      </item>
      <item>
        <text>
          For if Joshua had given them rest, then He would not afterward have spoken of another day.
        </text>
        <num>
          8
        </num>
      </item>
      <item>
        <text>
          There remains therefore a rest for the people of God.
        </text>
        <num>
          9
        </num>
      </item>
      <item>
        <text>
          For he who has entered His rest has himself also ceased from his works as God did from His.
        </text>
        <num>
          10
        </num>
      </item>
      <item>
        <text>
          Let us therefore be diligent to enter that rest, lest anyone fall according to the same example of disobedience.
        </text>
        <num>
          11
        </num>
      </item>
      <item>
        <text>
          For the word of God is living and powerful, and sharper than any two-edged sword, piercing even to the division of soul and spirit, and of joints and marrow, and is a discerner of the thoughts and intents of the heart.
        </text>
        <num>
          12
        </num>
      </item>
      <item>
        <text>
          And there is no creature hidden from His sight, but all things are naked and open to the eyes of Him to whom we must give account.
        </text>
        <num>
          13
        </num>
      </item>
      <item>
        <text>
          Seeing then that we have a great High Priest who has passed through the heavens, Jesus the Son of God, let us hold fast our confession.
        </text>
        <num>
          14
        </num>
      </item>
      <item>
        <text>
          For we do not have a High Priest who cannot sympathize with our weaknesses, but was in all points tempted as we are, yet without sin.
        </text>
        <num>
          15
        </num>
      </item>
      <item>
        <text>
          Let us therefore come boldly to the throne of grace, that we may obtain mercy and find grace to help in time of need.
        </text>
        <num>
          16
        </num>
      </item>
    </verses>
    <num>
      4
    </num>
  </item>
  <item>
    <verses>
      <item>
        <text>
          For every high priest taken from among men is appointed for men in things pertaining to God, that he may offer both gifts and sacrifices for sins.
        </text>
        <num>
          1
        </num>
      </item>
      <item>
        <text>
          He can have compassion on those who are ignorant and going astray, since he himself is also subject to weakness.
        </text>
        <num>
          2
        </num>
      </item>
      <item>
        <text>
          Because of this he is required as for the people, so also for himself, to offer sacrifices for sins.
        </text>
        <num>
          3
        </num>
      </item>
      <item>
        <text>
          And no man takes this honor to himself, but he who is called by God, just as Aaron was.
        </text>
        <num>
          4
        </num>
      </item>
      <item>
        <text>
          So also Christ did not glorify Himself to become High Priest, but it was He who said to Him: "You are My Son, Today I have begotten You."
        </text>
        <num>
          5
        </num>
      </item>
      <item>
        <text>
          As He also says in another place: "You are a priest forever According to the order of Melchizedek";
        </text>
        <num>
          6
        </num>
      </item>
      <item>
        <text>
          who, in the days of His flesh, when He had offered up prayers and supplications, with vehement cries and tears to Him who was able to save Him from death, and was heard because of His godly fear,
        </text>
        <num>
          7
        </num>
      </item>
      <item>
        <text>
          though He was a Son, yet He learned obedience by the things which He suffered.
        </text>
        <num>
          8
        </num>
      </item>
      <item>
        <text>
          And having been perfected, He became the author of eternal salvation to all who obey Him,
        </text>
        <num>
          9
        </num>
      </item>
      <item>
        <text>
          called by God as High Priest "according to the order of Melchizedek,"
        </text>
        <num>
          10
        </num>
      </item>
      <item>
        <text>
          of whom we have much to say, and hard to explain, since you have become dull of hearing.
        </text>
        <num>
          11
        </num>
      </item>
      <item>
        <text>
          For though by this time you ought to be teachers, you need someone to teach you again the first principles of the oracles of God; and you have come to need milk and not solid food.
        </text>
        <num>
          12
        </num>
      </item>
      <item>
        <text>
          For everyone who partakes only of milk is unskilled in the word of righteousness, for he is a babe.
        </text>
        <num>
          13
        </num>
      </item>
      <item>
        <text>
          But solid food belongs to those who are of full age, that is, those who by reason of use have their senses exercised to discern both good and evil.
        </text>
        <num>
          14
        </num>
      </item>
    </verses>
    <num>
      5
    </num>
  </item>
  <item>
    <verses>
      <item>
        <text>
          Therefore, leaving the discussion of the elementary principles of Christ, let us go on to perfection, not laying again the foundation of repentance from dead works and of faith toward God,
        </text>
        <num>
          1
        </num>
      </item>
      <item>
        <text>
          of the doctrine of baptisms, of laying on of hands, of resurrection of the dead, and of eternal judgment.
        </text>
        <num>
          2
        </num>
      </item>
      <item>
        <text>
          And this we will do if God permits.
        </text>
        <num>
          3
        </num>
      </item>
      <item>
        <text>
          For it is impossible for those who were once enlightened, and have tasted the heavenly gift, and have become partakers of the Holy Spirit,
        </text>
        <num>
          4
        </num>
      </item>
      <item>
        <text>
          and have tasted the good word of God and the powers of the age to come,
        </text>
        <num>
          5
        </num>
      </item>
      <item>
        <text>
          if they fall away, to renew them again to repentance, since they crucify again for themselves the Son of God, and put Him to an open shame.
        </text>
        <num>
          6
        </num>
      </item>
      <item>
        <text>
          For the earth which drinks in the rain that often comes upon it, and bears herbs useful for those by whom it is cultivated, receives blessing from God;
        </text>
        <num>
          7
        </num>
      </item>
      <item>
        <text>
          but if it bears thorns and briers, it is rejected and near to being cursed, whose end is to be burned.
        </text>
        <num>
          8
        </num>
      </item>
      <item>
        <text>
          But, beloved, we are confident of better things concerning you, yes, things that accompany salvation, though we speak in this manner.
        </text>
        <num>
          9
        </num>
      </item>
      <item>
        <text>
          For God is not unjust to forget your work and labor of love which you have shown toward His name, in that you have ministered to the saints, and do minister.
        </text>
        <num>
          10
        </num>
      </item>
      <item>
        <text>
          And we desire that each one of you show the same diligence to the full assurance of hope until the end,
        </text>
        <num>
          11
        </num>
      </item>
      <item>
        <text>
          that you do not become sluggish, but imitate those who through faith and patience inherit the promises.
        </text>
        <num>
          12
        </num>
      </item>
      <item>
        <text>
          For when God made a promise to Abraham, because He could swear by no one greater, He swore by Himself,
        </text>
        <num>
          13
        </num>
      </item>
      <item>
        <text>
          saying, "Surely blessing I will bless you, and multiplying I will multiply you."
        </text>
        <num>
          14
        </num>
      </item>
      <item>
        <text>
          And so, after he had patiently endured, he obtained the promise.
        </text>
        <num>
          15
        </num>
      </item>
      <item>
        <text>
          For men indeed swear by the greater, and an oath for confirmation is for them an end of all dispute.
        </text>
        <num>
          16
        </num>
      </item>
      <item>
        <text>
          Thus God, determining to show more abundantly to the heirs of promise the immutability of His counsel, confirmed it by an oath,
        </text>
        <num>
          17
        </num>
      </item>
      <item>
        <text>
          that by two immutable things, in which it is impossible for God to lie, we might have strong consolation, who have fled for refuge to lay hold of the hope set before us.
        </text>
        <num>
          18
        </num>
      </item>
      <item>
        <text>
          This hope we have as an anchor of the soul, both sure and steadfast, and which enters the Presence behind the veil,
        </text>
        <num>
          19
        </num>
      </item>
      <item>
        <text>
          where the forerunner has entered for us, even Jesus, having become High Priest forever according to the order of Melchizedek.
        </text>
        <num>
          20
        </num>
      </item>
    </verses>
    <num>
      6
    </num>
  </item>
  <item>
    <verses>
      <item>
        <text>
          For this Melchizedek, king of Salem, priest of the Most High God, who met Abraham returning from the slaughter of the kings and blessed him,
        </text>
        <num>
          1
        </num>
      </item>
      <item>
        <text>
          to whom also Abraham gave a tenth part of all, first being translated "king of righteousness," and then also king of Salem, meaning "king of peace,"
        </text>
        <num>
          2
        </num>
      </item>
      <item>
        <text>
          without father, without mother, without genealogy, having neither beginning of days nor end of life, but made like the Son of God, remains a priest continually.
        </text>
        <num>
          3
        </num>
      </item>
      <item>
        <text>
          Now consider how great this man was, to whom even the patriarch Abraham gave a tenth of the spoils.
        </text>
        <num>
          4
        </num>
      </item>
      <item>
        <text>
          And indeed those who are of the sons of Levi, who receive the priesthood, have a commandment to receive tithes from the people according to the law, that is, from their brethren, though they have come from the loins of Abraham;
        </text>
        <num>
          5
        </num>
      </item>
      <item>
        <text>
          but he whose genealogy is not derived from them received tithes from Abraham and blessed him who had the promises.
        </text>
        <num>
          6
        </num>
      </item>
      <item>
        <text>
          Now beyond all contradiction the lesser is blessed by the better.
        </text>
        <num>
          7
        </num>
      </item>
      <item>
        <text>
          Here mortal men receive tithes, but there he receives them, of whom it is witnessed that he lives.
        </text>
        <num>
          8
        </num>
      </item>
      <item>
        <text>
          Even Levi, who receives tithes, paid tithes through Abraham, so to speak,
        </text>
        <num>
          9
        </num>
      </item>
      <item>
        <text>
          for he was still in the loins of his father when Melchizedek met him.
        </text>
        <num>
          10
        </num>
      </item>
      <item>
        <text>
          Therefore, if perfection were through the Levitical priesthood (for under it the people received the law), what further need was there that another priest should rise according to the order of Melchizedek, and not be called according to the order of Aaron?
        </text>
        <num>
          11
        </num>
      </item>
      <item>
        <text>
          For the priesthood being changed, of necessity there is also a change of the law.
        </text>
        <num>
          12
        </num>
      </item>
      <item>
        <text>
          For He of whom these things are spoken belongs to another tribe, from which no man has officiated at the altar.
        </text>
        <num>
          13
        </num>
      </item>
      <item>
        <text>
          For it is evident that our Lord arose from Judah, of which tribe Moses spoke nothing concerning priesthood.
        </text>
        <num>
          14
        </num>
      </item>
      <item>
        <text>
          And it is yet far more evident if, in the likeness of Melchizedek, there arises another priest
        </text>
        <num>
          15
        </num>
      </item>
      <item>
        <text>
          who has come, not according to the law of a fleshly commandment, but according to the power of an endless life.
        </text>
        <num>
          16
        </num>
      </item>
      <item>
        <text>
          For He testifies: "You are a priest forever According to the order of Melchizedek."
        </text>
        <num>
          17
        </num>
      </item>
      <item>
        <text>
          For on the one hand there is an annulling of the former commandment because of its weakness and unprofitableness,
        </text>
        <num>
          18
        </num>
      </item>
      <item>
        <text>
          for the law made nothing perfect; on the other hand, there is the bringing in of a better hope, through which we draw near to God.
        </text>
        <num>
          19
        </num>
      </item>
      <item>
        <text>
          And inasmuch as He was not made priest without an oath
        </text>
        <num>
          20
        </num>
      </item>
      <item>
        <text>
          (for they have become priests without an oath, but He with an oath by Him who said to Him: "The LORD has sworn And will not relent, "You are a priest forever According to the order of Melchizedek"'),
        </text>
        <num>
          21
        </num>
      </item>
      <item>
        <text>
          by so much more Jesus has become a surety of a better covenant.
        </text>
        <num>
          22
        </num>
      </item>
      <item>
        <text>
          Also there were many priests, because they were prevented by death from continuing.
        </text>
        <num>
          23
        </num>
      </item>
      <item>
        <text>
          But He, because He continues forever, has an unchangeable priesthood.
        </text>
        <num>
          24
        </num>
      </item>
      <item>
        <text>
          Therefore He is also able to save to the uttermost those who come to God through Him, since He always lives to make intercession for them.
        </text>
        <num>
          25
        </num>
      </item>
      <item>
        <text>
          For such a High Priest was fitting for us, who is holy, harmless, undefiled, separate from sinners, and has become higher than the heavens;
        </text>
        <num>
          26
        </num>
      </item>
      <item>
        <text>
          who does not need daily, as those high priests, to offer up sacrifices, first for His own sins and then for the people's, for this He did once for all when He offered up Himself.
        </text>
        <num>
          27
        </num>
      </item>
      <item>
        <text>
          For the law appoints as high priests men who have weakness, but the word of the oath, which came after the law, appoints the Son who has been perfected forever.
        </text>
        <num>
          28
        </num>
      </item>
    </verses>
    <num>
      7
    </num>
  </item>
  <item>
    <verses>
      <item>
        <text>
          Now this is the main point of the things we are saying: We have such a High Priest, who is seated at the right hand of the throne of the Majesty in the heavens,
        </text>
        <num>
          1
        </num>
      </item>
      <item>
        <text>
          a Minister of the sanctuary and of the true tabernacle which the Lord erected, and not man.
        </text>
        <num>
          2
        </num>
      </item>
      <item>
        <text>
          For every high priest is appointed to offer both gifts and sacrifices. Therefore it is necessary that this One also have something to offer.
        </text>
        <num>
          3
        </num>
      </item>
      <item>
        <text>
          For if He were on earth, He would not be a priest, since there are priests who offer the gifts according to the law;
        </text>
        <num>
          4
        </num>
      </item>
      <item>
        <text>
          who serve the copy and shadow of the heavenly things, as Moses was divinely instructed when he was about to make the tabernacle. For He said, "See that you make all things according to the pattern shown you on the mountain."
        </text>
        <num>
          5
        </num>
      </item>
      <item>
        <text>
          But now He has obtained a more excellent ministry, inasmuch as He is also Mediator of a better covenant, which was established on better promises.
        </text>
        <num>
          6
        </num>
      </item>
      <item>
        <text>
          For if that first covenant had been faultless, then no place would have been sought for a second.
        </text>
        <num>
          7
        </num>
      </item>
      <item>
        <text>
          Because finding fault with them, He says: "Behold, the days are coming, says the LORD, when I will make a new covenant with the house of Israel and with the house of Judah--
        </text>
        <num>
          8
        </num>
      </item>
      <item>
        <text>
          not according to the covenant that I made with their fathers in the day when I took them by the hand to lead them out of the land of Egypt; because they did not continue in My covenant, and I disregarded them, says the LORD.
        </text>
        <num>
          9
        </num>
      </item>
      <item>
        <text>
          For this is the covenant that I will make with the house of Israel after those days, says the LORD: I will put My laws in their mind and write them on their hearts; and I will be their God, and they shall be My people.
        </text>
        <num>
          10
        </num>
      </item>
      <item>
        <text>
          None of them shall teach his neighbor, and none his brother, saying, "Know the LORD,' for all shall know Me, from the least of them to the greatest of them.
        </text>
        <num>
          11
        </num>
      </item>
      <item>
        <text>
          For I will be merciful to their unrighteousness, and their sins and their lawless deeds I will remember no more."
        </text>
        <num>
          12
        </num>
      </item>
      <item>
        <text>
          In that He says, "A new covenant," He has made the first obsolete. Now what is becoming obsolete and growing old is ready to vanish away.
        </text>
        <num>
          13
        </num>
      </item>
    </verses>
    <num>
      8
    </num>
  </item>
  <item>
    <verses>
      <item>
        <text>
          Then indeed, even the first covenant had ordinances of divine service and the earthly sanctuary.
        </text>
        <num>
          1
        </num>
      </item>
      <item>
        <text>
          For a tabernacle was prepared: the first part, in which was the lampstand, the table, and the showbread, which is called the sanctuary;
        </text>
        <num>
          2
        </num>
      </item>
      <item>
        <text>
          and behind the second veil, the part of the tabernacle which is called the Holiest of All,
        </text>
        <num>
          3
        </num>
      </item>
      <item>
        <text>
          which had the golden censer and the ark of the covenant overlaid on all sides with gold, in which were the golden pot that had the manna, Aaron's rod that budded, and the tablets of the covenant;
        </text>
        <num>
          4
        </num>
      </item>
      <item>
        <text>
          and above it were the cherubim of glory overshadowing the mercy seat. Of these things we cannot now speak in detail.
        </text>
        <num>
          5
        </num>
      </item>
      <item>
        <text>
          Now when these things had been thus prepared, the priests always went into the first part of the tabernacle, performing the services.
        </text>
        <num>
          6
        </num>
      </item>
      <item>
        <text>
          But into the second part the high priest went alone once a year, not without blood, which he offered for himself and for the people's sins committed in ignorance;
        </text>
        <num>
          7
        </num>
      </item>
      <item>
        <text>
          the Holy Spirit indicating this, that the way into the Holiest of All was not yet made manifest while the first tabernacle was still standing.
        </text>
        <num>
          8
        </num>
      </item>
      <item>
        <text>
          It was symbolic for the present time in which both gifts and sacrifices are offered which cannot make him who performed the service perfect in regard to the conscience--
        </text>
        <num>
          9
        </num>
      </item>
      <item>
        <text>
          concerned only with foods and drinks, various washings, and fleshly ordinances imposed until the time of reformation.
        </text>
        <num>
          10
        </num>
      </item>
      <item>
        <text>
          But Christ came as High Priest of the good things to come, with the greater and more perfect tabernacle not made with hands, that is, not of this creation.
        </text>
        <num>
          11
        </num>
      </item>
      <item>
        <text>
          Not with the blood of goats and calves, but with His own blood He entered the Most Holy Place once for all, having obtained eternal redemption.
        </text>
        <num>
          12
        </num>
      </item>
      <item>
        <text>
          For if the blood of bulls and goats and the ashes of a heifer, sprinkling the unclean, sanctifies for the purifying of the flesh,
        </text>
        <num>
          13
        </num>
      </item>
      <item>
        <text>
          how much more shall the blood of Christ, who through the eternal Spirit offered Himself without spot to God, cleanse your conscience from dead works to serve the living God?
        </text>
        <num>
          14
        </num>
      </item>
      <item>
        <text>
          And for this reason He is the Mediator of the new covenant, by means of death, for the redemption of the transgressions under the first covenant, that those who are called may receive the promise of the eternal inheritance.
        </text>
        <num>
          15
        </num>
      </item>
      <item>
        <text>
          For where there is a testament, there must also of necessity be the death of the testator.
        </text>
        <num>
          16
        </num>
      </item>
      <item>
        <text>
          For a testament is in force after men are dead, since it has no power at all while the testator lives.
        </text>
        <num>
          17
        </num>
      </item>
      <item>
        <text>
          Therefore not even the first covenant was dedicated without blood.
        </text>
        <num>
          18
        </num>
      </item>
      <item>
        <text>
          For when Moses had spoken every precept to all the people according to the law, he took the blood of calves and goats, with water, scarlet wool, and hyssop, and sprinkled both the book itself and all the people,
        </text>
        <num>
          19
        </num>
      </item>
      <item>
        <text>
          saying, "This is the blood of the covenant which God has commanded you."
        </text>
        <num>
          20
        </num>
      </item>
      <item>
        <text>
          Then likewise he sprinkled with blood both the tabernacle and all the vessels of the ministry.
        </text>
        <num>
          21
        </num>
      </item>
      <item>
        <text>
          And according to the law almost all things are purified with blood, and without shedding of blood there is no remission.
        </text>
        <num>
          22
        </num>
      </item>
      <item>
        <text>
          Therefore it was necessary that the copies of the things in the heavens should be purified with these, but the heavenly things themselves with better sacrifices than these.
        </text>
        <num>
          23
        </num>
      </item>
      <item>
        <text>
          For Christ has not entered the holy places made with hands, which are copies of the true, but into heaven itself, now to appear in the presence of God for us;
        </text>
        <num>
          24
        </num>
      </item>
      <item>
        <text>
          not that He should offer Himself often, as the high priest enters the Most Holy Place every year with blood of another--
        </text>
        <num>
          25
        </num>
      </item>
      <item>
        <text>
          He then would have had to suffer often since the foundation of the world; but now, once at the end of the ages, He has appeared to put away sin by the sacrifice of Himself.
        </text>
        <num>
          26
        </num>
      </item>
      <item>
        <text>
          And as it is appointed for men to die once, but after this the judgment,
        </text>
        <num>
          27
        </num>
      </item>
      <item>
        <text>
          so Christ was offered once to bear the sins of many. To those who eagerly wait for Him He will appear a second time, apart from sin, for salvation.
        </text>
        <num>
          28
        </num>
      </item>
    </verses>
    <num>
      9
    </num>
  </item>
  <item>
    <verses>
      <item>
        <text>
          For the law, having a shadow of the good things to come, and not the very image of the things, can never with these same sacrifices, which they offer continually year by year, make those who approach perfect.
        </text>
        <num>
          1
        </num>
      </item>
      <item>
        <text>
          For then would they not have ceased to be offered? For the worshipers, once purified, would have had no more consciousness of sins.
        </text>
        <num>
          2
        </num>
      </item>
      <item>
        <text>
          But in those sacrifices there is a reminder of sins every year.
        </text>
        <num>
          3
        </num>
      </item>
      <item>
        <text>
          For it is not possible that the blood of bulls and goats could take away sins.
        </text>
        <num>
          4
        </num>
      </item>
      <item>
        <text>
          Therefore, when He came into the world, He said: "Sacrifice and offering You did not desire, But a body You have prepared for Me.
        </text>
        <num>
          5
        </num>
      </item>
      <item>
        <text>
          In burnt offerings and sacrifices for sin You had no pleasure.
        </text>
        <num>
          6
        </num>
      </item>
      <item>
        <text>
          Then I said, "Behold, I have come-- In the volume of the book it is written of Me-- To do Your will, O God."'
        </text>
        <num>
          7
        </num>
      </item>
      <item>
        <text>
          Previously saying, "Sacrifice and offering, burnt offerings, and offerings for sin You did not desire, nor had pleasure in them" (which are offered according to the law),
        </text>
        <num>
          8
        </num>
      </item>
      <item>
        <text>
          then He said, "Behold, I have come to do Your will, O God." He takes away the first that He may establish the second.
        </text>
        <num>
          9
        </num>
      </item>
      <item>
        <text>
          By that will we have been sanctified through the offering of the body of Jesus Christ once for all.
        </text>
        <num>
          10
        </num>
      </item>
      <item>
        <text>
          And every priest stands ministering daily and offering repeatedly the same sacrifices, which can never take away sins.
        </text>
        <num>
          11
        </num>
      </item>
      <item>
        <text>
          But this Man, after He had offered one sacrifice for sins forever, sat down at the right hand of God,
        </text>
        <num>
          12
        </num>
      </item>
      <item>
        <text>
          from that time waiting till His enemies are made His footstool.
        </text>
        <num>
          13
        </num>
      </item>
      <item>
        <text>
          For by one offering He has perfected forever those who are being sanctified.
        </text>
        <num>
          14
        </num>
      </item>
      <item>
        <text>
          But the Holy Spirit also witnesses to us; for after He had said before,
        </text>
        <num>
          15
        </num>
      </item>
      <item>
        <text>
          "This is the covenant that I will make with them after those days, says the LORD: I will put My laws into their hearts, and in their minds I will write them,"
        </text>
        <num>
          16
        </num>
      </item>
      <item>
        <text>
          then He adds, "Their sins and their lawless deeds I will remember no more."
        </text>
        <num>
          17
        </num>
      </item>
      <item>
        <text>
          Now where there is remission of these, there is no longer an offering for sin.
        </text>
        <num>
          18
        </num>
      </item>
      <item>
        <text>
          Therefore, brethren, having boldness to enter the Holiest by the blood of Jesus,
        </text>
        <num>
          19
        </num>
      </item>
      <item>
        <text>
          by a new and living way which He consecrated for us, through the veil, that is, His flesh,
        </text>
        <num>
          20
        </num>
      </item>
      <item>
        <text>
          and having a High Priest over the house of God,
        </text>
        <num>
          21
        </num>
      </item>
      <item>
        <text>
          let us draw near with a true heart in full assurance of faith, having our hearts sprinkled from an evil conscience and our bodies washed with pure water.
        </text>
        <num>
          22
        </num>
      </item>
      <item>
        <text>
          Let us hold fast the confession of our hope without wavering, for He who promised is faithful.
        </text>
        <num>
          23
        </num>
      </item>
      <item>
        <text>
          And let us consider one another in order to stir up love and good works,
        </text>
        <num>
          24
        </num>
      </item>
      <item>
        <text>
          not forsaking the assembling of ourselves together, as is the manner of some, but exhorting one another, and so much the more as you see the Day approaching.
        </text>
        <num>
          25
        </num>
      </item>
      <item>
        <text>
          For if we sin willfully after we have received the knowledge of the truth, there no longer remains a sacrifice for sins,
        </text>
        <num>
          26
        </num>
      </item>
      <item>
        <text>
          but a certain fearful expectation of judgment, and fiery indignation which will devour the adversaries.
        </text>
        <num>
          27
        </num>
      </item>
      <item>
        <text>
          Anyone who has rejected Moses' law dies without mercy on the testimony of two or three witnesses.
        </text>
        <num>
          28
        </num>
      </item>
      <item>
        <text>
          Of how much worse punishment, do you suppose, will he be thought worthy who has trampled the Son of God underfoot, counted the blood of the covenant by which he was sanctified a common thing, and insulted the Spirit of grace?
        </text>
        <num>
          29
        </num>
      </item>
      <item>
        <text>
          For we know Him who said, "Vengeance is Mine, I will repay," says the Lord. And again, "The LORD will judge His people."
        </text>
        <num>
          30
        </num>
      </item>
      <item>
        <text>
          It is a fearful thing to fall into the hands of the living God.
        </text>
        <num>
          31
        </num>
      </item>
      <item>
        <text>
          But recall the former days in which, after you were illuminated, you endured a great struggle with sufferings:
        </text>
        <num>
          32
        </num>
      </item>
      <item>
        <text>
          partly while you were made a spectacle both by reproaches and tribulations, and partly while you became companions of those who were so treated;
        </text>
        <num>
          33
        </num>
      </item>
      <item>
        <text>
          for you had compassion on me in my chains, and joyfully accepted the plundering of your goods, knowing that you have a better and an enduring possession for yourselves in heaven.
        </text>
        <num>
          34
        </num>
      </item>
      <item>
        <text>
          Therefore do not cast away your confidence, which has great reward.
        </text>
        <num>
          35
        </num>
      </item>
      <item>
        <text>
          For you have need of endurance, so that after you have done the will of God, you may receive the promise:
        </text>
        <num>
          36
        </num>
      </item>
      <item>
        <text>
          "For yet a little while, And He who is coming will come and will not tarry.
        </text>
        <num>
          37
        </num>
      </item>
      <item>
        <text>
          Now the just shall live by faith; But if anyone draws back, My soul has no pleasure in him."
        </text>
        <num>
          38
        </num>
      </item>
      <item>
        <text>
          But we are not of those who draw back to perdition, but of those who believe to the saving of the soul.
        </text>
        <num>
          39
        </num>
      </item>
    </verses>
    <num>
      10
    </num>
  </item>
  <item>
    <verses>
      <item>
        <text>
          Now faith is the substance of things hoped for, the evidence of things not seen.
        </text>
        <num>
          1
        </num>
      </item>
      <item>
        <text>
          For by it the elders obtained a good testimony.
        </text>
        <num>
          2
        </num>
      </item>
      <item>
        <text>
          By faith we understand that the worlds were framed by the word of God, so that the things which are seen were not made of things which are visible.
        </text>
        <num>
          3
        </num>
      </item>
      <item>
        <text>
          By faith Abel offered to God a more excellent sacrifice than Cain, through which he obtained witness that he was righteous, God testifying of his gifts; and through it he being dead still speaks.
        </text>
        <num>
          4
        </num>
      </item>
      <item>
        <text>
          By faith Enoch was taken away so that he did not see death, "and was not found, because God had taken him"; for before he was taken he had this testimony, that he pleased God.
        </text>
        <num>
          5
        </num>
      </item>
      <item>
        <text>
          But without faith it is impossible to please Him, for he who comes to God must believe that He is, and that He is a rewarder of those who diligently seek Him.
        </text>
        <num>
          6
        </num>
      </item>
      <item>
        <text>
          By faith Noah, being divinely warned of things not yet seen, moved with godly fear, prepared an ark for the saving of his household, by which he condemned the world and became heir of the righteousness which is according to faith.
        </text>
        <num>
          7
        </num>
      </item>
      <item>
        <text>
          By faith Abraham obeyed when he was called to go out to the place which he would receive as an inheritance. And he went out, not knowing where he was going.
        </text>
        <num>
          8
        </num>
      </item>
      <item>
        <text>
          By faith he dwelt in the land of promise as in a foreign country, dwelling in tents with Isaac and Jacob, the heirs with him of the same promise;
        </text>
        <num>
          9
        </num>
      </item>
      <item>
        <text>
          for he waited for the city which has foundations, whose builder and maker is God.
        </text>
        <num>
          10
        </num>
      </item>
      <item>
        <text>
          By faith Sarah herself also received strength to conceive seed, and she bore a child when she was past the age, because she judged Him faithful who had promised.
        </text>
        <num>
          11
        </num>
      </item>
      <item>
        <text>
          Therefore from one man, and him as good as dead, were born as many as the stars of the sky in multitude--innumerable as the sand which is by the seashore.
        </text>
        <num>
          12
        </num>
      </item>
      <item>
        <text>
          These all died in faith, not having received the promises, but having seen them afar off were assured of them, embraced them and confessed that they were strangers and pilgrims on the earth.
        </text>
        <num>
          13
        </num>
      </item>
      <item>
        <text>
          For those who say such things declare plainly that they seek a homeland.
        </text>
        <num>
          14
        </num>
      </item>
      <item>
        <text>
          And truly if they had called to mind that country from which they had come out, they would have had opportunity to return.
        </text>
        <num>
          15
        </num>
      </item>
      <item>
        <text>
          But now they desire a better, that is, a heavenly country. Therefore God is not ashamed to be called their God, for He has prepared a city for them.
        </text>
        <num>
          16
        </num>
      </item>
      <item>
        <text>
          By faith Abraham, when he was tested, offered up Isaac, and he who had received the promises offered up his only begotten son,
        </text>
        <num>
          17
        </num>
      </item>
      <item>
        <text>
          of whom it was said, "In Isaac your seed shall be called,"
        </text>
        <num>
          18
        </num>
      </item>
      <item>
        <text>
          concluding that God was able to raise him up, even from the dead, from which he also received him in a figurative sense.
        </text>
        <num>
          19
        </num>
      </item>
      <item>
        <text>
          By faith Isaac blessed Jacob and Esau concerning things to come.
        </text>
        <num>
          20
        </num>
      </item>
      <item>
        <text>
          By faith Jacob, when he was dying, blessed each of the sons of Joseph, and worshiped, leaning on the top of his staff.
        </text>
        <num>
          21
        </num>
      </item>
      <item>
        <text>
          By faith Joseph, when he was dying, made mention of the departure of the children of Israel, and gave instructions concerning his bones.
        </text>
        <num>
          22
        </num>
      </item>
      <item>
        <text>
          By faith Moses, when he was born, was hidden three months by his parents, because they saw he was a beautiful child; and they were not afraid of the king's command.
        </text>
        <num>
          23
        </num>
      </item>
      <item>
        <text>
          By faith Moses, when he became of age, refused to be called the son of Pharaoh's daughter,
        </text>
        <num>
          24
        </num>
      </item>
      <item>
        <text>
          choosing rather to suffer affliction with the people of God than to enjoy the passing pleasures of sin,
        </text>
        <num>
          25
        </num>
      </item>
      <item>
        <text>
          esteeming the reproach of Christ greater riches than the treasures in Egypt; for he looked to the reward.
        </text>
        <num>
          26
        </num>
      </item>
      <item>
        <text>
          By faith he forsook Egypt, not fearing the wrath of the king; for he endured as seeing Him who is invisible.
        </text>
        <num>
          27
        </num>
      </item>
      <item>
        <text>
          By faith he kept the Passover and the sprinkling of blood, lest he who destroyed the firstborn should touch them.
        </text>
        <num>
          28
        </num>
      </item>
      <item>
        <text>
          By faith they passed through the Red Sea as by dry land, whereas the Egyptians, attempting to do so, were drowned.
        </text>
        <num>
          29
        </num>
      </item>
      <item>
        <text>
          By faith the walls of Jericho fell down after they were encircled for seven days.
        </text>
        <num>
          30
        </num>
      </item>
      <item>
        <text>
          By faith the harlot Rahab did not perish with those who did not believe, when she had received the spies with peace.
        </text>
        <num>
          31
        </num>
      </item>
      <item>
        <text>
          And what more shall I say? For the time would fail me to tell of Gideon and Barak and Samson and Jephthah, also of David and Samuel and the prophets:
        </text>
        <num>
          32
        </num>
      </item>
      <item>
        <text>
          who through faith subdued kingdoms, worked righteousness, obtained promises, stopped the mouths of lions,
        </text>
        <num>
          33
        </num>
      </item>
      <item>
        <text>
          quenched the violence of fire, escaped the edge of the sword, out of weakness were made strong, became valiant in battle, turned to flight the armies of the aliens.
        </text>
        <num>
          34
        </num>
      </item>
      <item>
        <text>
          Women received their dead raised to life again. Others were tortured, not accepting deliverance, that they might obtain a better resurrection.
        </text>
        <num>
          35
        </num>
      </item>
      <item>
        <text>
          Still others had trial of mockings and scourgings, yes, and of chains and imprisonment.
        </text>
        <num>
          36
        </num>
      </item>
      <item>
        <text>
          They were stoned, they were sawn in two, were tempted, were slain with the sword. They wandered about in sheepskins and goatskins, being destitute, afflicted, tormented--
        </text>
        <num>
          37
        </num>
      </item>
      <item>
        <text>
          of whom the world was not worthy. They wandered in deserts and mountains, in dens and caves of the earth.
        </text>
        <num>
          38
        </num>
      </item>
      <item>
        <text>
          And all these, having obtained a good testimony through faith, did not receive the promise,
        </text>
        <num>
          39
        </num>
      </item>
      <item>
        <text>
          God having provided something better for us, that they should not be made perfect apart from us.
        </text>
        <num>
          40
        </num>
      </item>
    </verses>
    <num>
      11
    </num>
  </item>
  <item>
    <verses>
      <item>
        <text>
          Therefore we also, since we are surrounded by so great a cloud of witnesses, let us lay aside every weight, and the sin which so easily ensnares us, and let us run with endurance the race that is set before us,
        </text>
        <num>
          1
        </num>
      </item>
      <item>
        <text>
          looking unto Jesus, the author and finisher of our faith, who for the joy that was set before Him endured the cross, despising the shame, and has sat down at the right hand of the throne of God.
        </text>
        <num>
          2
        </num>
      </item>
      <item>
        <text>
          For consider Him who endured such hostility from sinners against Himself, lest you become weary and discouraged in your souls.
        </text>
        <num>
          3
        </num>
      </item>
      <item>
        <text>
          You have not yet resisted to bloodshed, striving against sin.
        </text>
        <num>
          4
        </num>
      </item>
      <item>
        <text>
          And you have forgotten the exhortation which speaks to you as to sons: "My son, do not despise the chastening of the LORD, Nor be discouraged when you are rebuked by Him;
        </text>
        <num>
          5
        </num>
      </item>
      <item>
        <text>
          For whom the LORD loves He chastens, And scourges every son whom He receives."
        </text>
        <num>
          6
        </num>
      </item>
      <item>
        <text>
          If you endure chastening, God deals with you as with sons; for what son is there whom a father does not chasten?
        </text>
        <num>
          7
        </num>
      </item>
      <item>
        <text>
          But if you are without chastening, of which all have become partakers, then you are illegitimate and not sons.
        </text>
        <num>
          8
        </num>
      </item>
      <item>
        <text>
          Furthermore, we have had human fathers who corrected us, and we paid them respect. Shall we not much more readily be in subjection to the Father of spirits and live?
        </text>
        <num>
          9
        </num>
      </item>
      <item>
        <text>
          For they indeed for a few days chastened us as seemed best to them, but He for our profit, that we may be partakers of His holiness.
        </text>
        <num>
          10
        </num>
      </item>
      <item>
        <text>
          Now no chastening seems to be joyful for the present, but painful; nevertheless, afterward it yields the peaceable fruit of righteousness to those who have been trained by it.
        </text>
        <num>
          11
        </num>
      </item>
      <item>
        <text>
          Therefore strengthen the hands which hang down, and the feeble knees,
        </text>
        <num>
          12
        </num>
      </item>
      <item>
        <text>
          and make straight paths for your feet, so that what is lame may not be dislocated, but rather be healed.
        </text>
        <num>
          13
        </num>
      </item>
      <item>
        <text>
          Pursue peace with all people, and holiness, without which no one will see the Lord:
        </text>
        <num>
          14
        </num>
      </item>
      <item>
        <text>
          looking carefully lest anyone fall short of the grace of God; lest any root of bitterness springing up cause trouble, and by this many become defiled;
        </text>
        <num>
          15
        </num>
      </item>
      <item>
        <text>
          lest there be any fornicator or profane person like Esau, who for one morsel of food sold his birthright.
        </text>
        <num>
          16
        </num>
      </item>
      <item>
        <text>
          For you know that afterward, when he wanted to inherit the blessing, he was rejected, for he found no place for repentance, though he sought it diligently with tears.
        </text>
        <num>
          17
        </num>
      </item>
      <item>
        <text>
          For you have not come to the mountain that may be touched and that burned with fire, and to blackness and darkness and tempest,
        </text>
        <num>
          18
        </num>
      </item>
      <item>
        <text>
          and the sound of a trumpet and the voice of words, so that those who heard it begged that the word should not be spoken to them anymore.
        </text>
        <num>
          19
        </num>
      </item>
      <item>
        <text>
          (For they could not endure what was commanded: "And if so much as a beast touches the mountain, it shall be stoned or shot with an arrow."
        </text>
        <num>
          20
        </num>
      </item>
      <item>
        <text>
          And so terrifying was the sight that Moses said, "I am exceedingly afraid and trembling.")
        </text>
        <num>
          21
        </num>
      </item>
      <item>
        <text>
          But you have come to Mount Zion and to the city of the living God, the heavenly Jerusalem, to an innumerable company of angels,
        </text>
        <num>
          22
        </num>
      </item>
      <item>
        <text>
          to the general assembly and church of the firstborn who are registered in heaven, to God the Judge of all, to the spirits of just men made perfect,
        </text>
        <num>
          23
        </num>
      </item>
      <item>
        <text>
          to Jesus the Mediator of the new covenant, and to the blood of sprinkling that speaks better things than that of Abel.
        </text>
        <num>
          24
        </num>
      </item>
      <item>
        <text>
          See that you do not refuse Him who speaks. For if they did not escape who refused Him who spoke on earth, much more shall we not escape if we turn away from Him who speaks from heaven,
        </text>
        <num>
          25
        </num>
      </item>
      <item>
        <text>
          whose voice then shook the earth; but now He has promised, saying, "Yet once more I shake not only the earth, but also heaven."
        </text>
        <num>
          26
        </num>
      </item>
      <item>
        <text>
          Now this, "Yet once more," indicates the removal of those things that are being shaken, as of things that are made, that the things which cannot be shaken may remain.
        </text>
        <num>
          27
        </num>
      </item>
      <item>
        <text>
          Therefore, since we are receiving a kingdom which cannot be shaken, let us have grace, by which we may serve God acceptably with reverence and godly fear.
        </text>
        <num>
          28
        </num>
      </item>
      <item>
        <text>
          For our God is a consuming fire.
        </text>
        <num>
          29
        </num>
      </item>
    </verses>
    <num>
      12
    </num>
  </item>
  <item>
    <verses>
      <item>
        <text>
          Let brotherly love continue.
        </text>
        <num>
          1
        </num>
      </item>
      <item>
        <text>
          Do not forget to entertain strangers, for by so doing some have unwittingly entertained angels.
        </text>
        <num>
          2
        </num>
      </item>
      <item>
        <text>
          Remember the prisoners as if chained with them--those who are mistreated--since you yourselves are in the body also.
        </text>
        <num>
          3
        </num>
      </item>
      <item>
        <text>
          Marriage is honorable among all, and the bed undefiled; but fornicators and adulterers God will judge.
        </text>
        <num>
          4
        </num>
      </item>
      <item>
        <text>
          Let your conduct be without covetousness; be content with such things as you have. For He Himself has said, "I will never leave you nor forsake you."
        </text>
        <num>
          5
        </num>
      </item>
      <item>
        <text>
          So we may boldly say: "The LORD is my helper; I will not fear. What can man do to me?"
        </text>
        <num>
          6
        </num>
      </item>
      <item>
        <text>
          Remember those who rule over you, who have spoken the word of God to you, whose faith follow, considering the outcome of their conduct.
        </text>
        <num>
          7
        </num>
      </item>
      <item>
        <text>
          Jesus Christ is the same yesterday, today, and forever.
        </text>
        <num>
          8
        </num>
      </item>
      <item>
        <text>
          Do not be carried about with various and strange doctrines. For it is good that the heart be established by grace, not with foods which have not profited those who have been occupied with them.
        </text>
        <num>
          9
        </num>
      </item>
      <item>
        <text>
          We have an altar from which those who serve the tabernacle have no right to eat.
        </text>
        <num>
          10
        </num>
      </item>
      <item>
        <text>
          For the bodies of those animals, whose blood is brought into the sanctuary by the high priest for sin, are burned outside the camp.
        </text>
        <num>
          11
        </num>
      </item>
      <item>
        <text>
          Therefore Jesus also, that He might sanctify the people with His own blood, suffered outside the gate.
        </text>
        <num>
          12
        </num>
      </item>
      <item>
        <text>
          Therefore let us go forth to Him, outside the camp, bearing His reproach.
        </text>
        <num>
          13
        </num>
      </item>
      <item>
        <text>
          For here we have no continuing city, but we seek the one to come.
        </text>
        <num>
          14
        </num>
      </item>
      <item>
        <text>
          Therefore by Him let us continually offer the sacrifice of praise to God, that is, the fruit of our lips, giving thanks to His name.
        </text>
        <num>
          15
        </num>
      </item>
      <item>
        <text>
          But do not forget to do good and to share, for with such sacrifices God is well pleased.
        </text>
        <num>
          16
        </num>
      </item>
      <item>
        <text>
          Obey those who rule over you, and be submissive, for they watch out for your souls, as those who must give account. Let them do so with joy and not with grief, for that would be unprofitable for you.
        </text>
        <num>
          17
        </num>
      </item>
      <item>
        <text>
          Pray for us; for we are confident that we have a good conscience, in all things desiring to live honorably.
        </text>
        <num>
          18
        </num>
      </item>
      <item>
        <text>
          But I especially urge you to do this, that I may be restored to you the sooner.
        </text>
        <num>
          19
        </num>
      </item>
      <item>
        <text>
          Now may the God of peace who brought up our Lord Jesus from the dead, that great Shepherd of the sheep, through the blood of the everlasting covenant,
        </text>
        <num>
          20
        </num>
      </item>
      <item>
        <text>
          make you complete in every good work to do His will, working in you what is well pleasing in His sight, through Jesus Christ, to whom be glory forever and ever. Amen.
        </text>
        <num>
          21
        </num>
      </item>
      <item>
        <text>
          And I appeal to you, brethren, bear with the word of exhortation, for I have written to you in few words.
        </text>
        <num>
          22
        </num>
      </item>
      <item>
        <text>
          Know that our brother Timothy has been set free, with whom I shall see you if he comes shortly.
        </text>
        <num>
          23
        </num>
      </item>
      <item>
        <text>
          Greet all those who rule over you, and all the saints. Those from Italy greet you.
        </text>
        <num>
          24
        </num>
      </item>
      <item>
        <text>
          Grace be with you all. Amen.
        </text>
        <num>
          25
        </num>
      </item>
    </verses>
    <num>
      13
    </num>
  </item>
</chapters>
