<?xml version="1.0" encoding="UTF-8"?>
<name>
  Jonah
</name>
<chapters>
  <item>
    <verses>
      <item>
        <text>
          Now the word of the LORD came to Jonah the son of Amittai, saying,
        </text>
        <num>
          1
        </num>
      </item>
      <item>
        <text>
          "Arise, go to Nineveh, that great city, and cry out against it; for their wickedness has come up before Me."
        </text>
        <num>
          2
        </num>
      </item>
      <item>
        <text>
          But Jonah arose to flee to Tarshish from the presence of the LORD. He went down to Joppa, and found a ship going to Tarshish; so he paid the fare, and went down into it, to go with them to Tarshish from the presence of the LORD.
        </text>
        <num>
          3
        </num>
      </item>
      <item>
        <text>
          But the LORD sent out a great wind on the sea, and there was a mighty tempest on the sea, so that the ship was about to be broken up.
        </text>
        <num>
          4
        </num>
      </item>
      <item>
        <text>
          Then the mariners were afraid; and every man cried out to his god, and threw the cargo that was in the ship into the sea, to lighten the load. But Jonah had gone down into the lowest parts of the ship, had lain down, and was fast asleep.
        </text>
        <num>
          5
        </num>
      </item>
      <item>
        <text>
          So the captain came to him, and said to him, "What do you mean, sleeper? Arise, call on your God; perhaps your God will consider us, so that we may not perish."
        </text>
        <num>
          6
        </num>
      </item>
      <item>
        <text>
          And they said to one another, "Come, let us cast lots, that we may know for whose cause this trouble has come upon us." So they cast lots, and the lot fell on Jonah.
        </text>
        <num>
          7
        </num>
      </item>
      <item>
        <text>
          Then they said to him, "Please tell us! For whose cause is this trouble upon us? What is your occupation? And where do you come from? What is your country? And of what people are you?"
        </text>
        <num>
          8
        </num>
      </item>
      <item>
        <text>
          So he said to them, "I am a Hebrew; and I fear the LORD, the God of heaven, who made the sea and the dry land."
        </text>
        <num>
          9
        </num>
      </item>
      <item>
        <text>
          Then the men were exceedingly afraid, and said to him, "Why have you done this?" For the men knew that he fled from the presence of the LORD, because he had told them.
        </text>
        <num>
          10
        </num>
      </item>
      <item>
        <text>
          Then they said to him, "What shall we do to you that the sea may be calm for us?"--for the sea was growing more tempestuous.
        </text>
        <num>
          11
        </num>
      </item>
      <item>
        <text>
          And he said to them, "Pick me up and throw me into the sea; then the sea will become calm for you. For I know that this great tempest is because of me."
        </text>
        <num>
          12
        </num>
      </item>
      <item>
        <text>
          Nevertheless the men rowed hard to return to land, but they could not, for the sea continued to grow more tempestuous against them.
        </text>
        <num>
          13
        </num>
      </item>
      <item>
        <text>
          Therefore they cried out to the LORD and said, "We pray, O LORD, please do not let us perish for this man's life, and do not charge us with innocent blood; for You, O LORD, have done as it pleased You."
        </text>
        <num>
          14
        </num>
      </item>
      <item>
        <text>
          So they picked up Jonah and threw him into the sea, and the sea ceased from its raging.
        </text>
        <num>
          15
        </num>
      </item>
      <item>
        <text>
          Then the men feared the LORD exceedingly, and offered a sacrifice to the LORD and took vows.
        </text>
        <num>
          16
        </num>
      </item>
      <item>
        <text>
          Now the LORD had prepared a great fish to swallow Jonah. And Jonah was in the belly of the fish three days and three nights.
        </text>
        <num>
          17
        </num>
      </item>
    </verses>
    <num>
      1
    </num>
  </item>
  <item>
    <verses>
      <item>
        <text>
          Then Jonah prayed to the LORD his God from the fish's belly.
        </text>
        <num>
          1
        </num>
      </item>
      <item>
        <text>
          And he said: "I cried out to the LORD because of my affliction, And He answered me. "Out of the belly of Sheol I cried, And You heard my voice.
        </text>
        <num>
          2
        </num>
      </item>
      <item>
        <text>
          For You cast me into the deep, Into the heart of the seas, And the floods surrounded me; All Your billows and Your waves passed over me.
        </text>
        <num>
          3
        </num>
      </item>
      <item>
        <text>
          Then I said, "I have been cast out of Your sight; Yet I will look again toward Your holy temple.'
        </text>
        <num>
          4
        </num>
      </item>
      <item>
        <text>
          The waters surrounded me, even to my soul; The deep closed around me; Weeds were wrapped around my head.
        </text>
        <num>
          5
        </num>
      </item>
      <item>
        <text>
          I went down to the moorings of the mountains; The earth with its bars closed behind me forever; Yet You have brought up my life from the pit, O LORD, my God.
        </text>
        <num>
          6
        </num>
      </item>
      <item>
        <text>
          "When my soul fainted within me, I remembered the LORD; And my prayer went up to You, Into Your holy temple.
        </text>
        <num>
          7
        </num>
      </item>
      <item>
        <text>
          "Those who regard worthless idols Forsake their own Mercy.
        </text>
        <num>
          8
        </num>
      </item>
      <item>
        <text>
          But I will sacrifice to You With the voice of thanksgiving; I will pay what I have vowed. Salvation is of the LORD."
        </text>
        <num>
          9
        </num>
      </item>
      <item>
        <text>
          So the LORD spoke to the fish, and it vomited Jonah onto dry land.
        </text>
        <num>
          10
        </num>
      </item>
    </verses>
    <num>
      2
    </num>
  </item>
  <item>
    <verses>
      <item>
        <text>
          Now the word of the LORD came to Jonah the second time, saying,
        </text>
        <num>
          1
        </num>
      </item>
      <item>
        <text>
          "Arise, go to Nineveh, that great city, and preach to it the message that I tell you."
        </text>
        <num>
          2
        </num>
      </item>
      <item>
        <text>
          So Jonah arose and went to Nineveh, according to the word of the LORD. Now Nineveh was an exceedingly great city, a three-day journey in extent.
        </text>
        <num>
          3
        </num>
      </item>
      <item>
        <text>
          And Jonah began to enter the city on the first day's walk. Then he cried out and said, "Yet forty days, and Nineveh shall be overthrown!"
        </text>
        <num>
          4
        </num>
      </item>
      <item>
        <text>
          So the people of Nineveh believed God, proclaimed a fast, and put on sackcloth, from the greatest to the least of them.
        </text>
        <num>
          5
        </num>
      </item>
      <item>
        <text>
          Then word came to the king of Nineveh; and he arose from his throne and laid aside his robe, covered himself with sackcloth and sat in ashes.
        </text>
        <num>
          6
        </num>
      </item>
      <item>
        <text>
          And he caused it to be proclaimed and published throughout Nineveh by the decree of the king and his nobles, saying, Let neither man nor beast, herd nor flock, taste anything; do not let them eat, or drink water.
        </text>
        <num>
          7
        </num>
      </item>
      <item>
        <text>
          But let man and beast be covered with sackcloth, and cry mightily to God; yes, let every one turn from his evil way and from the violence that is in his hands.
        </text>
        <num>
          8
        </num>
      </item>
      <item>
        <text>
          Who can tell if God will turn and relent, and turn away from His fierce anger, so that we may not perish?
        </text>
        <num>
          9
        </num>
      </item>
      <item>
        <text>
          Then God saw their works, that they turned from their evil way; and God relented from the disaster that He had said He would bring upon them, and He did not do it.
        </text>
        <num>
          10
        </num>
      </item>
    </verses>
    <num>
      3
    </num>
  </item>
  <item>
    <verses>
      <item>
        <text>
          But it displeased Jonah exceedingly, and he became angry.
        </text>
        <num>
          1
        </num>
      </item>
      <item>
        <text>
          So he prayed to the LORD, and said, "Ah, LORD, was not this what I said when I was still in my country? Therefore I fled previously to Tarshish; for I know that You are a gracious and merciful God, slow to anger and abundant in lovingkindness, One who relents from doing harm.
        </text>
        <num>
          2
        </num>
      </item>
      <item>
        <text>
          Therefore now, O LORD, please take my life from me, for it is better for me to die than to live!"
        </text>
        <num>
          3
        </num>
      </item>
      <item>
        <text>
          Then the LORD said, "Is it right for you to be angry?"
        </text>
        <num>
          4
        </num>
      </item>
      <item>
        <text>
          So Jonah went out of the city and sat on the east side of the city. There he made himself a shelter and sat under it in the shade, till he might see what would become of the city.
        </text>
        <num>
          5
        </num>
      </item>
      <item>
        <text>
          And the LORD God prepared a plant and made it come up over Jonah, that it might be shade for his head to deliver him from his misery. So Jonah was very grateful for the plant.
        </text>
        <num>
          6
        </num>
      </item>
      <item>
        <text>
          But as morning dawned the next day God prepared a worm, and it so damaged the plant that it withered.
        </text>
        <num>
          7
        </num>
      </item>
      <item>
        <text>
          And it happened, when the sun arose, that God prepared a vehement east wind; and the sun beat on Jonah's head, so that he grew faint. Then he wished death for himself, and said, "It is better for me to die than to live."
        </text>
        <num>
          8
        </num>
      </item>
      <item>
        <text>
          Then God said to Jonah, "Is it right for you to be angry about the plant?" And he said, "It is right for me to be angry, even to death!"
        </text>
        <num>
          9
        </num>
      </item>
      <item>
        <text>
          But the LORD said, "You have had pity on the plant for which you have not labored, nor made it grow, which came up in a night and perished in a night.
        </text>
        <num>
          10
        </num>
      </item>
      <item>
        <text>
          And should I not pity Nineveh, that great city, in which are more than one hundred and twenty thousand persons who cannot discern between their right hand and their left--and much livestock?"
        </text>
        <num>
          11
        </num>
      </item>
    </verses>
    <num>
      4
    </num>
  </item>
</chapters>
