<?xml version="1.0" encoding="UTF-8"?>
<name>
  Jude
</name>
<chapters>
  <item>
    <verses>
      <item>
        <text>
          Jude, a bondservant of Jesus Christ, and brother of James, To those who are called, sanctified by God the Father, and preserved in Jesus Christ:
        </text>
        <num>
          1
        </num>
      </item>
      <item>
        <text>
          Mercy, peace, and love be multiplied to you.
        </text>
        <num>
          2
        </num>
      </item>
      <item>
        <text>
          Beloved, while I was very diligent to write to you concerning our common salvation, I found it necessary to write to you exhorting you to contend earnestly for the faith which was once for all delivered to the saints.
        </text>
        <num>
          3
        </num>
      </item>
      <item>
        <text>
          For certain men have crept in unnoticed, who long ago were marked out for this condemnation, ungodly men, who turn the grace of our God into lewdness and deny the only Lord God and our Lord Jesus Christ.
        </text>
        <num>
          4
        </num>
      </item>
      <item>
        <text>
          But I want to remind you, though you once knew this, that the Lord, having saved the people out of the land of Egypt, afterward destroyed those who did not believe.
        </text>
        <num>
          5
        </num>
      </item>
      <item>
        <text>
          And the angels who did not keep their proper domain, but left their own abode, He has reserved in everlasting chains under darkness for the judgment of the great day;
        </text>
        <num>
          6
        </num>
      </item>
      <item>
        <text>
          as Sodom and Gomorrah, and the cities around them in a similar manner to these, having given themselves over to sexual immorality and gone after strange flesh, are set forth as an example, suffering the vengeance of eternal fire.
        </text>
        <num>
          7
        </num>
      </item>
      <item>
        <text>
          Likewise also these dreamers defile the flesh, reject authority, and speak evil of dignitaries.
        </text>
        <num>
          8
        </num>
      </item>
      <item>
        <text>
          Yet Michael the archangel, in contending with the devil, when he disputed about the body of Moses, dared not bring against him a reviling accusation, but said, "The Lord rebuke you!"
        </text>
        <num>
          9
        </num>
      </item>
      <item>
        <text>
          But these speak evil of whatever they do not know; and whatever they know naturally, like brute beasts, in these things they corrupt themselves.
        </text>
        <num>
          10
        </num>
      </item>
      <item>
        <text>
          Woe to them! For they have gone in the way of Cain, have run greedily in the error of Balaam for profit, and perished in the rebellion of Korah.
        </text>
        <num>
          11
        </num>
      </item>
      <item>
        <text>
          These are spots in your love feasts, while they feast with you without fear, serving only themselves. They are clouds without water, carried about by the winds; late autumn trees without fruit, twice dead, pulled up by the roots;
        </text>
        <num>
          12
        </num>
      </item>
      <item>
        <text>
          raging waves of the sea, foaming up their own shame; wandering stars for whom is reserved the blackness of darkness forever.
        </text>
        <num>
          13
        </num>
      </item>
      <item>
        <text>
          Now Enoch, the seventh from Adam, prophesied about these men also, saying, "Behold, the Lord comes with ten thousands of His saints,
        </text>
        <num>
          14
        </num>
      </item>
      <item>
        <text>
          to execute judgment on all, to convict all who are ungodly among them of all their ungodly deeds which they have committed in an ungodly way, and of all the harsh things which ungodly sinners have spoken against Him."
        </text>
        <num>
          15
        </num>
      </item>
      <item>
        <text>
          These are grumblers, complainers, walking according to their own lusts; and they mouth great swelling words, flattering people to gain advantage.
        </text>
        <num>
          16
        </num>
      </item>
      <item>
        <text>
          But you, beloved, remember the words which were spoken before by the apostles of our Lord Jesus Christ:
        </text>
        <num>
          17
        </num>
      </item>
      <item>
        <text>
          how they told you that there would be mockers in the last time who would walk according to their own ungodly lusts.
        </text>
        <num>
          18
        </num>
      </item>
      <item>
        <text>
          These are sensual persons, who cause divisions, not having the Spirit.
        </text>
        <num>
          19
        </num>
      </item>
      <item>
        <text>
          But you, beloved, building yourselves up on your most holy faith, praying in the Holy Spirit,
        </text>
        <num>
          20
        </num>
      </item>
      <item>
        <text>
          keep yourselves in the love of God, looking for the mercy of our Lord Jesus Christ unto eternal life.
        </text>
        <num>
          21
        </num>
      </item>
      <item>
        <text>
          And on some have compassion, making a distinction;
        </text>
        <num>
          22
        </num>
      </item>
      <item>
        <text>
          but others save with fear, pulling them out of the fire, hating even the garment defiled by the flesh.
        </text>
        <num>
          23
        </num>
      </item>
      <item>
        <text>
          Now to Him who is able to keep you from stumbling, And to present you faultless Before the presence of His glory with exceeding joy,
        </text>
        <num>
          24
        </num>
      </item>
      <item>
        <text>
          To God our Savior, Who alone is wise, Be glory and majesty, Dominion and power, Both now and forever. Amen.
        </text>
        <num>
          25
        </num>
      </item>
    </verses>
    <num>
      1
    </num>
  </item>
</chapters>
