<?xml version="1.0" encoding="UTF-8"?>
<name>
  Philemon
</name>
<chapters>
  <item>
    <verses>
      <item>
        <text>
          Paul, a prisoner of Christ Jesus, and Timothy our brother, To Philemon our beloved friend and fellow laborer,
        </text>
        <num>
          1
        </num>
      </item>
      <item>
        <text>
          to the beloved Apphia, Archippus our fellow soldier, and to the church in your house:
        </text>
        <num>
          2
        </num>
      </item>
      <item>
        <text>
          Grace to you and peace from God our Father and the Lord Jesus Christ.
        </text>
        <num>
          3
        </num>
      </item>
      <item>
        <text>
          I thank my God, making mention of you always in my prayers,
        </text>
        <num>
          4
        </num>
      </item>
      <item>
        <text>
          hearing of your love and faith which you have toward the Lord Jesus and toward all the saints,
        </text>
        <num>
          5
        </num>
      </item>
      <item>
        <text>
          that the sharing of your faith may become effective by the acknowledgment of every good thing which is in you in Christ Jesus.
        </text>
        <num>
          6
        </num>
      </item>
      <item>
        <text>
          For we have great joy and consolation in your love, because the hearts of the saints have been refreshed by you, brother.
        </text>
        <num>
          7
        </num>
      </item>
      <item>
        <text>
          Therefore, though I might be very bold in Christ to command you what is fitting,
        </text>
        <num>
          8
        </num>
      </item>
      <item>
        <text>
          yet for love's sake I rather appeal to you--being such a one as Paul, the aged, and now also a prisoner of Jesus Christ--
        </text>
        <num>
          9
        </num>
      </item>
      <item>
        <text>
          I appeal to you for my son Onesimus, whom I have begotten while in my chains,
        </text>
        <num>
          10
        </num>
      </item>
      <item>
        <text>
          who once was unprofitable to you, but now is profitable to you and to me.
        </text>
        <num>
          11
        </num>
      </item>
      <item>
        <text>
          I am sending him back. You therefore receive him, that is, my own heart,
        </text>
        <num>
          12
        </num>
      </item>
      <item>
        <text>
          whom I wished to keep with me, that on your behalf he might minister to me in my chains for the gospel.
        </text>
        <num>
          13
        </num>
      </item>
      <item>
        <text>
          But without your consent I wanted to do nothing, that your good deed might not be by compulsion, as it were, but voluntary.
        </text>
        <num>
          14
        </num>
      </item>
      <item>
        <text>
          For perhaps he departed for a while for this purpose, that you might receive him forever,
        </text>
        <num>
          15
        </num>
      </item>
      <item>
        <text>
          no longer as a slave but more than a slave--a beloved brother, especially to me but how much more to you, both in the flesh and in the Lord.
        </text>
        <num>
          16
        </num>
      </item>
      <item>
        <text>
          If then you count me as a partner, receive him as you would me.
        </text>
        <num>
          17
        </num>
      </item>
      <item>
        <text>
          But if he has wronged you or owes anything, put that on my account.
        </text>
        <num>
          18
        </num>
      </item>
      <item>
        <text>
          I, Paul, am writing with my own hand. I will repay--not to mention to you that you owe me even your own self besides.
        </text>
        <num>
          19
        </num>
      </item>
      <item>
        <text>
          Yes, brother, let me have joy from you in the Lord; refresh my heart in the Lord.
        </text>
        <num>
          20
        </num>
      </item>
      <item>
        <text>
          Having confidence in your obedience, I write to you, knowing that you will do even more than I say.
        </text>
        <num>
          21
        </num>
      </item>
      <item>
        <text>
          But, meanwhile, also prepare a guest room for me, for I trust that through your prayers I shall be granted to you.
        </text>
        <num>
          22
        </num>
      </item>
      <item>
        <text>
          Epaphras, my fellow prisoner in Christ Jesus, greets you,
        </text>
        <num>
          23
        </num>
      </item>
      <item>
        <text>
          as do Mark, Aristarchus, Demas, Luke, my fellow laborers.
        </text>
        <num>
          24
        </num>
      </item>
      <item>
        <text>
          The grace of our Lord Jesus Christ be with your spirit. Amen.
        </text>
        <num>
          25
        </num>
      </item>
    </verses>
    <num>
      1
    </num>
  </item>
</chapters>
