<?xml version="1.0" encoding="UTF-8"?>
<name>
  Titus
</name>
<chapters>
  <item>
    <verses>
      <item>
        <text>
          Paul, a bondservant of God and an apostle of Jesus Christ, according to the faith of God's elect and the acknowledgment of the truth which accords with godliness,
        </text>
        <num>
          1
        </num>
      </item>
      <item>
        <text>
          in hope of eternal life which God, who cannot lie, promised before time began,
        </text>
        <num>
          2
        </num>
      </item>
      <item>
        <text>
          but has in due time manifested His word through preaching, which was committed to me according to the commandment of God our Savior;
        </text>
        <num>
          3
        </num>
      </item>
      <item>
        <text>
          To Titus, a true son in our common faith: Grace, mercy, and peace from God the Father and the Lord Jesus Christ our Savior.
        </text>
        <num>
          4
        </num>
      </item>
      <item>
        <text>
          For this reason I left you in Crete, that you should set in order the things that are lacking, and appoint elders in every city as I commanded you--
        </text>
        <num>
          5
        </num>
      </item>
      <item>
        <text>
          if a man is blameless, the husband of one wife, having faithful children not accused of dissipation or insubordination.
        </text>
        <num>
          6
        </num>
      </item>
      <item>
        <text>
          For a bishop must be blameless, as a steward of God, not self-willed, not quick-tempered, not given to wine, not violent, not greedy for money,
        </text>
        <num>
          7
        </num>
      </item>
      <item>
        <text>
          but hospitable, a lover of what is good, sober-minded, just, holy, self-controlled,
        </text>
        <num>
          8
        </num>
      </item>
      <item>
        <text>
          holding fast the faithful word as he has been taught, that he may be able, by sound doctrine, both to exhort and convict those who contradict.
        </text>
        <num>
          9
        </num>
      </item>
      <item>
        <text>
          For there are many insubordinate, both idle talkers and deceivers, especially those of the circumcision,
        </text>
        <num>
          10
        </num>
      </item>
      <item>
        <text>
          whose mouths must be stopped, who subvert whole households, teaching things which they ought not, for the sake of dishonest gain.
        </text>
        <num>
          11
        </num>
      </item>
      <item>
        <text>
          One of them, a prophet of their own, said, "Cretans are always liars, evil beasts, lazy gluttons."
        </text>
        <num>
          12
        </num>
      </item>
      <item>
        <text>
          This testimony is true. Therefore rebuke them sharply, that they may be sound in the faith,
        </text>
        <num>
          13
        </num>
      </item>
      <item>
        <text>
          not giving heed to Jewish fables and commandments of men who turn from the truth.
        </text>
        <num>
          14
        </num>
      </item>
      <item>
        <text>
          To the pure all things are pure, but to those who are defiled and unbelieving nothing is pure; but even their mind and conscience are defiled.
        </text>
        <num>
          15
        </num>
      </item>
      <item>
        <text>
          They profess to know God, but in works they deny Him, being abominable, disobedient, and disqualified for every good work.
        </text>
        <num>
          16
        </num>
      </item>
    </verses>
    <num>
      1
    </num>
  </item>
  <item>
    <verses>
      <item>
        <text>
          But as for you, speak the things which are proper for sound doctrine:
        </text>
        <num>
          1
        </num>
      </item>
      <item>
        <text>
          that the older men be sober, reverent, temperate, sound in faith, in love, in patience;
        </text>
        <num>
          2
        </num>
      </item>
      <item>
        <text>
          the older women likewise, that they be reverent in behavior, not slanderers, not given to much wine, teachers of good things--
        </text>
        <num>
          3
        </num>
      </item>
      <item>
        <text>
          that they admonish the young women to love their husbands, to love their children,
        </text>
        <num>
          4
        </num>
      </item>
      <item>
        <text>
          to be discreet, chaste, homemakers, good, obedient to their own husbands, that the word of God may not be blasphemed.
        </text>
        <num>
          5
        </num>
      </item>
      <item>
        <text>
          Likewise, exhort the young men to be sober-minded,
        </text>
        <num>
          6
        </num>
      </item>
      <item>
        <text>
          in all things showing yourself to be a pattern of good works; in doctrine showing integrity, reverence, incorruptibility,
        </text>
        <num>
          7
        </num>
      </item>
      <item>
        <text>
          sound speech that cannot be condemned, that one who is an opponent may be ashamed, having nothing evil to say of you.
        </text>
        <num>
          8
        </num>
      </item>
      <item>
        <text>
          Exhort bondservants to be obedient to their own masters, to be well pleasing in all things, not answering back,
        </text>
        <num>
          9
        </num>
      </item>
      <item>
        <text>
          not pilfering, but showing all good fidelity, that they may adorn the doctrine of God our Savior in all things.
        </text>
        <num>
          10
        </num>
      </item>
      <item>
        <text>
          For the grace of God that brings salvation has appeared to all men,
        </text>
        <num>
          11
        </num>
      </item>
      <item>
        <text>
          teaching us that, denying ungodliness and worldly lusts, we should live soberly, righteously, and godly in the present age,
        </text>
        <num>
          12
        </num>
      </item>
      <item>
        <text>
          looking for the blessed hope and glorious appearing of our great God and Savior Jesus Christ,
        </text>
        <num>
          13
        </num>
      </item>
      <item>
        <text>
          who gave Himself for us, that He might redeem us from every lawless deed and purify for Himself His own special people, zealous for good works.
        </text>
        <num>
          14
        </num>
      </item>
      <item>
        <text>
          Speak these things, exhort, and rebuke with all authority. Let no one despise you.
        </text>
        <num>
          15
        </num>
      </item>
    </verses>
    <num>
      2
    </num>
  </item>
  <item>
    <verses>
      <item>
        <text>
          Remind them to be subject to rulers and authorities, to obey, to be ready for every good work,
        </text>
        <num>
          1
        </num>
      </item>
      <item>
        <text>
          to speak evil of no one, to be peaceable, gentle, showing all humility to all men.
        </text>
        <num>
          2
        </num>
      </item>
      <item>
        <text>
          For we ourselves were also once foolish, disobedient, deceived, serving various lusts and pleasures, living in malice and envy, hateful and hating one another.
        </text>
        <num>
          3
        </num>
      </item>
      <item>
        <text>
          But when the kindness and the love of God our Savior toward man appeared,
        </text>
        <num>
          4
        </num>
      </item>
      <item>
        <text>
          not by works of righteousness which we have done, but according to His mercy He saved us, through the washing of regeneration and renewing of the Holy Spirit,
        </text>
        <num>
          5
        </num>
      </item>
      <item>
        <text>
          whom He poured out on us abundantly through Jesus Christ our Savior,
        </text>
        <num>
          6
        </num>
      </item>
      <item>
        <text>
          that having been justified by His grace we should become heirs according to the hope of eternal life.
        </text>
        <num>
          7
        </num>
      </item>
      <item>
        <text>
          This is a faithful saying, and these things I want you to affirm constantly, that those who have believed in God should be careful to maintain good works. These things are good and profitable to men.
        </text>
        <num>
          8
        </num>
      </item>
      <item>
        <text>
          But avoid foolish disputes, genealogies, contentions, and strivings about the law; for they are unprofitable and useless.
        </text>
        <num>
          9
        </num>
      </item>
      <item>
        <text>
          Reject a divisive man after the first and second admonition,
        </text>
        <num>
          10
        </num>
      </item>
      <item>
        <text>
          knowing that such a person is warped and sinning, being self-condemned.
        </text>
        <num>
          11
        </num>
      </item>
      <item>
        <text>
          When I send Artemas to you, or Tychicus, be diligent to come to me at Nicopolis, for I have decided to spend the winter there.
        </text>
        <num>
          12
        </num>
      </item>
      <item>
        <text>
          Send Zenas the lawyer and Apollos on their journey with haste, that they may lack nothing.
        </text>
        <num>
          13
        </num>
      </item>
      <item>
        <text>
          And let our people also learn to maintain good works, to meet urgent needs, that they may not be unfruitful.
        </text>
        <num>
          14
        </num>
      </item>
      <item>
        <text>
          All who are with me greet you. Greet those who love us in the faith. Grace be with you all. Amen.
        </text>
        <num>
          15
        </num>
      </item>
    </verses>
    <num>
      3
    </num>
  </item>
</chapters>
