{"name":"1 Peter","chapters":[{"verses":[{"text":"Peter, an apostle of Jesus Christ, To the pilgrims of the Dispersion in Pontus, Galatia, Cappadocia, Asia, and Bithynia,","num":1},{"text":"elect according to the foreknowledge of God the Father, in sanctification of the Spirit, for obedience and sprinkling of the blood of Jesus Christ: Grace to you and peace be multiplied.","num":2},{"text":"Blessed be the God and Father of our Lord Jesus Christ, who according to His abundant mercy has begotten us again to a living hope through the resurrection of Jesus Christ from the dead,","num":3},{"text":"to an inheritance incorruptible and undefiled and that does not fade away, reserved in heaven for you,","num":4},{"text":"who are kept by the power of God through faith for salvation ready to be revealed in the last time.","num":5},{"text":"In this you greatly rejoice, though now for a little while, if need be, you have been grieved by various trials,","num":6},{"text":"that the genuineness of your faith, being much more precious than gold that perishes, though it is tested by fire, may be found to praise, honor, and glory at the revelation of Jesus Christ,","num":7},{"text":"whom having not seen you love. Though now you do not see Him, yet believing, you rejoice with joy inexpressible and full of glory,","num":8},{"text":"receiving the end of your faith--the salvation of your souls.","num":9},{"text":"Of this salvation the prophets have inquired and searched carefully, who prophesied of the grace that would come to you,","num":10},{"text":"searching what, or what manner of time, the Spirit of Christ who was in them was indicating when He testified beforehand the sufferings of Christ and the glories that would follow.","num":11},{"text":"To them it was revealed that, not to themselves, but to us they were ministering the things which now have been reported to you through those who have preached the gospel to you by the Holy Spirit sent from heaven--things which angels desire to look into.","num":12},{"text":"Therefore gird up the loins of your mind, be sober, and rest your hope fully upon the grace that is to be brought to you at the revelation of Jesus Christ;","num":13},{"text":"as obedient children, not conforming yourselves to the former lusts, as in your ignorance;","num":14},{"text":"but as He who called you is holy, you also be holy in all your conduct,","num":15},{"text":"because it is written, \"Be holy, for I am holy.\"","num":16},{"text":"And if you call on the Father, who without partiality judges according to each one's work, conduct yourselves throughout the time of your stay here in fear;","num":17},{"text":"knowing that you were not redeemed with corruptible things, like silver or gold, from your aimless conduct received by tradition from your fathers,","num":18},{"text":"but with the precious blood of Christ, as of a lamb without blemish and without spot.","num":19},{"text":"He indeed was foreordained before the foundation of the world, but was manifest in these last times for you","num":20},{"text":"who through Him believe in God, who raised Him from the dead and gave Him glory, so that your faith and hope are in God.","num":21},{"text":"Since you have purified your souls in obeying the truth through the Spirit in sincere love of the brethren, love one another fervently with a pure heart,","num":22},{"text":"having been born again, not of corruptible seed but incorruptible, through the word of God which lives and abides forever,","num":23},{"text":"because \"All flesh is as grass, And all the glory of man as the flower of the grass. The grass withers, And its flower falls away,","num":24},{"text":"But the word of the LORD endures forever.\" Now this is the word which by the gospel was preached to you.","num":25}],"num":1},{"verses":[{"text":"Therefore, laying aside all malice, all deceit, hypocrisy, envy, and all evil speaking,","num":1},{"text":"as newborn babes, desire the pure milk of the word, that you may grow thereby,","num":2},{"text":"if indeed you have tasted that the Lord is gracious.","num":3},{"text":"Coming to Him as to a living stone, rejected indeed by men, but chosen by God and precious,","num":4},{"text":"you also, as living stones, are being built up a spiritual house, a holy priesthood, to offer up spiritual sacrifices acceptable to God through Jesus Christ.","num":5},{"text":"Therefore it is also contained in the Scripture, \"Behold, I lay in Zion A chief cornerstone, elect, precious, And he who believes on Him will by no means be put to shame.\"","num":6},{"text":"Therefore, to you who believe, He is precious; but to those who are disobedient, \"The stone which the builders rejected Has become the chief cornerstone,\"","num":7},{"text":"and \"A stone of stumbling And a rock of offense.\" They stumble, being disobedient to the word, to which they also were appointed.","num":8},{"text":"But you are a chosen generation, a royal priesthood, a holy nation, His own special people, that you may proclaim the praises of Him who called you out of darkness into His marvelous light;","num":9},{"text":"who once were not a people but are now the people of God, who had not obtained mercy but now have obtained mercy.","num":10},{"text":"Beloved, I beg you as sojourners and pilgrims, abstain from fleshly lusts which war against the soul,","num":11},{"text":"having your conduct honorable among the Gentiles, that when they speak against you as evildoers, they may, by your good works which they observe, glorify God in the day of visitation.","num":12},{"text":"Therefore submit yourselves to every ordinance of man for the Lord's sake, whether to the king as supreme,","num":13},{"text":"or to governors, as to those who are sent by him for the punishment of evildoers and for the praise of those who do good.","num":14},{"text":"For this is the will of God, that by doing good you may put to silence the ignorance of foolish men--","num":15},{"text":"as free, yet not using liberty as a cloak for vice, but as bondservants of God.","num":16},{"text":"Honor all people. Love the brotherhood. Fear God. Honor the king.","num":17},{"text":"Servants, be submissive to your masters with all fear, not only to the good and gentle, but also to the harsh.","num":18},{"text":"For this is commendable, if because of conscience toward God one endures grief, suffering wrongfully.","num":19},{"text":"For what credit is it if, when you are beaten for your faults, you take it patiently? But when you do good and suffer, if you take it patiently, this is commendable before God.","num":20},{"text":"For to this you were called, because Christ also suffered for us, leaving us an example, that you should follow His steps:","num":21},{"text":"\"Who committed no sin, Nor was deceit found in His mouth\";","num":22},{"text":"who, when He was reviled, did not revile in return; when He suffered, He did not threaten, but committed Himself to Him who judges righteously;","num":23},{"text":"who Himself bore our sins in His own body on the tree, that we, having died to sins, might live for righteousness--by whose stripes you were healed.","num":24},{"text":"For you were like sheep going astray, but have now returned to the Shepherd and Overseer of your souls.","num":25}],"num":2},{"verses":[{"text":"Wives, likewise, be submissive to your own husbands, that even if some do not obey the word, they, without a word, may be won by the conduct of their wives,","num":1},{"text":"when they observe your chaste conduct accompanied by fear.","num":2},{"text":"Do not let your adornment be merely outward--arranging the hair, wearing gold, or putting on fine apparel--","num":3},{"text":"rather let it be the hidden person of the heart, with the incorruptible beauty of a gentle and quiet spirit, which is very precious in the sight of God.","num":4},{"text":"For in this manner, in former times, the holy women who trusted in God also adorned themselves, being submissive to their own husbands,","num":5},{"text":"as Sarah obeyed Abraham, calling him lord, whose daughters you are if you do good and are not afraid with any terror.","num":6},{"text":"Husbands, likewise, dwell with them with understanding, giving honor to the wife, as to the weaker vessel, and as being heirs together of the grace of life, that your prayers may not be hindered.","num":7},{"text":"Finally, all of you be of one mind, having compassion for one another; love as brothers, be tenderhearted, be courteous;","num":8},{"text":"not returning evil for evil or reviling for reviling, but on the contrary blessing, knowing that you were called to this, that you may inherit a blessing.","num":9},{"text":"For \"He who would love life And see good days, Let him refrain his tongue from evil, And his lips from speaking deceit.","num":10},{"text":"Let him turn away from evil and do good; Let him seek peace and pursue it.","num":11},{"text":"For the eyes of the LORD are on the righteous, And His ears are open to their prayers; But the face of the LORD is against those who do evil.\"","num":12},{"text":"And who is he who will harm you if you become followers of what is good?","num":13},{"text":"But even if you should suffer for righteousness' sake, you are blessed. \"And do not be afraid of their threats, nor be troubled.\"","num":14},{"text":"But sanctify the Lord God in your hearts, and always be ready to give a defense to everyone who asks you a reason for the hope that is in you, with meekness and fear;","num":15},{"text":"having a good conscience, that when they defame you as evildoers, those who revile your good conduct in Christ may be ashamed.","num":16},{"text":"For it is better, if it is the will of God, to suffer for doing good than for doing evil.","num":17},{"text":"For Christ also suffered once for sins, the just for the unjust, that He might bring us to God, being put to death in the flesh but made alive by the Spirit,","num":18},{"text":"by whom also He went and preached to the spirits in prison,","num":19},{"text":"who formerly were disobedient, when once the Divine longsuffering waited in the days of Noah, while the ark was being prepared, in which a few, that is, eight souls, were saved through water.","num":20},{"text":"There is also an antitype which now saves us--baptism (not the removal of the filth of the flesh, but the answer of a good conscience toward God), through the resurrection of Jesus Christ,","num":21},{"text":"who has gone into heaven and is at the right hand of God, angels and authorities and powers having been made subject to Him.","num":22}],"num":3},{"verses":[{"text":"Therefore, since Christ suffered for us in the flesh, arm yourselves also with the same mind, for he who has suffered in the flesh has ceased from sin,","num":1},{"text":"that he no longer should live the rest of his time in the flesh for the lusts of men, but for the will of God.","num":2},{"text":"For we have spent enough of our past lifetime in doing the will of the Gentiles--when we walked in lewdness, lusts, drunkenness, revelries, drinking parties, and abominable idolatries.","num":3},{"text":"In regard to these, they think it strange that you do not run with them in the same flood of dissipation, speaking evil of you.","num":4},{"text":"They will give an account to Him who is ready to judge the living and the dead.","num":5},{"text":"For this reason the gospel was preached also to those who are dead, that they might be judged according to men in the flesh, but live according to God in the spirit.","num":6},{"text":"But the end of all things is at hand; therefore be serious and watchful in your prayers.","num":7},{"text":"And above all things have fervent love for one another, for \"love will cover a multitude of sins.\"","num":8},{"text":"Be hospitable to one another without grumbling.","num":9},{"text":"As each one has received a gift, minister it to one another, as good stewards of the manifold grace of God.","num":10},{"text":"If anyone speaks, let him speak as the oracles of God. If anyone ministers, let him do it as with the ability which God supplies, that in all things God may be glorified through Jesus Christ, to whom belong the glory and the dominion forever and ever. Amen.","num":11},{"text":"Beloved, do not think it strange concerning the fiery trial which is to try you, as though some strange thing happened to you;","num":12},{"text":"but rejoice to the extent that you partake of Christ's sufferings, that when His glory is revealed, you may also be glad with exceeding joy.","num":13},{"text":"If you are reproached for the name of Christ, blessed are you, for the Spirit of glory and of God rests upon you. On their part He is blasphemed, but on your part He is glorified.","num":14},{"text":"But let none of you suffer as a murderer, a thief, an evildoer, or as a busybody in other people's matters.","num":15},{"text":"Yet if anyone suffers as a Christian, let him not be ashamed, but let him glorify God in this matter.","num":16},{"text":"For the time has come for judgment to begin at the house of God; and if it begins with us first, what will be the end of those who do not obey the gospel of God?","num":17},{"text":"Now \"If the righteous one is scarcely saved, Where will the ungodly and the sinner appear?\"","num":18},{"text":"Therefore let those who suffer according to the will of God commit their souls to Him in doing good, as to a faithful Creator.","num":19}],"num":4},{"verses":[{"text":"The elders who are among you I exhort, I who am a fellow elder and a witness of the sufferings of Christ, and also a partaker of the glory that will be revealed:","num":1},{"text":"Shepherd the flock of God which is among you, serving as overseers, not by compulsion but willingly, not for dishonest gain but eagerly;","num":2},{"text":"nor as being lords over those entrusted to you, but being examples to the flock;","num":3},{"text":"and when the Chief Shepherd appears, you will receive the crown of glory that does not fade away.","num":4},{"text":"Likewise you younger people, submit yourselves to your elders. Yes, all of you be submissive to one another, and be clothed with humility, for \"God resists the proud, But gives grace to the humble.\"","num":5},{"text":"Therefore humble yourselves under the mighty hand of God, that He may exalt you in due time,","num":6},{"text":"casting all your care upon Him, for He cares for you.","num":7},{"text":"Be sober, be vigilant; because your adversary the devil walks about like a roaring lion, seeking whom he may devour.","num":8},{"text":"Resist him, steadfast in the faith, knowing that the same sufferings are experienced by your brotherhood in the world.","num":9},{"text":"But may the God of all grace, who called us to His eternal glory by Christ Jesus, after you have suffered a while, perfect, establish, strengthen, and settle you.","num":10},{"text":"To Him be the glory and the dominion forever and ever. Amen.","num":11},{"text":"By Silvanus, our faithful brother as I consider him, I have written to you briefly, exhorting and testifying that this is the true grace of God in which you stand.","num":12},{"text":"She who is in Babylon, elect together with you, greets you; and so does Mark my son.","num":13},{"text":"Greet one another with a kiss of love. Peace to you all who are in Christ Jesus. Amen.","num":14}],"num":5}]}
