{"name":"1 Thessalonians","chapters":[{"verses":[{"text":"Paul, Silvanus, and Timothy, To the church of the Thessalonians in God the Father and the Lord Jesus Christ: Grace to you and peace from God our Father and the Lord Jesus Christ.","num":1},{"text":"We give thanks to God always for you all, making mention of you in our prayers,","num":2},{"text":"remembering without ceasing your work of faith, labor of love, and patience of hope in our Lord Jesus Christ in the sight of our God and Father,","num":3},{"text":"knowing, beloved brethren, your election by God.","num":4},{"text":"For our gospel did not come to you in word only, but also in power, and in the Holy Spirit and in much assurance, as you know what kind of men we were among you for your sake.","num":5},{"text":"And you became followers of us and of the Lord, having received the word in much affliction, with joy of the Holy Spirit,","num":6},{"text":"so that you became examples to all in Macedonia and Achaia who believe.","num":7},{"text":"For from you the word of the Lord has sounded forth, not only in Macedonia and Achaia, but also in every place. Your faith toward God has gone out, so that we do not need to say anything.","num":8},{"text":"For they themselves declare concerning us what manner of entry we had to you, and how you turned to God from idols to serve the living and true God,","num":9},{"text":"and to wait for His Son from heaven, whom He raised from the dead, even Jesus who delivers us from the wrath to come.","num":10}],"num":1},{"verses":[{"text":"For you yourselves know, brethren, that our coming to you was not in vain.","num":1},{"text":"But even after we had suffered before and were spitefully treated at Philippi, as you know, we were bold in our God to speak to you the gospel of God in much conflict.","num":2},{"text":"For our exhortation did not come from error or uncleanness, nor was it in deceit.","num":3},{"text":"But as we have been approved by God to be entrusted with the gospel, even so we speak, not as pleasing men, but God who tests our hearts.","num":4},{"text":"For neither at any time did we use flattering words, as you know, nor a cloak for covetousness--God is witness.","num":5},{"text":"Nor did we seek glory from men, either from you or from others, when we might have made demands as apostles of Christ.","num":6},{"text":"But we were gentle among you, just as a nursing mother cherishes her own children.","num":7},{"text":"So, affectionately longing for you, we were well pleased to impart to you not only the gospel of God, but also our own lives, because you had become dear to us.","num":8},{"text":"For you remember, brethren, our labor and toil; for laboring night and day, that we might not be a burden to any of you, we preached to you the gospel of God.","num":9},{"text":"You are witnesses, and God also, how devoutly and justly and blamelessly we behaved ourselves among you who believe;","num":10},{"text":"as you know how we exhorted, and comforted, and charged every one of you, as a father does his own children,","num":11},{"text":"that you would walk worthy of God who calls you into His own kingdom and glory.","num":12},{"text":"For this reason we also thank God without ceasing, because when you received the word of God which you heard from us, you welcomed it not as the word of men, but as it is in truth, the word of God, which also effectively works in you who believe.","num":13},{"text":"For you, brethren, became imitators of the churches of God which are in Judea in Christ Jesus. For you also suffered the same things from your own countrymen, just as they did from the Judeans,","num":14},{"text":"who killed both the Lord Jesus and their own prophets, and have persecuted us; and they do not please God and are contrary to all men,","num":15},{"text":"forbidding us to speak to the Gentiles that they may be saved, so as always to fill up the measure of their sins; but wrath has come upon them to the uttermost.","num":16},{"text":"But we, brethren, having been taken away from you for a short time in presence, not in heart, endeavored more eagerly to see your face with great desire.","num":17},{"text":"Therefore we wanted to come to you--even I, Paul, time and again--but Satan hindered us.","num":18},{"text":"For what is our hope, or joy, or crown of rejoicing? Is it not even you in the presence of our Lord Jesus Christ at His coming?","num":19},{"text":"For you are our glory and joy.","num":20}],"num":2},{"verses":[{"text":"Therefore, when we could no longer endure it, we thought it good to be left in Athens alone,","num":1},{"text":"and sent Timothy, our brother and minister of God, and our fellow laborer in the gospel of Christ, to establish you and encourage you concerning your faith,","num":2},{"text":"that no one should be shaken by these afflictions; for you yourselves know that we are appointed to this.","num":3},{"text":"For, in fact, we told you before when we were with you that we would suffer tribulation, just as it happened, and you know.","num":4},{"text":"For this reason, when I could no longer endure it, I sent to know your faith, lest by some means the tempter had tempted you, and our labor might be in vain.","num":5},{"text":"But now that Timothy has come to us from you, and brought us good news of your faith and love, and that you always have good remembrance of us, greatly desiring to see us, as we also to see you--","num":6},{"text":"therefore, brethren, in all our affliction and distress we were comforted concerning you by your faith.","num":7},{"text":"For now we live, if you stand fast in the Lord.","num":8},{"text":"For what thanks can we render to God for you, for all the joy with which we rejoice for your sake before our God,","num":9},{"text":"night and day praying exceedingly that we may see your face and perfect what is lacking in your faith?","num":10},{"text":"Now may our God and Father Himself, and our Lord Jesus Christ, direct our way to you.","num":11},{"text":"And may the Lord make you increase and abound in love to one another and to all, just as we do to you,","num":12},{"text":"so that He may establish your hearts blameless in holiness before our God and Father at the coming of our Lord Jesus Christ with all His saints.","num":13}],"num":3},{"verses":[{"text":"Finally then, brethren, we urge and exhort in the Lord Jesus that you should abound more and more, just as you received from us how you ought to walk and to please God;","num":1},{"text":"for you know what commandments we gave you through the Lord Jesus.","num":2},{"text":"For this is the will of God, your sanctification: that you should abstain from sexual immorality;","num":3},{"text":"that each of you should know how to possess his own vessel in sanctification and honor,","num":4},{"text":"not in passion of lust, like the Gentiles who do not know God;","num":5},{"text":"that no one should take advantage of and defraud his brother in this matter, because the Lord is the avenger of all such, as we also forewarned you and testified.","num":6},{"text":"For God did not call us to uncleanness, but in holiness.","num":7},{"text":"Therefore he who rejects this does not reject man, but God, who has also given us His Holy Spirit.","num":8},{"text":"But concerning brotherly love you have no need that I should write to you, for you yourselves are taught by God to love one another;","num":9},{"text":"and indeed you do so toward all the brethren who are in all Macedonia. But we urge you, brethren, that you increase more and more;","num":10},{"text":"that you also aspire to lead a quiet life, to mind your own business, and to work with your own hands, as we commanded you,","num":11},{"text":"that you may walk properly toward those who are outside, and that you may lack nothing.","num":12},{"text":"But I do not want you to be ignorant, brethren, concerning those who have fallen asleep, lest you sorrow as others who have no hope.","num":13},{"text":"For if we believe that Jesus died and rose again, even so God will bring with Him those who sleep in Jesus.","num":14},{"text":"For this we say to you by the word of the Lord, that we who are alive and remain until the coming of the Lord will by no means precede those who are asleep.","num":15},{"text":"For the Lord Himself will descend from heaven with a shout, with the voice of an archangel, and with the trumpet of God. And the dead in Christ will rise first.","num":16},{"text":"Then we who are alive and remain shall be caught up together with them in the clouds to meet the Lord in the air. And thus we shall always be with the Lord.","num":17},{"text":"Therefore comfort one another with these words.","num":18}],"num":4},{"verses":[{"text":"But concerning the times and the seasons, brethren, you have no need that I should write to you.","num":1},{"text":"For you yourselves know perfectly that the day of the Lord so comes as a thief in the night.","num":2},{"text":"For when they say, \"Peace and safety!\" then sudden destruction comes upon them, as labor pains upon a pregnant woman. And they shall not escape.","num":3},{"text":"But you, brethren, are not in darkness, so that this Day should overtake you as a thief.","num":4},{"text":"You are all sons of light and sons of the day. We are not of the night nor of darkness.","num":5},{"text":"Therefore let us not sleep, as others do, but let us watch and be sober.","num":6},{"text":"For those who sleep, sleep at night, and those who get drunk are drunk at night.","num":7},{"text":"But let us who are of the day be sober, putting on the breastplate of faith and love, and as a helmet the hope of salvation.","num":8},{"text":"For God did not appoint us to wrath, but to obtain salvation through our Lord Jesus Christ,","num":9},{"text":"who died for us, that whether we wake or sleep, we should live together with Him.","num":10},{"text":"Therefore comfort each other and edify one another, just as you also are doing.","num":11},{"text":"And we urge you, brethren, to recognize those who labor among you, and are over you in the Lord and admonish you,","num":12},{"text":"and to esteem them very highly in love for their work's sake. Be at peace among yourselves.","num":13},{"text":"Now we exhort you, brethren, warn those who are unruly, comfort the fainthearted, uphold the weak, be patient with all.","num":14},{"text":"See that no one renders evil for evil to anyone, but always pursue what is good both for yourselves and for all.","num":15},{"text":"Rejoice always,","num":16},{"text":"pray without ceasing,","num":17},{"text":"in everything give thanks; for this is the will of God in Christ Jesus for you.","num":18},{"text":"Do not quench the Spirit.","num":19},{"text":"Do not despise prophecies.","num":20},{"text":"Test all things; hold fast what is good.","num":21},{"text":"Abstain from every form of evil.","num":22},{"text":"Now may the God of peace Himself sanctify you completely; and may your whole spirit, soul, and body be preserved blameless at the coming of our Lord Jesus Christ.","num":23},{"text":"He who calls you is faithful, who also will do it.","num":24},{"text":"Brethren, pray for us.","num":25},{"text":"Greet all the brethren with a holy kiss.","num":26},{"text":"I charge you by the Lord that this epistle be read to all the holy brethren.","num":27},{"text":"The grace of our Lord Jesus Christ be with you. Amen.","num":28}],"num":5}]}
