{"name":"1 Timothy","chapters":[{"verses":[{"text":"Paul, an apostle of Jesus Christ, by the commandment of God our Savior and the Lord Jesus Christ, our hope,","num":1},{"text":"To Timothy, a true son in the faith: Grace, mercy, and peace from God our Father and Jesus Christ our Lord.","num":2},{"text":"As I urged you when I went into Macedonia--remain in Ephesus that you may charge some that they teach no other doctrine,","num":3},{"text":"nor give heed to fables and endless genealogies, which cause disputes rather than godly edification which is in faith.","num":4},{"text":"Now the purpose of the commandment is love from a pure heart, from a good conscience, and from sincere faith,","num":5},{"text":"from which some, having strayed, have turned aside to idle talk,","num":6},{"text":"desiring to be teachers of the law, understanding neither what they say nor the things which they affirm.","num":7},{"text":"But we know that the law is good if one uses it lawfully,","num":8},{"text":"knowing this: that the law is not made for a righteous person, but for the lawless and insubordinate, for the ungodly and for sinners, for the unholy and profane, for murderers of fathers and murderers of mothers, for manslayers,","num":9},{"text":"for fornicators, for sodomites, for kidnappers, for liars, for perjurers, and if there is any other thing that is contrary to sound doctrine,","num":10},{"text":"according to the glorious gospel of the blessed God which was committed to my trust.","num":11},{"text":"And I thank Christ Jesus our Lord who has enabled me, because He counted me faithful, putting me into the ministry,","num":12},{"text":"although I was formerly a blasphemer, a persecutor, and an insolent man; but I obtained mercy because I did it ignorantly in unbelief.","num":13},{"text":"And the grace of our Lord was exceedingly abundant, with faith and love which are in Christ Jesus.","num":14},{"text":"This is a faithful saying and worthy of all acceptance, that Christ Jesus came into the world to save sinners, of whom I am chief.","num":15},{"text":"However, for this reason I obtained mercy, that in me first Jesus Christ might show all longsuffering, as a pattern to those who are going to believe on Him for everlasting life.","num":16},{"text":"Now to the King eternal, immortal, invisible, to God who alone is wise, be honor and glory forever and ever. Amen.","num":17},{"text":"This charge I commit to you, son Timothy, according to the prophecies previously made concerning you, that by them you may wage the good warfare,","num":18},{"text":"having faith and a good conscience, which some having rejected, concerning the faith have suffered shipwreck,","num":19},{"text":"of whom are Hymenaeus and Alexander, whom I delivered to Satan that they may learn not to blaspheme.","num":20}],"num":1},{"verses":[{"text":"Therefore I exhort first of all that supplications, prayers, intercessions, and giving of thanks be made for all men,","num":1},{"text":"for kings and all who are in authority, that we may lead a quiet and peaceable life in all godliness and reverence.","num":2},{"text":"For this is good and acceptable in the sight of God our Savior,","num":3},{"text":"who desires all men to be saved and to come to the knowledge of the truth.","num":4},{"text":"For there is one God and one Mediator between God and men, the Man Christ Jesus,","num":5},{"text":"who gave Himself a ransom for all, to be testified in due time,","num":6},{"text":"for which I was appointed a preacher and an apostle--I am speaking the truth in Christ and not lying--a teacher of the Gentiles in faith and truth.","num":7},{"text":"I desire therefore that the men pray everywhere, lifting up holy hands, without wrath and doubting;","num":8},{"text":"in like manner also, that the women adorn themselves in modest apparel, with propriety and moderation, not with braided hair or gold or pearls or costly clothing,","num":9},{"text":"but, which is proper for women professing godliness, with good works.","num":10},{"text":"Let a woman learn in silence with all submission.","num":11},{"text":"And I do not permit a woman to teach or to have authority over a man, but to be in silence.","num":12},{"text":"For Adam was formed first, then Eve.","num":13},{"text":"And Adam was not deceived, but the woman being deceived, fell into transgression.","num":14},{"text":"Nevertheless she will be saved in childbearing if they continue in faith, love, and holiness, with self-control.","num":15}],"num":2},{"verses":[{"text":"This is a faithful saying: If a man desires the position of a bishop, he desires a good work.","num":1},{"text":"A bishop then must be blameless, the husband of one wife, temperate, sober-minded, of good behavior, hospitable, able to teach;","num":2},{"text":"not given to wine, not violent, not greedy for money, but gentle, not quarrelsome, not covetous;","num":3},{"text":"one who rules his own house well, having his children in submission with all reverence","num":4},{"text":"(for if a man does not know how to rule his own house, how will he take care of the church of God?);","num":5},{"text":"not a novice, lest being puffed up with pride he fall into the same condemnation as the devil.","num":6},{"text":"Moreover he must have a good testimony among those who are outside, lest he fall into reproach and the snare of the devil.","num":7},{"text":"Likewise deacons must be reverent, not double-tongued, not given to much wine, not greedy for money,","num":8},{"text":"holding the mystery of the faith with a pure conscience.","num":9},{"text":"But let these also first be tested; then let them serve as deacons, being found blameless.","num":10},{"text":"Likewise, their wives must be reverent, not slanderers, temperate, faithful in all things.","num":11},{"text":"Let deacons be the husbands of one wife, ruling their children and their own houses well.","num":12},{"text":"For those who have served well as deacons obtain for themselves a good standing and great boldness in the faith which is in Christ Jesus.","num":13},{"text":"These things I write to you, though I hope to come to you shortly;","num":14},{"text":"but if I am delayed, I write so that you may know how you ought to conduct yourself in the house of God, which is the church of the living God, the pillar and ground of the truth.","num":15},{"text":"And without controversy great is the mystery of godliness: God was manifested in the flesh, Justified in the Spirit, Seen by angels, Preached among the Gentiles, Believed on in the world, Received up in glory.","num":16}],"num":3},{"verses":[{"text":"Now the Spirit expressly says that in latter times some will depart from the faith, giving heed to deceiving spirits and doctrines of demons,","num":1},{"text":"speaking lies in hypocrisy, having their own conscience seared with a hot iron,","num":2},{"text":"forbidding to marry, and commanding to abstain from foods which God created to be received with thanksgiving by those who believe and know the truth.","num":3},{"text":"For every creature of God is good, and nothing is to be refused if it is received with thanksgiving;","num":4},{"text":"for it is sanctified by the word of God and prayer.","num":5},{"text":"If you instruct the brethren in these things, you will be a good minister of Jesus Christ, nourished in the words of faith and of the good doctrine which you have carefully followed.","num":6},{"text":"But reject profane and old wives' fables, and exercise yourself toward godliness.","num":7},{"text":"For bodily exercise profits a little, but godliness is profitable for all things, having promise of the life that now is and of that which is to come.","num":8},{"text":"This is a faithful saying and worthy of all acceptance.","num":9},{"text":"For to this end we both labor and suffer reproach, because we trust in the living God, who is the Savior of all men, especially of those who believe.","num":10},{"text":"These things command and teach.","num":11},{"text":"Let no one despise your youth, but be an example to the believers in word, in conduct, in love, in spirit, in faith, in purity.","num":12},{"text":"Till I come, give attention to reading, to exhortation, to doctrine.","num":13},{"text":"Do not neglect the gift that is in you, which was given to you by prophecy with the laying on of the hands of the eldership.","num":14},{"text":"Meditate on these things; give yourself entirely to them, that your progress may be evident to all.","num":15},{"text":"Take heed to yourself and to the doctrine. Continue in them, for in doing this you will save both yourself and those who hear you.","num":16}],"num":4},{"verses":[{"text":"Do not rebuke an older man, but exhort him as a father, younger men as brothers,","num":1},{"text":"older women as mothers, younger women as sisters, with all purity.","num":2},{"text":"Honor widows who are really widows.","num":3},{"text":"But if any widow has children or grandchildren, let them first learn to show piety at home and to repay their parents; for this is good and acceptable before God.","num":4},{"text":"Now she who is really a widow, and left alone, trusts in God and continues in supplications and prayers night and day.","num":5},{"text":"But she who lives in pleasure is dead while she lives.","num":6},{"text":"And these things command, that they may be blameless.","num":7},{"text":"But if anyone does not provide for his own, and especially for those of his household, he has denied the faith and is worse than an unbeliever.","num":8},{"text":"Do not let a widow under sixty years old be taken into the number, and not unless she has been the wife of one man,","num":9},{"text":"well reported for good works: if she has brought up children, if she has lodged strangers, if she has washed the saints' feet, if she has relieved the afflicted, if she has diligently followed every good work.","num":10},{"text":"But refuse the younger widows; for when they have begun to grow wanton against Christ, they desire to marry,","num":11},{"text":"having condemnation because they have cast off their first faith.","num":12},{"text":"And besides they learn to be idle, wandering about from house to house, and not only idle but also gossips and busybodies, saying things which they ought not.","num":13},{"text":"Therefore I desire that the younger widows marry, bear children, manage the house, give no opportunity to the adversary to speak reproachfully.","num":14},{"text":"For some have already turned aside after Satan.","num":15},{"text":"If any believing man or woman has widows, let them relieve them, and do not let the church be burdened, that it may relieve those who are really widows.","num":16},{"text":"Let the elders who rule well be counted worthy of double honor, especially those who labor in the word and doctrine.","num":17},{"text":"For the Scripture says, \"You shall not muzzle an ox while it treads out the grain,\" and, \"The laborer is worthy of his wages.\"","num":18},{"text":"Do not receive an accusation against an elder except from two or three witnesses.","num":19},{"text":"Those who are sinning rebuke in the presence of all, that the rest also may fear.","num":20},{"text":"I charge you before God and the Lord Jesus Christ and the elect angels that you observe these things without prejudice, doing nothing with partiality.","num":21},{"text":"Do not lay hands on anyone hastily, nor share in other people's sins; keep yourself pure.","num":22},{"text":"No longer drink only water, but use a little wine for your stomach's sake and your frequent infirmities.","num":23},{"text":"Some men's sins are clearly evident, preceding them to judgment, but those of some men follow later.","num":24},{"text":"Likewise, the good works of some are clearly evident, and those that are otherwise cannot be hidden.","num":25}],"num":5},{"verses":[{"text":"Let as many bondservants as are under the yoke count their own masters worthy of all honor, so that the name of God and His doctrine may not be blasphemed.","num":1},{"text":"And those who have believing masters, let them not despise them because they are brethren, but rather serve them because those who are benefited are believers and beloved. Teach and exhort these things.","num":2},{"text":"If anyone teaches otherwise and does not consent to wholesome words, even the words of our Lord Jesus Christ, and to the doctrine which accords with godliness,","num":3},{"text":"he is proud, knowing nothing, but is obsessed with disputes and arguments over words, from which come envy, strife, reviling, evil suspicions,","num":4},{"text":"useless wranglings of men of corrupt minds and destitute of the truth, who suppose that godliness is a means of gain. From such withdraw yourself.","num":5},{"text":"Now godliness with contentment is great gain.","num":6},{"text":"For we brought nothing into this world, and it is certain we can carry nothing out.","num":7},{"text":"And having food and clothing, with these we shall be content.","num":8},{"text":"But those who desire to be rich fall into temptation and a snare, and into many foolish and harmful lusts which drown men in destruction and perdition.","num":9},{"text":"For the love of money is a root of all kinds of evil, for which some have strayed from the faith in their greediness, and pierced themselves through with many sorrows.","num":10},{"text":"But you, O man of God, flee these things and pursue righteousness, godliness, faith, love, patience, gentleness.","num":11},{"text":"Fight the good fight of faith, lay hold on eternal life, to which you were also called and have confessed the good confession in the presence of many witnesses.","num":12},{"text":"I urge you in the sight of God who gives life to all things, and before Christ Jesus who witnessed the good confession before Pontius Pilate,","num":13},{"text":"that you keep this commandment without spot, blameless until our Lord Jesus Christ's appearing,","num":14},{"text":"which He will manifest in His own time, He who is the blessed and only Potentate, the King of kings and Lord of lords,","num":15},{"text":"who alone has immortality, dwelling in unapproachable light, whom no man has seen or can see, to whom be honor and everlasting power. Amen.","num":16},{"text":"Command those who are rich in this present age not to be haughty, nor to trust in uncertain riches but in the living God, who gives us richly all things to enjoy.","num":17},{"text":"Let them do good, that they be rich in good works, ready to give, willing to share,","num":18},{"text":"storing up for themselves a good foundation for the time to come, that they may lay hold on eternal life.","num":19},{"text":"O Timothy! Guard what was committed to your trust, avoiding the profane and idle babblings and contradictions of what is falsely called knowledge--","num":20},{"text":"by professing it some have strayed concerning the faith. Grace be with you. Amen.","num":21}],"num":6}]}
