{"name":"2 Corinthians","chapters":[{"verses":[{"text":"Paul, an apostle of Jesus Christ by the will of God, and Timothy our brother, To the church of God which is at Corinth, with all the saints who are in all Achaia:","num":1},{"text":"Grace to you and peace from God our Father and the Lord Jesus Christ.","num":2},{"text":"Blessed be the God and Father of our Lord Jesus Christ, the Father of mercies and God of all comfort,","num":3},{"text":"who comforts us in all our tribulation, that we may be able to comfort those who are in any trouble, with the comfort with which we ourselves are comforted by God.","num":4},{"text":"For as the sufferings of Christ abound in us, so our consolation also abounds through Christ.","num":5},{"text":"Now if we are afflicted, it is for your consolation and salvation, which is effective for enduring the same sufferings which we also suffer. Or if we are comforted, it is for your consolation and salvation.","num":6},{"text":"And our hope for you is steadfast, because we know that as you are partakers of the sufferings, so also you will partake of the consolation.","num":7},{"text":"For we do not want you to be ignorant, brethren, of our trouble which came to us in Asia: that we were burdened beyond measure, above strength, so that we despaired even of life.","num":8},{"text":"Yes, we had the sentence of death in ourselves, that we should not trust in ourselves but in God who raises the dead,","num":9},{"text":"who delivered us from so great a death, and does deliver us; in whom we trust that He will still deliver us,","num":10},{"text":"you also helping together in prayer for us, that thanks may be given by many persons on our behalf for the gift granted to us through many.","num":11},{"text":"For our boasting is this: the testimony of our conscience that we conducted ourselves in the world in simplicity and godly sincerity, not with fleshly wisdom but by the grace of God, and more abundantly toward you.","num":12},{"text":"For we are not writing any other things to you than what you read or understand. Now I trust you will understand, even to the end","num":13},{"text":"(as also you have understood us in part), that we are your boast as you also are ours, in the day of the Lord Jesus.","num":14},{"text":"And in this confidence I intended to come to you before, that you might have a second benefit--","num":15},{"text":"to pass by way of you to Macedonia, to come again from Macedonia to you, and be helped by you on my way to Judea.","num":16},{"text":"Therefore, when I was planning this, did I do it lightly? Or the things I plan, do I plan according to the flesh, that with me there should be Yes, Yes, and No, No?","num":17},{"text":"But as God is faithful, our word to you was not Yes and No.","num":18},{"text":"For the Son of God, Jesus Christ, who was preached among you by us--by me, Silvanus, and Timothy--was not Yes and No, but in Him was Yes.","num":19},{"text":"For all the promises of God in Him are Yes, and in Him Amen, to the glory of God through us.","num":20},{"text":"Now He who establishes us with you in Christ and has anointed us is God,","num":21},{"text":"who also has sealed us and given us the Spirit in our hearts as a guarantee.","num":22},{"text":"Moreover I call God as witness against my soul, that to spare you I came no more to Corinth.","num":23},{"text":"Not that we have dominion over your faith, but are fellow workers for your joy; for by faith you stand.","num":24}],"num":1},{"verses":[{"text":"But I determined this within myself, that I would not come again to you in sorrow.","num":1},{"text":"For if I make you sorrowful, then who is he who makes me glad but the one who is made sorrowful by me?","num":2},{"text":"And I wrote this very thing to you, lest, when I came, I should have sorrow over those from whom I ought to have joy, having confidence in you all that my joy is the joy of you all.","num":3},{"text":"For out of much affliction and anguish of heart I wrote to you, with many tears, not that you should be grieved, but that you might know the love which I have so abundantly for you.","num":4},{"text":"But if anyone has caused grief, he has not grieved me, but all of you to some extent--not to be too severe.","num":5},{"text":"This punishment which was inflicted by the majority is sufficient for such a man,","num":6},{"text":"so that, on the contrary, you ought rather to forgive and comfort him, lest perhaps such a one be swallowed up with too much sorrow.","num":7},{"text":"Therefore I urge you to reaffirm your love to him.","num":8},{"text":"For to this end I also wrote, that I might put you to the test, whether you are obedient in all things.","num":9},{"text":"Now whom you forgive anything, I also forgive. For if indeed I have forgiven anything, I have forgiven that one for your sakes in the presence of Christ,","num":10},{"text":"lest Satan should take advantage of us; for we are not ignorant of his devices.","num":11},{"text":"Furthermore, when I came to Troas to preach Christ's gospel, and a door was opened to me by the Lord,","num":12},{"text":"I had no rest in my spirit, because I did not find Titus my brother; but taking my leave of them, I departed for Macedonia.","num":13},{"text":"Now thanks be to God who always leads us in triumph in Christ, and through us diffuses the fragrance of His knowledge in every place.","num":14},{"text":"For we are to God the fragrance of Christ among those who are being saved and among those who are perishing.","num":15},{"text":"To the one we are the aroma of death leading to death, and to the other the aroma of life leading to life. And who is sufficient for these things?","num":16},{"text":"For we are not, as so many, peddling the word of God; but as of sincerity, but as from God, we speak in the sight of God in Christ.","num":17}],"num":2},{"verses":[{"text":"Do we begin again to commend ourselves? Or do we need, as some others, epistles of commendation to you or letters of commendation from you?","num":1},{"text":"You are our epistle written in our hearts, known and read by all men;","num":2},{"text":"clearly you are an epistle of Christ, ministered by us, written not with ink but by the Spirit of the living God, not on tablets of stone but on tablets of flesh, that is, of the heart.","num":3},{"text":"And we have such trust through Christ toward God.","num":4},{"text":"Not that we are sufficient of ourselves to think of anything as being from ourselves, but our sufficiency is from God,","num":5},{"text":"who also made us sufficient as ministers of the new covenant, not of the letter but of the Spirit; for the letter kills, but the Spirit gives life.","num":6},{"text":"But if the ministry of death, written and engraved on stones, was glorious, so that the children of Israel could not look steadily at the face of Moses because of the glory of his countenance, which glory was passing away,","num":7},{"text":"how will the ministry of the Spirit not be more glorious?","num":8},{"text":"For if the ministry of condemnation had glory, the ministry of righteousness exceeds much more in glory.","num":9},{"text":"For even what was made glorious had no glory in this respect, because of the glory that excels.","num":10},{"text":"For if what is passing away was glorious, what remains is much more glorious.","num":11},{"text":"Therefore, since we have such hope, we use great boldness of speech--","num":12},{"text":"unlike Moses, who put a veil over his face so that the children of Israel could not look steadily at the end of what was passing away.","num":13},{"text":"But their minds were blinded. For until this day the same veil remains unlifted in the reading of the Old Testament, because the veil is taken away in Christ.","num":14},{"text":"But even to this day, when Moses is read, a veil lies on their heart.","num":15},{"text":"Nevertheless when one turns to the Lord, the veil is taken away.","num":16},{"text":"Now the Lord is the Spirit; and where the Spirit of the Lord is, there is liberty.","num":17},{"text":"But we all, with unveiled face, beholding as in a mirror the glory of the Lord, are being transformed into the same image from glory to glory, just as by the Spirit of the Lord.","num":18}],"num":3},{"verses":[{"text":"Therefore, since we have this ministry, as we have received mercy, we do not lose heart.","num":1},{"text":"But we have renounced the hidden things of shame, not walking in craftiness nor handling the word of God deceitfully, but by manifestation of the truth commending ourselves to every man's conscience in the sight of God.","num":2},{"text":"But even if our gospel is veiled, it is veiled to those who are perishing,","num":3},{"text":"whose minds the god of this age has blinded, who do not believe, lest the light of the gospel of the glory of Christ, who is the image of God, should shine on them.","num":4},{"text":"For we do not preach ourselves, but Christ Jesus the Lord, and ourselves your bondservants for Jesus' sake.","num":5},{"text":"For it is the God who commanded light to shine out of darkness, who has shone in our hearts to give the light of the knowledge of the glory of God in the face of Jesus Christ.","num":6},{"text":"But we have this treasure in earthen vessels, that the excellence of the power may be of God and not of us.","num":7},{"text":"We are hard-pressed on every side, yet not crushed; we are perplexed, but not in despair;","num":8},{"text":"persecuted, but not forsaken; struck down, but not destroyed--","num":9},{"text":"always carrying about in the body the dying of the Lord Jesus, that the life of Jesus also may be manifested in our body.","num":10},{"text":"For we who live are always delivered to death for Jesus' sake, that the life of Jesus also may be manifested in our mortal flesh.","num":11},{"text":"So then death is working in us, but life in you.","num":12},{"text":"And since we have the same spirit of faith, according to what is written, \"I believed and therefore I spoke,\" we also believe and therefore speak,","num":13},{"text":"knowing that He who raised up the Lord Jesus will also raise us up with Jesus, and will present us with you.","num":14},{"text":"For all things are for your sakes, that grace, having spread through the many, may cause thanksgiving to abound to the glory of God.","num":15},{"text":"Therefore we do not lose heart. Even though our outward man is perishing, yet the inward man is being renewed day by day.","num":16},{"text":"For our light affliction, which is but for a moment, is working for us a far more exceeding and eternal weight of glory,","num":17},{"text":"while we do not look at the things which are seen, but at the things which are not seen. For the things which are seen are temporary, but the things which are not seen are eternal.","num":18}],"num":4},{"verses":[{"text":"For we know that if our earthly house, this tent, is destroyed, we have a building from God, a house not made with hands, eternal in the heavens.","num":1},{"text":"For in this we groan, earnestly desiring to be clothed with our habitation which is from heaven,","num":2},{"text":"if indeed, having been clothed, we shall not be found naked.","num":3},{"text":"For we who are in this tent groan, being burdened, not because we want to be unclothed, but further clothed, that mortality may be swallowed up by life.","num":4},{"text":"Now He who has prepared us for this very thing is God, who also has given us the Spirit as a guarantee.","num":5},{"text":"So we are always confident, knowing that while we are at home in the body we are absent from the Lord.","num":6},{"text":"For we walk by faith, not by sight.","num":7},{"text":"We are confident, yes, well pleased rather to be absent from the body and to be present with the Lord.","num":8},{"text":"Therefore we make it our aim, whether present or absent, to be well pleasing to Him.","num":9},{"text":"For we must all appear before the judgment seat of Christ, that each one may receive the things done in the body, according to what he has done, whether good or bad.","num":10},{"text":"Knowing, therefore, the terror of the Lord, we persuade men; but we are well known to God, and I also trust are well known in your consciences.","num":11},{"text":"For we do not commend ourselves again to you, but give you opportunity to boast on our behalf, that you may have an answer for those who boast in appearance and not in heart.","num":12},{"text":"For if we are beside ourselves, it is for God; or if we are of sound mind, it is for you.","num":13},{"text":"For the love of Christ compels us, because we judge thus: that if One died for all, then all died;","num":14},{"text":"and He died for all, that those who live should live no longer for themselves, but for Him who died for them and rose again.","num":15},{"text":"Therefore, from now on, we regard no one according to the flesh. Even though we have known Christ according to the flesh, yet now we know Him thus no longer.","num":16},{"text":"Therefore, if anyone is in Christ, he is a new creation; old things have passed away; behold, all things have become new.","num":17},{"text":"Now all things are of God, who has reconciled us to Himself through Jesus Christ, and has given us the ministry of reconciliation,","num":18},{"text":"that is, that God was in Christ reconciling the world to Himself, not imputing their trespasses to them, and has committed to us the word of reconciliation.","num":19},{"text":"Now then, we are ambassadors for Christ, as though God were pleading through us: we implore you on Christ's behalf, be reconciled to God.","num":20},{"text":"For He made Him who knew no sin to be sin for us, that we might become the righteousness of God in Him.","num":21}],"num":5},{"verses":[{"text":"We then, as workers together with Him also plead with you not to receive the grace of God in vain.","num":1},{"text":"For He says: \"In an acceptable time I have heard you, And in the day of salvation I have helped you.\" Behold, now is the accepted time; behold, now is the day of salvation.","num":2},{"text":"We give no offense in anything, that our ministry may not be blamed.","num":3},{"text":"But in all things we commend ourselves as ministers of God: in much patience, in tribulations, in needs, in distresses,","num":4},{"text":"in stripes, in imprisonments, in tumults, in labors, in sleeplessness, in fastings;","num":5},{"text":"by purity, by knowledge, by longsuffering, by kindness, by the Holy Spirit, by sincere love,","num":6},{"text":"by the word of truth, by the power of God, by the armor of righteousness on the right hand and on the left,","num":7},{"text":"by honor and dishonor, by evil report and good report; as deceivers, and yet true;","num":8},{"text":"as unknown, and yet well known; as dying, and behold we live; as chastened, and yet not killed;","num":9},{"text":"as sorrowful, yet always rejoicing; as poor, yet making many rich; as having nothing, and yet possessing all things.","num":10},{"text":"O Corinthians! We have spoken openly to you, our heart is wide open.","num":11},{"text":"You are not restricted by us, but you are restricted by your own affections.","num":12},{"text":"Now in return for the same (I speak as to children), you also be open.","num":13},{"text":"Do not be unequally yoked together with unbelievers. For what fellowship has righteousness with lawlessness? And what communion has light with darkness?","num":14},{"text":"And what accord has Christ with Belial? Or what part has a believer with an unbeliever?","num":15},{"text":"And what agreement has the temple of God with idols? For you are the temple of the living God. As God has said: \"I will dwell in them And walk among them. I will be their God, And they shall be My people.\"","num":16},{"text":"Therefore \"Come out from among them And be separate, says the Lord. Do not touch what is unclean, And I will receive you.\"","num":17},{"text":"\"I will be a Father to you, And you shall be My sons and daughters, Says the LORD Almighty.\"","num":18}],"num":6},{"verses":[{"text":"Therefore, having these promises, beloved, let us cleanse ourselves from all filthiness of the flesh and spirit, perfecting holiness in the fear of God.","num":1},{"text":"Open your hearts to us. We have wronged no one, we have corrupted no one, we have cheated no one.","num":2},{"text":"I do not say this to condemn; for I have said before that you are in our hearts, to die together and to live together.","num":3},{"text":"Great is my boldness of speech toward you, great is my boasting on your behalf. I am filled with comfort. I am exceedingly joyful in all our tribulation.","num":4},{"text":"For indeed, when we came to Macedonia, our bodies had no rest, but we were troubled on every side. Outside were conflicts, inside were fears.","num":5},{"text":"Nevertheless God, who comforts the downcast, comforted us by the coming of Titus,","num":6},{"text":"and not only by his coming, but also by the consolation with which he was comforted in you, when he told us of your earnest desire, your mourning, your zeal for me, so that I rejoiced even more.","num":7},{"text":"For even if I made you sorry with my letter, I do not regret it; though I did regret it. For I perceive that the same epistle made you sorry, though only for a while.","num":8},{"text":"Now I rejoice, not that you were made sorry, but that your sorrow led to repentance. For you were made sorry in a godly manner, that you might suffer loss from us in nothing.","num":9},{"text":"For godly sorrow produces repentance leading to salvation, not to be regretted; but the sorrow of the world produces death.","num":10},{"text":"For observe this very thing, that you sorrowed in a godly manner: What diligence it produced in you, what clearing of yourselves, what indignation, what fear, what vehement desire, what zeal, what vindication! In all things you proved yourselves to be clear in this matter.","num":11},{"text":"Therefore, although I wrote to you, I did not do it for the sake of him who had done the wrong, nor for the sake of him who suffered wrong, but that our care for you in the sight of God might appear to you.","num":12},{"text":"Therefore we have been comforted in your comfort. And we rejoiced exceedingly more for the joy of Titus, because his spirit has been refreshed by you all.","num":13},{"text":"For if in anything I have boasted to him about you, I am not ashamed. But as we spoke all things to you in truth, even so our boasting to Titus was found true.","num":14},{"text":"And his affections are greater for you as he remembers the obedience of you all, how with fear and trembling you received him.","num":15},{"text":"Therefore I rejoice that I have confidence in you in everything.","num":16}],"num":7},{"verses":[{"text":"Moreover, brethren, we make known to you the grace of God bestowed on the churches of Macedonia:","num":1},{"text":"that in a great trial of affliction the abundance of their joy and their deep poverty abounded in the riches of their liberality.","num":2},{"text":"For I bear witness that according to their ability, yes, and beyond their ability, they were freely willing,","num":3},{"text":"imploring us with much urgency that we would receive the gift and the fellowship of the ministering to the saints.","num":4},{"text":"And not only as we had hoped, but they first gave themselves to the Lord, and then to us by the will of God.","num":5},{"text":"So we urged Titus, that as he had begun, so he would also complete this grace in you as well.","num":6},{"text":"But as you abound in everything--in faith, in speech, in knowledge, in all diligence, and in your love for us--see that you abound in this grace also.","num":7},{"text":"I speak not by commandment, but I am testing the sincerity of your love by the diligence of others.","num":8},{"text":"For you know the grace of our Lord Jesus Christ, that though He was rich, yet for your sakes He became poor, that you through His poverty might become rich.","num":9},{"text":"And in this I give advice: It is to your advantage not only to be doing what you began and were desiring to do a year ago;","num":10},{"text":"but now you also must complete the doing of it; that as there was a readiness to desire it, so there also may be a completion out of what you have.","num":11},{"text":"For if there is first a willing mind, it is accepted according to what one has, and not according to what he does not have.","num":12},{"text":"For I do not mean that others should be eased and you burdened;","num":13},{"text":"but by an equality, that now at this time your abundance may supply their lack, that their abundance also may supply your lack--that there may be equality.","num":14},{"text":"As it is written, \"He who gathered much had nothing left over, and he who gathered little had no lack.\"","num":15},{"text":"But thanks be to God who puts the same earnest care for you into the heart of Titus.","num":16},{"text":"For he not only accepted the exhortation, but being more diligent, he went to you of his own accord.","num":17},{"text":"And we have sent with him the brother whose praise is in the gospel throughout all the churches,","num":18},{"text":"and not only that, but who was also chosen by the churches to travel with us with this gift, which is administered by us to the glory of the Lord Himself and to show your ready mind,","num":19},{"text":"avoiding this: that anyone should blame us in this lavish gift which is administered by us--","num":20},{"text":"providing honorable things, not only in the sight of the Lord, but also in the sight of men.","num":21},{"text":"And we have sent with them our brother whom we have often proved diligent in many things, but now much more diligent, because of the great confidence which we have in you.","num":22},{"text":"If anyone inquires about Titus, he is my partner and fellow worker concerning you. Or if our brethren are inquired about, they are messengers of the churches, the glory of Christ.","num":23},{"text":"Therefore show to them, and before the churches, the proof of your love and of our boasting on your behalf.","num":24}],"num":8},{"verses":[{"text":"Now concerning the ministering to the saints, it is superfluous for me to write to you;","num":1},{"text":"for I know your willingness, about which I boast of you to the Macedonians, that Achaia was ready a year ago; and your zeal has stirred up the majority.","num":2},{"text":"Yet I have sent the brethren, lest our boasting of you should be in vain in this respect, that, as I said, you may be ready;","num":3},{"text":"lest if some Macedonians come with me and find you unprepared, we (not to mention you!) should be ashamed of this confident boasting.","num":4},{"text":"Therefore I thought it necessary to exhort the brethren to go to you ahead of time, and prepare your generous gift beforehand, which you had previously promised, that it may be ready as a matter of generosity and not as a grudging obligation.","num":5},{"text":"But this I say: He who sows sparingly will also reap sparingly, and he who sows bountifully will also reap bountifully.","num":6},{"text":"So let each one give as he purposes in his heart, not grudgingly or of necessity; for God loves a cheerful giver.","num":7},{"text":"And God is able to make all grace abound toward you, that you, always having all sufficiency in all things, may have an abundance for every good work.","num":8},{"text":"As it is written: \"He has dispersed abroad, He has given to the poor; His righteousness endures forever.\"","num":9},{"text":"Now may He who supplies seed to the sower, and bread for food, supply and multiply the seed you have sown and increase the fruits of your righteousness,","num":10},{"text":"while you are enriched in everything for all liberality, which causes thanksgiving through us to God.","num":11},{"text":"For the administration of this service not only supplies the needs of the saints, but also is abounding through many thanksgivings to God,","num":12},{"text":"while, through the proof of this ministry, they glorify God for the obedience of your confession to the gospel of Christ, and for your liberal sharing with them and all men,","num":13},{"text":"and by their prayer for you, who long for you because of the exceeding grace of God in you.","num":14},{"text":"Thanks be to God for His indescribable gift!","num":15}],"num":9},{"verses":[{"text":"Now I, Paul, myself am pleading with you by the meekness and gentleness of Christ--who in presence am lowly among you, but being absent am bold toward you.","num":1},{"text":"But I beg you that when I am present I may not be bold with that confidence by which I intend to be bold against some, who think of us as if we walked according to the flesh.","num":2},{"text":"For though we walk in the flesh, we do not war according to the flesh.","num":3},{"text":"For the weapons of our warfare are not carnal but mighty in God for pulling down strongholds,","num":4},{"text":"casting down arguments and every high thing that exalts itself against the knowledge of God, bringing every thought into captivity to the obedience of Christ,","num":5},{"text":"and being ready to punish all disobedience when your obedience is fulfilled.","num":6},{"text":"Do you look at things according to the outward appearance? If anyone is convinced in himself that he is Christ's, let him again consider this in himself, that just as he is Christ's, even so we are Christ's.","num":7},{"text":"For even if I should boast somewhat more about our authority, which the Lord gave us for edification and not for your destruction, I shall not be ashamed--","num":8},{"text":"lest I seem to terrify you by letters.","num":9},{"text":"\"For his letters,\" they say, \"are weighty and powerful, but his bodily presence is weak, and his speech contemptible.\"","num":10},{"text":"Let such a person consider this, that what we are in word by letters when we are absent, such we will also be in deed when we are present.","num":11},{"text":"For we dare not class ourselves or compare ourselves with those who commend themselves. But they, measuring themselves by themselves, and comparing themselves among themselves, are not wise.","num":12},{"text":"We, however, will not boast beyond measure, but within the limits of the sphere which God appointed us--a sphere which especially includes you.","num":13},{"text":"For we are not overextending ourselves (as though our authority did not extend to you), for it was to you that we came with the gospel of Christ;","num":14},{"text":"not boasting of things beyond measure, that is, in other men's labors, but having hope, that as your faith is increased, we shall be greatly enlarged by you in our sphere,","num":15},{"text":"to preach the gospel in the regions beyond you, and not to boast in another man's sphere of accomplishment.","num":16},{"text":"But \"he who glories, let him glory in the LORD.\"","num":17},{"text":"For not he who commends himself is approved, but whom the Lord commends.","num":18}],"num":10},{"verses":[{"text":"Oh, that you would bear with me in a little folly--and indeed you do bear with me.","num":1},{"text":"For I am jealous for you with godly jealousy. For I have betrothed you to one husband, that I may present you as a chaste virgin to Christ.","num":2},{"text":"But I fear, lest somehow, as the serpent deceived Eve by his craftiness, so your minds may be corrupted from the simplicity that is in Christ.","num":3},{"text":"For if he who comes preaches another Jesus whom we have not preached, or if you receive a different spirit which you have not received, or a different gospel which you have not accepted--you may well put up with it!","num":4},{"text":"For I consider that I am not at all inferior to the most eminent apostles.","num":5},{"text":"Even though I am untrained in speech, yet I am not in knowledge. But we have been thoroughly manifested among you in all things.","num":6},{"text":"Did I commit sin in humbling myself that you might be exalted, because I preached the gospel of God to you free of charge?","num":7},{"text":"I robbed other churches, taking wages from them to minister to you.","num":8},{"text":"And when I was present with you, and in need, I was a burden to no one, for what I lacked the brethren who came from Macedonia supplied. And in everything I kept myself from being burdensome to you, and so I will keep myself.","num":9},{"text":"As the truth of Christ is in me, no one shall stop me from this boasting in the regions of Achaia.","num":10},{"text":"Why? Because I do not love you? God knows!","num":11},{"text":"But what I do, I will also continue to do, that I may cut off the opportunity from those who desire an opportunity to be regarded just as we are in the things of which they boast.","num":12},{"text":"For such are false apostles, deceitful workers, transforming themselves into apostles of Christ.","num":13},{"text":"And no wonder! For Satan himself transforms himself into an angel of light.","num":14},{"text":"Therefore it is no great thing if his ministers also transform themselves into ministers of righteousness, whose end will be according to their works.","num":15},{"text":"I say again, let no one think me a fool. If otherwise, at least receive me as a fool, that I also may boast a little.","num":16},{"text":"What I speak, I speak not according to the Lord, but as it were, foolishly, in this confidence of boasting.","num":17},{"text":"Seeing that many boast according to the flesh, I also will boast.","num":18},{"text":"For you put up with fools gladly, since you yourselves are wise!","num":19},{"text":"For you put up with it if one brings you into bondage, if one devours you, if one takes from you, if one exalts himself, if one strikes you on the face.","num":20},{"text":"To our shame I say that we were too weak for that! But in whatever anyone is bold--I speak foolishly--I am bold also.","num":21},{"text":"Are they Hebrews? So am I. Are they Israelites? So am I. Are they the seed of Abraham? So am I.","num":22},{"text":"Are they ministers of Christ?--I speak as a fool--I am more: in labors more abundant, in stripes above measure, in prisons more frequently, in deaths often.","num":23},{"text":"From the Jews five times I received forty stripes minus one.","num":24},{"text":"Three times I was beaten with rods; once I was stoned; three times I was shipwrecked; a night and a day I have been in the deep;","num":25},{"text":"in journeys often, in perils of waters, in perils of robbers, in perils of my own countrymen, in perils of the Gentiles, in perils in the city, in perils in the wilderness, in perils in the sea, in perils among false brethren;","num":26},{"text":"in weariness and toil, in sleeplessness often, in hunger and thirst, in fastings often, in cold and nakedness--","num":27},{"text":"besides the other things, what comes upon me daily: my deep concern for all the churches.","num":28},{"text":"Who is weak, and I am not weak? Who is made to stumble, and I do not burn with indignation?","num":29},{"text":"If I must boast, I will boast in the things which concern my infirmity.","num":30},{"text":"The God and Father of our Lord Jesus Christ, who is blessed forever, knows that I am not lying.","num":31},{"text":"In Damascus the governor, under Aretas the king, was guarding the city of the Damascenes with a garrison, desiring to arrest me;","num":32},{"text":"but I was let down in a basket through a window in the wall, and escaped from his hands.","num":33}],"num":11},{"verses":[{"text":"It is doubtless not profitable for me to boast. I will come to visions and revelations of the Lord:","num":1},{"text":"I know a man in Christ who fourteen years ago--whether in the body I do not know, or whether out of the body I do not know, God knows--such a one was caught up to the third heaven.","num":2},{"text":"And I know such a man--whether in the body or out of the body I do not know, God knows--","num":3},{"text":"how he was caught up into Paradise and heard inexpressible words, which it is not lawful for a man to utter.","num":4},{"text":"Of such a one I will boast; yet of myself I will not boast, except in my infirmities.","num":5},{"text":"For though I might desire to boast, I will not be a fool; for I will speak the truth. But I refrain, lest anyone should think of me above what he sees me to be or hears from me.","num":6},{"text":"And lest I should be exalted above measure by the abundance of the revelations, a thorn in the flesh was given to me, a messenger of Satan to buffet me, lest I be exalted above measure.","num":7},{"text":"Concerning this thing I pleaded with the Lord three times that it might depart from me.","num":8},{"text":"And He said to me, \"My grace is sufficient for you, for My strength is made perfect in weakness.\" Therefore most gladly I will rather boast in my infirmities, that the power of Christ may rest upon me.","num":9},{"text":"Therefore I take pleasure in infirmities, in reproaches, in needs, in persecutions, in distresses, for Christ's sake. For when I am weak, then I am strong.","num":10},{"text":"I have become a fool in boasting; you have compelled me. For I ought to have been commended by you; for in nothing was I behind the most eminent apostles, though I am nothing.","num":11},{"text":"Truly the signs of an apostle were accomplished among you with all perseverance, in signs and wonders and mighty deeds.","num":12},{"text":"For what is it in which you were inferior to other churches, except that I myself was not burdensome to you? Forgive me this wrong!","num":13},{"text":"Now for the third time I am ready to come to you. And I will not be burdensome to you; for I do not seek yours, but you. For the children ought not to lay up for the parents, but the parents for the children.","num":14},{"text":"And I will very gladly spend and be spent for your souls; though the more abundantly I love you, the less I am loved.","num":15},{"text":"But be that as it may, I did not burden you. Nevertheless, being crafty, I caught you by cunning!","num":16},{"text":"Did I take advantage of you by any of those whom I sent to you?","num":17},{"text":"I urged Titus, and sent our brother with him. Did Titus take advantage of you? Did we not walk in the same spirit? Did we not walk in the same steps?","num":18},{"text":"Again, do you think that we excuse ourselves to you? We speak before God in Christ. But we do all things, beloved, for your edification.","num":19},{"text":"For I fear lest, when I come, I shall not find you such as I wish, and that I shall be found by you such as you do not wish; lest there be contentions, jealousies, outbursts of wrath, selfish ambitions, backbitings, whisperings, conceits, tumults;","num":20},{"text":"lest, when I come again, my God will humble me among you, and I shall mourn for many who have sinned before and have not repented of the uncleanness, fornication, and lewdness which they have practiced.","num":21}],"num":12},{"verses":[{"text":"This will be the third time I am coming to you. \"By the mouth of two or three witnesses every word shall be established.\"","num":1},{"text":"I have told you before, and foretell as if I were present the second time, and now being absent I write to those who have sinned before, and to all the rest, that if I come again I will not spare--","num":2},{"text":"since you seek a proof of Christ speaking in me, who is not weak toward you, but mighty in you.","num":3},{"text":"For though He was crucified in weakness, yet He lives by the power of God. For we also are weak in Him, but we shall live with Him by the power of God toward you.","num":4},{"text":"Examine yourselves as to whether you are in the faith. Test yourselves. Do you not know yourselves, that Jesus Christ is in you?--unless indeed you are disqualified.","num":5},{"text":"But I trust that you will know that we are not disqualified.","num":6},{"text":"Now I pray to God that you do no evil, not that we should appear approved, but that you should do what is honorable, though we may seem disqualified.","num":7},{"text":"For we can do nothing against the truth, but for the truth.","num":8},{"text":"For we are glad when we are weak and you are strong. And this also we pray, that you may be made complete.","num":9},{"text":"Therefore I write these things being absent, lest being present I should use sharpness, according to the authority which the Lord has given me for edification and not for destruction.","num":10},{"text":"Finally, brethren, farewell. Become complete. Be of good comfort, be of one mind, live in peace; and the God of love and peace will be with you.","num":11},{"text":"Greet one another with a holy kiss.","num":12},{"text":"All the saints greet you.","num":13},{"text":"The grace of the Lord Jesus Christ, and the love of God, and the communion of the Holy Spirit be with you all. Amen.","num":14}],"num":13}]}
