{"name":"2 John","chapters":[{"verses":[{"text":"The Elder, To the elect lady and her children, whom I love in truth, and not only I, but also all those who have known the truth,","num":1},{"text":"because of the truth which abides in us and will be with us forever:","num":2},{"text":"Grace, mercy, and peace will be with you from God the Father and from the Lord Jesus Christ, the Son of the Father, in truth and love.","num":3},{"text":"I rejoiced greatly that I have found some of your children walking in truth, as we received commandment from the Father.","num":4},{"text":"And now I plead with you, lady, not as though I wrote a new commandment to you, but that which we have had from the beginning: that we love one another.","num":5},{"text":"This is love, that we walk according to His commandments. This is the commandment, that as you have heard from the beginning, you should walk in it.","num":6},{"text":"For many deceivers have gone out into the world who do not confess Jesus Christ as coming in the flesh. This is a deceiver and an antichrist.","num":7},{"text":"Look to yourselves, that we do not lose those things we worked for, but that we may receive a full reward.","num":8},{"text":"Whoever transgresses and does not abide in the doctrine of Christ does not have God. He who abides in the doctrine of Christ has both the Father and the Son.","num":9},{"text":"If anyone comes to you and does not bring this doctrine, do not receive him into your house nor greet him;","num":10},{"text":"for he who greets him shares in his evil deeds.","num":11},{"text":"Having many things to write to you, I did not wish to do so with paper and ink; but I hope to come to you and speak face to face, that our joy may be full.","num":12},{"text":"The children of your elect sister greet you. Amen.","num":13}],"num":1}]}
