{"name":"2 Timothy","chapters":[{"verses":[{"text":"Paul, an apostle of Jesus Christ by the will of God, according to the promise of life which is in Christ Jesus,","num":1},{"text":"To Timothy, a beloved son: Grace, mercy, and peace from God the Father and Christ Jesus our Lord.","num":2},{"text":"I thank God, whom I serve with a pure conscience, as my forefathers did, as without ceasing I remember you in my prayers night and day,","num":3},{"text":"greatly desiring to see you, being mindful of your tears, that I may be filled with joy,","num":4},{"text":"when I call to remembrance the genuine faith that is in you, which dwelt first in your grandmother Lois and your mother Eunice, and I am persuaded is in you also.","num":5},{"text":"Therefore I remind you to stir up the gift of God which is in you through the laying on of my hands.","num":6},{"text":"For God has not given us a spirit of fear, but of power and of love and of a sound mind.","num":7},{"text":"Therefore do not be ashamed of the testimony of our Lord, nor of me His prisoner, but share with me in the sufferings for the gospel according to the power of God,","num":8},{"text":"who has saved us and called us with a holy calling, not according to our works, but according to His own purpose and grace which was given to us in Christ Jesus before time began,","num":9},{"text":"but has now been revealed by the appearing of our Savior Jesus Christ, who has abolished death and brought life and immortality to light through the gospel,","num":10},{"text":"to which I was appointed a preacher, an apostle, and a teacher of the Gentiles.","num":11},{"text":"For this reason I also suffer these things; nevertheless I am not ashamed, for I know whom I have believed and am persuaded that He is able to keep what I have committed to Him until that Day.","num":12},{"text":"Hold fast the pattern of sound words which you have heard from me, in faith and love which are in Christ Jesus.","num":13},{"text":"That good thing which was committed to you, keep by the Holy Spirit who dwells in us.","num":14},{"text":"This you know, that all those in Asia have turned away from me, among whom are Phygellus and Hermogenes.","num":15},{"text":"The Lord grant mercy to the household of Onesiphorus, for he often refreshed me, and was not ashamed of my chain;","num":16},{"text":"but when he arrived in Rome, he sought me out very zealously and found me.","num":17},{"text":"The Lord grant to him that he may find mercy from the Lord in that Day--and you know very well how many ways he ministered to me at Ephesus.","num":18}],"num":1},{"verses":[{"text":"You therefore, my son, be strong in the grace that is in Christ Jesus.","num":1},{"text":"And the things that you have heard from me among many witnesses, commit these to faithful men who will be able to teach others also.","num":2},{"text":"You therefore must endure hardship as a good soldier of Jesus Christ.","num":3},{"text":"No one engaged in warfare entangles himself with the affairs of this life, that he may please him who enlisted him as a soldier.","num":4},{"text":"And also if anyone competes in athletics, he is not crowned unless he competes according to the rules.","num":5},{"text":"The hardworking farmer must be first to partake of the crops.","num":6},{"text":"Consider what I say, and may the Lord give you understanding in all things.","num":7},{"text":"Remember that Jesus Christ, of the seed of David, was raised from the dead according to my gospel,","num":8},{"text":"for which I suffer trouble as an evildoer, even to the point of chains; but the word of God is not chained.","num":9},{"text":"Therefore I endure all things for the sake of the elect, that they also may obtain the salvation which is in Christ Jesus with eternal glory.","num":10},{"text":"This is a faithful saying: For if we died with Him, We shall also live with Him.","num":11},{"text":"If we endure, We shall also reign with Him. If we deny Him, He also will deny us.","num":12},{"text":"If we are faithless, He remains faithful; He cannot deny Himself.","num":13},{"text":"Remind them of these things, charging them before the Lord not to strive about words to no profit, to the ruin of the hearers.","num":14},{"text":"Be diligent to present yourself approved to God, a worker who does not need to be ashamed, rightly dividing the word of truth.","num":15},{"text":"But shun profane and idle babblings, for they will increase to more ungodliness.","num":16},{"text":"And their message will spread like cancer. Hymenaeus and Philetus are of this sort,","num":17},{"text":"who have strayed concerning the truth, saying that the resurrection is already past; and they overthrow the faith of some.","num":18},{"text":"Nevertheless the solid foundation of God stands, having this seal: \"The Lord knows those who are His,\" and, \"Let everyone who names the name of Christ depart from iniquity.\"","num":19},{"text":"But in a great house there are not only vessels of gold and silver, but also of wood and clay, some for honor and some for dishonor.","num":20},{"text":"Therefore if anyone cleanses himself from the latter, he will be a vessel for honor, sanctified and useful for the Master, prepared for every good work.","num":21},{"text":"Flee also youthful lusts; but pursue righteousness, faith, love, peace with those who call on the Lord out of a pure heart.","num":22},{"text":"But avoid foolish and ignorant disputes, knowing that they generate strife.","num":23},{"text":"And a servant of the Lord must not quarrel but be gentle to all, able to teach, patient,","num":24},{"text":"in humility correcting those who are in opposition, if God perhaps will grant them repentance, so that they may know the truth,","num":25},{"text":"and that they may come to their senses and escape the snare of the devil, having been taken captive by him to do his will.","num":26}],"num":2},{"verses":[{"text":"But know this, that in the last days perilous times will come:","num":1},{"text":"For men will be lovers of themselves, lovers of money, boasters, proud, blasphemers, disobedient to parents, unthankful, unholy,","num":2},{"text":"unloving, unforgiving, slanderers, without self-control, brutal, despisers of good,","num":3},{"text":"traitors, headstrong, haughty, lovers of pleasure rather than lovers of God,","num":4},{"text":"having a form of godliness but denying its power. And from such people turn away!","num":5},{"text":"For of this sort are those who creep into households and make captives of gullible women loaded down with sins, led away by various lusts,","num":6},{"text":"always learning and never able to come to the knowledge of the truth.","num":7},{"text":"Now as Jannes and Jambres resisted Moses, so do these also resist the truth: men of corrupt minds, disapproved concerning the faith;","num":8},{"text":"but they will progress no further, for their folly will be manifest to all, as theirs also was.","num":9},{"text":"But you have carefully followed my doctrine, manner of life, purpose, faith, longsuffering, love, perseverance,","num":10},{"text":"persecutions, afflictions, which happened to me at Antioch, at Iconium, at Lystra--what persecutions I endured. And out of them all the Lord delivered me.","num":11},{"text":"Yes, and all who desire to live godly in Christ Jesus will suffer persecution.","num":12},{"text":"But evil men and impostors will grow worse and worse, deceiving and being deceived.","num":13},{"text":"But you must continue in the things which you have learned and been assured of, knowing from whom you have learned them,","num":14},{"text":"and that from childhood you have known the Holy Scriptures, which are able to make you wise for salvation through faith which is in Christ Jesus.","num":15},{"text":"All Scripture is given by inspiration of God, and is profitable for doctrine, for reproof, for correction, for instruction in righteousness,","num":16},{"text":"that the man of God may be complete, thoroughly equipped for every good work.","num":17}],"num":3},{"verses":[{"text":"I charge you therefore before God and the Lord Jesus Christ, who will judge the living and the dead at His appearing and His kingdom:","num":1},{"text":"Preach the word! Be ready in season and out of season. Convince, rebuke, exhort, with all longsuffering and teaching.","num":2},{"text":"For the time will come when they will not endure sound doctrine, but according to their own desires, because they have itching ears, they will heap up for themselves teachers;","num":3},{"text":"and they will turn their ears away from the truth, and be turned aside to fables.","num":4},{"text":"But you be watchful in all things, endure afflictions, do the work of an evangelist, fulfill your ministry.","num":5},{"text":"For I am already being poured out as a drink offering, and the time of my departure is at hand.","num":6},{"text":"I have fought the good fight, I have finished the race, I have kept the faith.","num":7},{"text":"Finally, there is laid up for me the crown of righteousness, which the Lord, the righteous Judge, will give to me on that Day, and not to me only but also to all who have loved His appearing.","num":8},{"text":"Be diligent to come to me quickly;","num":9},{"text":"for Demas has forsaken me, having loved this present world, and has departed for Thessalonica--Crescens for Galatia, Titus for Dalmatia.","num":10},{"text":"Only Luke is with me. Get Mark and bring him with you, for he is useful to me for ministry.","num":11},{"text":"And Tychicus I have sent to Ephesus.","num":12},{"text":"Bring the cloak that I left with Carpus at Troas when you come--and the books, especially the parchments.","num":13},{"text":"Alexander the coppersmith did me much harm. May the Lord repay him according to his works.","num":14},{"text":"You also must beware of him, for he has greatly resisted our words.","num":15},{"text":"At my first defense no one stood with me, but all forsook me. May it not be charged against them.","num":16},{"text":"But the Lord stood with me and strengthened me, so that the message might be preached fully through me, and that all the Gentiles might hear. Also I was delivered out of the mouth of the lion.","num":17},{"text":"And the Lord will deliver me from every evil work and preserve me for His heavenly kingdom. To Him be glory forever and ever. Amen!","num":18},{"text":"Greet Prisca and Aquila, and the household of Onesiphorus.","num":19},{"text":"Erastus stayed in Corinth, but Trophimus I have left in Miletus sick.","num":20},{"text":"Do your utmost to come before winter. Eubulus greets you, as well as Pudens, Linus, Claudia, and all the brethren.","num":21},{"text":"The Lord Jesus Christ be with your spirit. Grace be with you. Amen.","num":22}],"num":4}]}
