{"name":"Colossians","chapters":[{"verses":[{"text":"Paul, an apostle of Jesus Christ by the will of God, and Timothy our brother,","num":1},{"text":"To the saints and faithful brethren in Christ who are in Colosse: Grace to you and peace from God our Father and the Lord Jesus Christ.","num":2},{"text":"We give thanks to the God and Father of our Lord Jesus Christ, praying always for you,","num":3},{"text":"since we heard of your faith in Christ Jesus and of your love for all the saints;","num":4},{"text":"because of the hope which is laid up for you in heaven, of which you heard before in the word of the truth of the gospel,","num":5},{"text":"which has come to you, as it has also in all the world, and is bringing forth fruit, as it is also among you since the day you heard and knew the grace of God in truth;","num":6},{"text":"as you also learned from Epaphras, our dear fellow servant, who is a faithful minister of Christ on your behalf,","num":7},{"text":"who also declared to us your love in the Spirit.","num":8},{"text":"For this reason we also, since the day we heard it, do not cease to pray for you, and to ask that you may be filled with the knowledge of His will in all wisdom and spiritual understanding;","num":9},{"text":"that you may walk worthy of the Lord, fully pleasing Him, being fruitful in every good work and increasing in the knowledge of God;","num":10},{"text":"strengthened with all might, according to His glorious power, for all patience and longsuffering with joy;","num":11},{"text":"giving thanks to the Father who has qualified us to be partakers of the inheritance of the saints in the light.","num":12},{"text":"He has delivered us from the power of darkness and conveyed us into the kingdom of the Son of His love,","num":13},{"text":"in whom we have redemption through His blood, the forgiveness of sins.","num":14},{"text":"He is the image of the invisible God, the firstborn over all creation.","num":15},{"text":"For by Him all things were created that are in heaven and that are on earth, visible and invisible, whether thrones or dominions or principalities or powers. All things were created through Him and for Him.","num":16},{"text":"And He is before all things, and in Him all things consist.","num":17},{"text":"And He is the head of the body, the church, who is the beginning, the firstborn from the dead, that in all things He may have the preeminence.","num":18},{"text":"For it pleased the Father that in Him all the fullness should dwell,","num":19},{"text":"and by Him to reconcile all things to Himself, by Him, whether things on earth or things in heaven, having made peace through the blood of His cross.","num":20},{"text":"And you, who once were alienated and enemies in your mind by wicked works, yet now He has reconciled","num":21},{"text":"in the body of His flesh through death, to present you holy, and blameless, and above reproach in His sight--","num":22},{"text":"if indeed you continue in the faith, grounded and steadfast, and are not moved away from the hope of the gospel which you heard, which was preached to every creature under heaven, of which I, Paul, became a minister.","num":23},{"text":"I now rejoice in my sufferings for you, and fill up in my flesh what is lacking in the afflictions of Christ, for the sake of His body, which is the church,","num":24},{"text":"of which I became a minister according to the stewardship from God which was given to me for you, to fulfill the word of God,","num":25},{"text":"the mystery which has been hidden from ages and from generations, but now has been revealed to His saints.","num":26},{"text":"To them God willed to make known what are the riches of the glory of this mystery among the Gentiles: which is Christ in you, the hope of glory.","num":27},{"text":"Him we preach, warning every man and teaching every man in all wisdom, that we may present every man perfect in Christ Jesus.","num":28},{"text":"To this end I also labor, striving according to His working which works in me mightily.","num":29}],"num":1},{"verses":[{"text":"For I want you to know what a great conflict I have for you and those in Laodicea, and for as many as have not seen my face in the flesh,","num":1},{"text":"that their hearts may be encouraged, being knit together in love, and attaining to all riches of the full assurance of understanding, to the knowledge of the mystery of God, both of the Father and of Christ,","num":2},{"text":"in whom are hidden all the treasures of wisdom and knowledge.","num":3},{"text":"Now this I say lest anyone should deceive you with persuasive words.","num":4},{"text":"For though I am absent in the flesh, yet I am with you in spirit, rejoicing to see your good order and the steadfastness of your faith in Christ.","num":5},{"text":"As you therefore have received Christ Jesus the Lord, so walk in Him,","num":6},{"text":"rooted and built up in Him and established in the faith, as you have been taught, abounding in it with thanksgiving.","num":7},{"text":"Beware lest anyone cheat you through philosophy and empty deceit, according to the tradition of men, according to the basic principles of the world, and not according to Christ.","num":8},{"text":"For in Him dwells all the fullness of the Godhead bodily;","num":9},{"text":"and you are complete in Him, who is the head of all principality and power.","num":10},{"text":"In Him you were also circumcised with the circumcision made without hands, by putting off the body of the sins of the flesh, by the circumcision of Christ,","num":11},{"text":"buried with Him in baptism, in which you also were raised with Him through faith in the working of God, who raised Him from the dead.","num":12},{"text":"And you, being dead in your trespasses and the uncircumcision of your flesh, He has made alive together with Him, having forgiven you all trespasses,","num":13},{"text":"having wiped out the handwriting of requirements that was against us, which was contrary to us. And He has taken it out of the way, having nailed it to the cross.","num":14},{"text":"Having disarmed principalities and powers, He made a public spectacle of them, triumphing over them in it.","num":15},{"text":"So let no one judge you in food or in drink, or regarding a festival or a new moon or sabbaths,","num":16},{"text":"which are a shadow of things to come, but the substance is of Christ.","num":17},{"text":"Let no one cheat you of your reward, taking delight in false humility and worship of angels, intruding into those things which he has not seen, vainly puffed up by his fleshly mind,","num":18},{"text":"and not holding fast to the Head, from whom all the body, nourished and knit together by joints and ligaments, grows with the increase that is from God.","num":19},{"text":"Therefore, if you died with Christ from the basic principles of the world, why, as though living in the world, do you subject yourselves to regulations--","num":20},{"text":"\"Do not touch, do not taste, do not handle,\"","num":21},{"text":"which all concern things which perish with the using--according to the commandments and doctrines of men?","num":22},{"text":"These things indeed have an appearance of wisdom in self-imposed religion, false humility, and neglect of the body, but are of no value against the indulgence of the flesh.","num":23}],"num":2},{"verses":[{"text":"If then you were raised with Christ, seek those things which are above, where Christ is, sitting at the right hand of God.","num":1},{"text":"Set your mind on things above, not on things on the earth.","num":2},{"text":"For you died, and your life is hidden with Christ in God.","num":3},{"text":"When Christ who is our life appears, then you also will appear with Him in glory.","num":4},{"text":"Therefore put to death your members which are on the earth: fornication, uncleanness, passion, evil desire, and covetousness, which is idolatry.","num":5},{"text":"Because of these things the wrath of God is coming upon the sons of disobedience,","num":6},{"text":"in which you yourselves once walked when you lived in them.","num":7},{"text":"But now you yourselves are to put off all these: anger, wrath, malice, blasphemy, filthy language out of your mouth.","num":8},{"text":"Do not lie to one another, since you have put off the old man with his deeds,","num":9},{"text":"and have put on the new man who is renewed in knowledge according to the image of Him who created him,","num":10},{"text":"where there is neither Greek nor Jew, circumcised nor uncircumcised, barbarian, Scythian, slave nor free, but Christ is all and in all.","num":11},{"text":"Therefore, as the elect of God, holy and beloved, put on tender mercies, kindness, humility, meekness, longsuffering;","num":12},{"text":"bearing with one another, and forgiving one another, if anyone has a complaint against another; even as Christ forgave you, so you also must do.","num":13},{"text":"But above all these things put on love, which is the bond of perfection.","num":14},{"text":"And let the peace of God rule in your hearts, to which also you were called in one body; and be thankful.","num":15},{"text":"Let the word of Christ dwell in you richly in all wisdom, teaching and admonishing one another in psalms and hymns and spiritual songs, singing with grace in your hearts to the Lord.","num":16},{"text":"And whatever you do in word or deed, do all in the name of the Lord Jesus, giving thanks to God the Father through Him.","num":17},{"text":"Wives, submit to your own husbands, as is fitting in the Lord.","num":18},{"text":"Husbands, love your wives and do not be bitter toward them.","num":19},{"text":"Children, obey your parents in all things, for this is well pleasing to the Lord.","num":20},{"text":"Fathers, do not provoke your children, lest they become discouraged.","num":21},{"text":"Bondservants, obey in all things your masters according to the flesh, not with eyeservice, as men-pleasers, but in sincerity of heart, fearing God.","num":22},{"text":"And whatever you do, do it heartily, as to the Lord and not to men,","num":23},{"text":"knowing that from the Lord you will receive the reward of the inheritance; for you serve the Lord Christ.","num":24},{"text":"But he who does wrong will be repaid for what he has done, and there is no partiality.","num":25}],"num":3},{"verses":[{"text":"Masters, give your bondservants what is just and fair, knowing that you also have a Master in heaven.","num":1},{"text":"Continue earnestly in prayer, being vigilant in it with thanksgiving;","num":2},{"text":"meanwhile praying also for us, that God would open to us a door for the word, to speak the mystery of Christ, for which I am also in chains,","num":3},{"text":"that I may make it manifest, as I ought to speak.","num":4},{"text":"Walk in wisdom toward those who are outside, redeeming the time.","num":5},{"text":"Let your speech always be with grace, seasoned with salt, that you may know how you ought to answer each one.","num":6},{"text":"Tychicus, a beloved brother, faithful minister, and fellow servant in the Lord, will tell you all the news about me.","num":7},{"text":"I am sending him to you for this very purpose, that he may know your circumstances and comfort your hearts,","num":8},{"text":"with Onesimus, a faithful and beloved brother, who is one of you. They will make known to you all things which are happening here.","num":9},{"text":"Aristarchus my fellow prisoner greets you, with Mark the cousin of Barnabas (about whom you received instructions: if he comes to you, welcome him),","num":10},{"text":"and Jesus who is called Justus. These are my only fellow workers for the kingdom of God who are of the circumcision; they have proved to be a comfort to me.","num":11},{"text":"Epaphras, who is one of you, a bondservant of Christ, greets you, always laboring fervently for you in prayers, that you may stand perfect and complete in all the will of God.","num":12},{"text":"For I bear him witness that he has a great zeal for you, and those who are in Laodicea, and those in Hierapolis.","num":13},{"text":"Luke the beloved physician and Demas greet you.","num":14},{"text":"Greet the brethren who are in Laodicea, and Nymphas and the church that is in his house.","num":15},{"text":"Now when this epistle is read among you, see that it is read also in the church of the Laodiceans, and that you likewise read the epistle from Laodicea.","num":16},{"text":"And say to Archippus, \"Take heed to the ministry which you have received in the Lord, that you may fulfill it.\"","num":17},{"text":"This salutation by my own hand--Paul. Remember my chains. Grace be with you. Amen.","num":18}],"num":4}]}
