{"name":"Galatians","chapters":[{"verses":[{"text":"Paul, an apostle (not from men nor through man, but through Jesus Christ and God the Father who raised Him from the dead),","num":1},{"text":"and all the brethren who are with me, To the churches of Galatia:","num":2},{"text":"Grace to you and peace from God the Father and our Lord Jesus Christ,","num":3},{"text":"who gave Himself for our sins, that He might deliver us from this present evil age, according to the will of our God and Father,","num":4},{"text":"to whom be glory forever and ever. Amen.","num":5},{"text":"I marvel that you are turning away so soon from Him who called you in the grace of Christ, to a different gospel,","num":6},{"text":"which is not another; but there are some who trouble you and want to pervert the gospel of Christ.","num":7},{"text":"But even if we, or an angel from heaven, preach any other gospel to you than what we have preached to you, let him be accursed.","num":8},{"text":"As we have said before, so now I say again, if anyone preaches any other gospel to you than what you have received, let him be accursed.","num":9},{"text":"For do I now persuade men, or God? Or do I seek to please men? For if I still pleased men, I would not be a bondservant of Christ.","num":10},{"text":"But I make known to you, brethren, that the gospel which was preached by me is not according to man.","num":11},{"text":"For I neither received it from man, nor was I taught it, but it came through the revelation of Jesus Christ.","num":12},{"text":"For you have heard of my former conduct in Judaism, how I persecuted the church of God beyond measure and tried to destroy it.","num":13},{"text":"And I advanced in Judaism beyond many of my contemporaries in my own nation, being more exceedingly zealous for the traditions of my fathers.","num":14},{"text":"But when it pleased God, who separated me from my mother's womb and called me through His grace,","num":15},{"text":"to reveal His Son in me, that I might preach Him among the Gentiles, I did not immediately confer with flesh and blood,","num":16},{"text":"nor did I go up to Jerusalem to those who were apostles before me; but I went to Arabia, and returned again to Damascus.","num":17},{"text":"Then after three years I went up to Jerusalem to see Peter, and remained with him fifteen days.","num":18},{"text":"But I saw none of the other apostles except James, the Lord's brother.","num":19},{"text":"(Now concerning the things which I write to you, indeed, before God, I do not lie.)","num":20},{"text":"Afterward I went into the regions of Syria and Cilicia.","num":21},{"text":"And I was unknown by face to the churches of Judea which were in Christ.","num":22},{"text":"But they were hearing only, \"He who formerly persecuted us now preaches the faith which he once tried to destroy.\"","num":23},{"text":"And they glorified God in me.","num":24}],"num":1},{"verses":[{"text":"Then after fourteen years I went up again to Jerusalem with Barnabas, and also took Titus with me.","num":1},{"text":"And I went up by revelation, and communicated to them that gospel which I preach among the Gentiles, but privately to those who were of reputation, lest by any means I might run, or had run, in vain.","num":2},{"text":"Yet not even Titus who was with me, being a Greek, was compelled to be circumcised.","num":3},{"text":"And this occurred because of false brethren secretly brought in (who came in by stealth to spy out our liberty which we have in Christ Jesus, that they might bring us into bondage),","num":4},{"text":"to whom we did not yield submission even for an hour, that the truth of the gospel might continue with you.","num":5},{"text":"But from those who seemed to be something--whatever they were, it makes no difference to me; God shows personal favoritism to no man--for those who seemed to be something added nothing to me.","num":6},{"text":"But on the contrary, when they saw that the gospel for the uncircumcised had been committed to me, as the gospel for the circumcised was to Peter","num":7},{"text":"(for He who worked effectively in Peter for the apostleship to the circumcised also worked effectively in me toward the Gentiles),","num":8},{"text":"and when James, Cephas, and John, who seemed to be pillars, perceived the grace that had been given to me, they gave me and Barnabas the right hand of fellowship, that we should go to the Gentiles and they to the circumcised.","num":9},{"text":"They desired only that we should remember the poor, the very thing which I also was eager to do.","num":10},{"text":"Now when Peter had come to Antioch, I withstood him to his face, because he was to be blamed;","num":11},{"text":"for before certain men came from James, he would eat with the Gentiles; but when they came, he withdrew and separated himself, fearing those who were of the circumcision.","num":12},{"text":"And the rest of the Jews also played the hypocrite with him, so that even Barnabas was carried away with their hypocrisy.","num":13},{"text":"But when I saw that they were not straightforward about the truth of the gospel, I said to Peter before them all, \"If you, being a Jew, live in the manner of Gentiles and not as the Jews, why do you compel Gentiles to live as Jews?","num":14},{"text":"We who are Jews by nature, and not sinners of the Gentiles,","num":15},{"text":"knowing that a man is not justified by the works of the law but by faith in Jesus Christ, even we have believed in Christ Jesus, that we might be justified by faith in Christ and not by the works of the law; for by the works of the law no flesh shall be justified.","num":16},{"text":"\"But if, while we seek to be justified by Christ, we ourselves also are found sinners, is Christ therefore a minister of sin? Certainly not!","num":17},{"text":"For if I build again those things which I destroyed, I make myself a transgressor.","num":18},{"text":"For I through the law died to the law that I might live to God.","num":19},{"text":"I have been crucified with Christ; it is no longer I who live, but Christ lives in me; and the life which I now live in the flesh I live by faith in the Son of God, who loved me and gave Himself for me.","num":20},{"text":"I do not set aside the grace of God; for if righteousness comes through the law, then Christ died in vain.\"","num":21}],"num":2},{"verses":[{"text":"O foolish Galatians! Who has bewitched you that you should not obey the truth, before whose eyes Jesus Christ was clearly portrayed among you as crucified?","num":1},{"text":"This only I want to learn from you: Did you receive the Spirit by the works of the law, or by the hearing of faith?","num":2},{"text":"Are you so foolish? Having begun in the Spirit, are you now being made perfect by the flesh?","num":3},{"text":"Have you suffered so many things in vain--if indeed it was in vain?","num":4},{"text":"Therefore He who supplies the Spirit to you and works miracles among you, does He do it by the works of the law, or by the hearing of faith?--","num":5},{"text":"just as Abraham \"believed God, and it was accounted to him for righteousness.\"","num":6},{"text":"Therefore know that only those who are of faith are sons of Abraham.","num":7},{"text":"And the Scripture, foreseeing that God would justify the Gentiles by faith, preached the gospel to Abraham beforehand, saying, \"In you all the nations shall be blessed.\"","num":8},{"text":"So then those who are of faith are blessed with believing Abraham.","num":9},{"text":"For as many as are of the works of the law are under the curse; for it is written, \"Cursed is everyone who does not continue in all things which are written in the book of the law, to do them.\"","num":10},{"text":"But that no one is justified by the law in the sight of God is evident, for \"the just shall live by faith.\"","num":11},{"text":"Yet the law is not of faith, but \"the man who does them shall live by them.\"","num":12},{"text":"Christ has redeemed us from the curse of the law, having become a curse for us (for it is written, \"Cursed is everyone who hangs on a tree\"),","num":13},{"text":"that the blessing of Abraham might come upon the Gentiles in Christ Jesus, that we might receive the promise of the Spirit through faith.","num":14},{"text":"Brethren, I speak in the manner of men: Though it is only a man's covenant, yet if it is confirmed, no one annuls or adds to it.","num":15},{"text":"Now to Abraham and his Seed were the promises made. He does not say, \"And to seeds,\" as of many, but as of one, \"And to your Seed,\" who is Christ.","num":16},{"text":"And this I say, that the law, which was four hundred and thirty years later, cannot annul the covenant that was confirmed before by God in Christ, that it should make the promise of no effect.","num":17},{"text":"For if the inheritance is of the law, it is no longer of promise; but God gave it to Abraham by promise.","num":18},{"text":"What purpose then does the law serve? It was added because of transgressions, till the Seed should come to whom the promise was made; and it was appointed through angels by the hand of a mediator.","num":19},{"text":"Now a mediator does not mediate for one only, but God is one.","num":20},{"text":"Is the law then against the promises of God? Certainly not! For if there had been a law given which could have given life, truly righteousness would have been by the law.","num":21},{"text":"But the Scripture has confined all under sin, that the promise by faith in Jesus Christ might be given to those who believe.","num":22},{"text":"But before faith came, we were kept under guard by the law, kept for the faith which would afterward be revealed.","num":23},{"text":"Therefore the law was our tutor to bring us to Christ, that we might be justified by faith.","num":24},{"text":"But after faith has come, we are no longer under a tutor.","num":25},{"text":"For you are all sons of God through faith in Christ Jesus.","num":26},{"text":"For as many of you as were baptized into Christ have put on Christ.","num":27},{"text":"There is neither Jew nor Greek, there is neither slave nor free, there is neither male nor female; for you are all one in Christ Jesus.","num":28},{"text":"And if you are Christ's, then you are Abraham's seed, and heirs according to the promise.","num":29}],"num":3},{"verses":[{"text":"Now I say that the heir, as long as he is a child, does not differ at all from a slave, though he is master of all,","num":1},{"text":"but is under guardians and stewards until the time appointed by the father.","num":2},{"text":"Even so we, when we were children, were in bondage under the elements of the world.","num":3},{"text":"But when the fullness of the time had come, God sent forth His Son, born of a woman, born under the law,","num":4},{"text":"to redeem those who were under the law, that we might receive the adoption as sons.","num":5},{"text":"And because you are sons, God has sent forth the Spirit of His Son into your hearts, crying out, \"Abba, Father!\"","num":6},{"text":"Therefore you are no longer a slave but a son, and if a son, then an heir of God through Christ.","num":7},{"text":"But then, indeed, when you did not know God, you served those which by nature are not gods.","num":8},{"text":"But now after you have known God, or rather are known by God, how is it that you turn again to the weak and beggarly elements, to which you desire again to be in bondage?","num":9},{"text":"You observe days and months and seasons and years.","num":10},{"text":"I am afraid for you, lest I have labored for you in vain.","num":11},{"text":"Brethren, I urge you to become like me, for I became like you. You have not injured me at all.","num":12},{"text":"You know that because of physical infirmity I preached the gospel to you at the first.","num":13},{"text":"And my trial which was in my flesh you did not despise or reject, but you received me as an angel of God, even as Christ Jesus.","num":14},{"text":"What then was the blessing you enjoyed? For I bear you witness that, if possible, you would have plucked out your own eyes and given them to me.","num":15},{"text":"Have I therefore become your enemy because I tell you the truth?","num":16},{"text":"They zealously court you, but for no good; yes, they want to exclude you, that you may be zealous for them.","num":17},{"text":"But it is good to be zealous in a good thing always, and not only when I am present with you.","num":18},{"text":"My little children, for whom I labor in birth again until Christ is formed in you,","num":19},{"text":"I would like to be present with you now and to change my tone; for I have doubts about you.","num":20},{"text":"Tell me, you who desire to be under the law, do you not hear the law?","num":21},{"text":"For it is written that Abraham had two sons: the one by a bondwoman, the other by a freewoman.","num":22},{"text":"But he who was of the bondwoman was born according to the flesh, and he of the freewoman through promise,","num":23},{"text":"which things are symbolic. For these are the two covenants: the one from Mount Sinai which gives birth to bondage, which is Hagar--","num":24},{"text":"for this Hagar is Mount Sinai in Arabia, and corresponds to Jerusalem which now is, and is in bondage with her children--","num":25},{"text":"but the Jerusalem above is free, which is the mother of us all.","num":26},{"text":"For it is written: \"Rejoice, O barren, You who do not bear! Break forth and shout, You who are not in labor! For the desolate has many more children Than she who has a husband.\"","num":27},{"text":"Now we, brethren, as Isaac was, are children of promise.","num":28},{"text":"But, as he who was born according to the flesh then persecuted him who was born according to the Spirit, even so it is now.","num":29},{"text":"Nevertheless what does the Scripture say? \"Cast out the bondwoman and her son, for the son of the bondwoman shall not be heir with the son of the freewoman.\"","num":30},{"text":"So then, brethren, we are not children of the bondwoman but of the free.","num":31}],"num":4},{"verses":[{"text":"Stand fast therefore in the liberty by which Christ has made us free, and do not be entangled again with a yoke of bondage.","num":1},{"text":"Indeed I, Paul, say to you that if you become circumcised, Christ will profit you nothing.","num":2},{"text":"And I testify again to every man who becomes circumcised that he is a debtor to keep the whole law.","num":3},{"text":"You have become estranged from Christ, you who attempt to be justified by law; you have fallen from grace.","num":4},{"text":"For we through the Spirit eagerly wait for the hope of righteousness by faith.","num":5},{"text":"For in Christ Jesus neither circumcision nor uncircumcision avails anything, but faith working through love.","num":6},{"text":"You ran well. Who hindered you from obeying the truth?","num":7},{"text":"This persuasion does not come from Him who calls you.","num":8},{"text":"A little leaven leavens the whole lump.","num":9},{"text":"I have confidence in you, in the Lord, that you will have no other mind; but he who troubles you shall bear his judgment, whoever he is.","num":10},{"text":"And I, brethren, if I still preach circumcision, why do I still suffer persecution? Then the offense of the cross has ceased.","num":11},{"text":"I could wish that those who trouble you would even cut themselves off!","num":12},{"text":"For you, brethren, have been called to liberty; only do not use liberty as an opportunity for the flesh, but through love serve one another.","num":13},{"text":"For all the law is fulfilled in one word, even in this: \"You shall love your neighbor as yourself.\"","num":14},{"text":"But if you bite and devour one another, beware lest you be consumed by one another!","num":15},{"text":"I say then: Walk in the Spirit, and you shall not fulfill the lust of the flesh.","num":16},{"text":"For the flesh lusts against the Spirit, and the Spirit against the flesh; and these are contrary to one another, so that you do not do the things that you wish.","num":17},{"text":"But if you are led by the Spirit, you are not under the law.","num":18},{"text":"Now the works of the flesh are evident, which are: adultery, fornication, uncleanness, lewdness,","num":19},{"text":"idolatry, sorcery, hatred, contentions, jealousies, outbursts of wrath, selfish ambitions, dissensions, heresies,","num":20},{"text":"envy, murders, drunkenness, revelries, and the like; of which I tell you beforehand, just as I also told you in time past, that those who practice such things will not inherit the kingdom of God.","num":21},{"text":"But the fruit of the Spirit is love, joy, peace, longsuffering, kindness, goodness, faithfulness,","num":22},{"text":"gentleness, self-control. Against such there is no law.","num":23},{"text":"And those who are Christ's have crucified the flesh with its passions and desires.","num":24},{"text":"If we live in the Spirit, let us also walk in the Spirit.","num":25},{"text":"Let us not become conceited, provoking one another, envying one another.","num":26}],"num":5},{"verses":[{"text":"Brethren, if a man is overtaken in any trespass, you who are spiritual restore such a one in a spirit of gentleness, considering yourself lest you also be tempted.","num":1},{"text":"Bear one another's burdens, and so fulfill the law of Christ.","num":2},{"text":"For if anyone thinks himself to be something, when he is nothing, he deceives himself.","num":3},{"text":"But let each one examine his own work, and then he will have rejoicing in himself alone, and not in another.","num":4},{"text":"For each one shall bear his own load.","num":5},{"text":"Let him who is taught the word share in all good things with him who teaches.","num":6},{"text":"Do not be deceived, God is not mocked; for whatever a man sows, that he will also reap.","num":7},{"text":"For he who sows to his flesh will of the flesh reap corruption, but he who sows to the Spirit will of the Spirit reap everlasting life.","num":8},{"text":"And let us not grow weary while doing good, for in due season we shall reap if we do not lose heart.","num":9},{"text":"Therefore, as we have opportunity, let us do good to all, especially to those who are of the household of faith.","num":10},{"text":"See with what large letters I have written to you with my own hand!","num":11},{"text":"As many as desire to make a good showing in the flesh, these would compel you to be circumcised, only that they may not suffer persecution for the cross of Christ.","num":12},{"text":"For not even those who are circumcised keep the law, but they desire to have you circumcised that they may boast in your flesh.","num":13},{"text":"But God forbid that I should boast except in the cross of our Lord Jesus Christ, by whom the world has been crucified to me, and I to the world.","num":14},{"text":"For in Christ Jesus neither circumcision nor uncircumcision avails anything, but a new creation.","num":15},{"text":"And as many as walk according to this rule, peace and mercy be upon them, and upon the Israel of God.","num":16},{"text":"From now on let no one trouble me, for I bear in my body the marks of the Lord Jesus.","num":17},{"text":"Brethren, the grace of our Lord Jesus Christ be with your spirit. Amen.","num":18}],"num":6}]}
