{"name":"Mark","chapters":[{"verses":[{"text":"The beginning of the gospel of Jesus Christ, the Son of God.","num":1},{"text":"As it is written in the Prophets: \"Behold, I send My messenger before Your face, Who will prepare Your way before You.\"","num":2},{"text":"\"The voice of one crying in the wilderness: \"Prepare the way of the LORD; Make His paths straight.\"'","num":3},{"text":"John came baptizing in the wilderness and preaching a baptism of repentance for the remission of sins.","num":4},{"text":"Then all the land of Judea, and those from Jerusalem, went out to him and were all baptized by him in the Jordan River, confessing their sins.","num":5},{"text":"Now John was clothed with camel's hair and with a leather belt around his waist, and he ate locusts and wild honey.","num":6},{"text":"And he preached, saying, \"There comes One after me who is mightier than I, whose sandal strap I am not worthy to stoop down and loose.","num":7},{"text":"I indeed baptized you with water, but He will baptize you with the Holy Spirit.\"","num":8},{"text":"It came to pass in those days that Jesus came from Nazareth of Galilee, and was baptized by John in the Jordan.","num":9},{"text":"And immediately, coming up from the water, He saw the heavens parting and the Spirit descending upon Him like a dove.","num":10},{"text":"Then a voice came from heaven, \"You are My beloved Son, in whom I am well pleased.\"","num":11},{"text":"Immediately the Spirit drove Him into the wilderness.","num":12},{"text":"And He was there in the wilderness forty days, tempted by Satan, and was with the wild beasts; and the angels ministered to Him.","num":13},{"text":"Now after John was put in prison, Jesus came to Galilee, preaching the gospel of the kingdom of God,","num":14},{"text":"and saying, \"The time is fulfilled, and the kingdom of God is at hand. Repent, and believe in the gospel.\"","num":15},{"text":"And as He walked by the Sea of Galilee, He saw Simon and Andrew his brother casting a net into the sea; for they were fishermen.","num":16},{"text":"Then Jesus said to them, \"Follow Me, and I will make you become fishers of men.\"","num":17},{"text":"They immediately left their nets and followed Him.","num":18},{"text":"When He had gone a little farther from there, He saw James the son of Zebedee, and John his brother, who also were in the boat mending their nets.","num":19},{"text":"And immediately He called them, and they left their father Zebedee in the boat with the hired servants, and went after Him.","num":20},{"text":"Then they went into Capernaum, and immediately on the Sabbath He entered the synagogue and taught.","num":21},{"text":"And they were astonished at His teaching, for He taught them as one having authority, and not as the scribes.","num":22},{"text":"Now there was a man in their synagogue with an unclean spirit. And he cried out,","num":23},{"text":"saying, \"Let us alone! What have we to do with You, Jesus of Nazareth? Did You come to destroy us? I know who You are--the Holy One of God!\"","num":24},{"text":"But Jesus rebuked him, saying, \"Be quiet, and come out of him!\"","num":25},{"text":"And when the unclean spirit had convulsed him and cried out with a loud voice, he came out of him.","num":26},{"text":"Then they were all amazed, so that they questioned among themselves, saying, \"What is this? What new doctrine is this? For with authority He commands even the unclean spirits, and they obey Him.\"","num":27},{"text":"And immediately His fame spread throughout all the region around Galilee.","num":28},{"text":"Now as soon as they had come out of the synagogue, they entered the house of Simon and Andrew, with James and John.","num":29},{"text":"But Simon's wife's mother lay sick with a fever, and they told Him about her at once.","num":30},{"text":"So He came and took her by the hand and lifted her up, and immediately the fever left her. And she served them.","num":31},{"text":"At evening, when the sun had set, they brought to Him all who were sick and those who were demon-possessed.","num":32},{"text":"And the whole city was gathered together at the door.","num":33},{"text":"Then He healed many who were sick with various diseases, and cast out many demons; and He did not allow the demons to speak, because they knew Him.","num":34},{"text":"Now in the morning, having risen a long while before daylight, He went out and departed to a solitary place; and there He prayed.","num":35},{"text":"And Simon and those who were with Him searched for Him.","num":36},{"text":"When they found Him, they said to Him, \"Everyone is looking for You.\"","num":37},{"text":"But He said to them, \"Let us go into the next towns, that I may preach there also, because for this purpose I have come forth.\"","num":38},{"text":"And He was preaching in their synagogues throughout all Galilee, and casting out demons.","num":39},{"text":"Now a leper came to Him, imploring Him, kneeling down to Him and saying to Him, \"If You are willing, You can make me clean.\"","num":40},{"text":"Then Jesus, moved with compassion, stretched out His hand and touched him, and said to him, \"I am willing; be cleansed.\"","num":41},{"text":"As soon as He had spoken, immediately the leprosy left him, and he was cleansed.","num":42},{"text":"And He strictly warned him and sent him away at once,","num":43},{"text":"and said to him, \"See that you say nothing to anyone; but go your way, show yourself to the priest, and offer for your cleansing those things which Moses commanded, as a testimony to them.\"","num":44},{"text":"However, he went out and began to proclaim it freely, and to spread the matter, so that Jesus could no longer openly enter the city, but was outside in deserted places; and they came to Him from every direction.","num":45}],"num":1},{"verses":[{"text":"And again He entered Capernaum after some days, and it was heard that He was in the house.","num":1},{"text":"Immediately many gathered together, so that there was no longer room to receive them, not even near the door. And He preached the word to them.","num":2},{"text":"Then they came to Him, bringing a paralytic who was carried by four men.","num":3},{"text":"And when they could not come near Him because of the crowd, they uncovered the roof where He was. So when they had broken through, they let down the bed on which the paralytic was lying.","num":4},{"text":"When Jesus saw their faith, He said to the paralytic, \"Son, your sins are forgiven you.\"","num":5},{"text":"And some of the scribes were sitting there and reasoning in their hearts,","num":6},{"text":"\"Why does this Man speak blasphemies like this? Who can forgive sins but God alone?\"","num":7},{"text":"But immediately, when Jesus perceived in His spirit that they reasoned thus within themselves, He said to them, \"Why do you reason about these things in your hearts?","num":8},{"text":"Which is easier, to say to the paralytic, \"Your sins are forgiven you,' or to say, \"Arise, take up your bed and walk'?","num":9},{"text":"But that you may know that the Son of Man has power on earth to forgive sins\"--He said to the paralytic,","num":10},{"text":"\"I say to you, arise, take up your bed, and go to your house.\"","num":11},{"text":"Immediately he arose, took up the bed, and went out in the presence of them all, so that all were amazed and glorified God, saying, \"We never saw anything like this!\"","num":12},{"text":"Then He went out again by the sea; and all the multitude came to Him, and He taught them.","num":13},{"text":"As He passed by, He saw Levi the son of Alphaeus sitting at the tax office. And He said to him, \"Follow Me.\" So he arose and followed Him.","num":14},{"text":"Now it happened, as He was dining in Levi's house, that many tax collectors and sinners also sat together with Jesus and His disciples; for there were many, and they followed Him.","num":15},{"text":"And when the scribes and Pharisees saw Him eating with the tax collectors and sinners, they said to His disciples, \"How is it that He eats and drinks with tax collectors and sinners?\"","num":16},{"text":"When Jesus heard it, He said to them, \"Those who are well have no need of a physician, but those who are sick. I did not come to call the righteous, but sinners, to repentance.\"","num":17},{"text":"The disciples of John and of the Pharisees were fasting. Then they came and said to Him, \"Why do the disciples of John and of the Pharisees fast, but Your disciples do not fast?\"","num":18},{"text":"And Jesus said to them, \"Can the friends of the bridegroom fast while the bridegroom is with them? As long as they have the bridegroom with them they cannot fast.","num":19},{"text":"But the days will come when the bridegroom will be taken away from them, and then they will fast in those days.","num":20},{"text":"No one sews a piece of unshrunk cloth on an old garment; or else the new piece pulls away from the old, and the tear is made worse.","num":21},{"text":"And no one puts new wine into old wineskins; or else the new wine bursts the wineskins, the wine is spilled, and the wineskins are ruined. But new wine must be put into new wineskins.\"","num":22},{"text":"Now it happened that He went through the grainfields on the Sabbath; and as they went His disciples began to pluck the heads of grain.","num":23},{"text":"And the Pharisees said to Him, \"Look, why do they do what is not lawful on the Sabbath?\"","num":24},{"text":"But He said to them, \"Have you never read what David did when he was in need and hungry, he and those with him:","num":25},{"text":"how he went into the house of God in the days of Abiathar the high priest, and ate the showbread, which is not lawful to eat except for the priests, and also gave some to those who were with him?\"","num":26},{"text":"And He said to them, \"The Sabbath was made for man, and not man for the Sabbath.","num":27},{"text":"Therefore the Son of Man is also Lord of the Sabbath.\"","num":28}],"num":2},{"verses":[{"text":"And He entered the synagogue again, and a man was there who had a withered hand.","num":1},{"text":"So they watched Him closely, whether He would heal him on the Sabbath, so that they might accuse Him.","num":2},{"text":"And He said to the man who had the withered hand, \"Step forward.\"","num":3},{"text":"Then He said to them, \"Is it lawful on the Sabbath to do good or to do evil, to save life or to kill?\" But they kept silent.","num":4},{"text":"And when He had looked around at them with anger, being grieved by the hardness of their hearts, He said to the man, \"Stretch out your hand.\" And he stretched it out, and his hand was restored as whole as the other.","num":5},{"text":"Then the Pharisees went out and immediately plotted with the Herodians against Him, how they might destroy Him.","num":6},{"text":"But Jesus withdrew with His disciples to the sea. And a great multitude from Galilee followed Him, and from Judea","num":7},{"text":"and Jerusalem and Idumea and beyond the Jordan; and those from Tyre and Sidon, a great multitude, when they heard how many things He was doing, came to Him.","num":8},{"text":"So He told His disciples that a small boat should be kept ready for Him because of the multitude, lest they should crush Him.","num":9},{"text":"For He healed many, so that as many as had afflictions pressed about Him to touch Him.","num":10},{"text":"And the unclean spirits, whenever they saw Him, fell down before Him and cried out, saying, \"You are the Son of God.\"","num":11},{"text":"But He sternly warned them that they should not make Him known.","num":12},{"text":"And He went up on the mountain and called to Him those He Himself wanted. And they came to Him.","num":13},{"text":"Then He appointed twelve, that they might be with Him and that He might send them out to preach,","num":14},{"text":"and to have power to heal sicknesses and to cast out demons:","num":15},{"text":"Simon, to whom He gave the name Peter;","num":16},{"text":"James the son of Zebedee and John the brother of James, to whom He gave the name Boanerges, that is, \"Sons of Thunder\";","num":17},{"text":"Andrew, Philip, Bartholomew, Matthew, Thomas, James the son of Alphaeus, Thaddaeus, Simon the Cananite;","num":18},{"text":"and Judas Iscariot, who also betrayed Him. And they went into a house.","num":19},{"text":"Then the multitude came together again, so that they could not so much as eat bread.","num":20},{"text":"But when His own people heard about this, they went out to lay hold of Him, for they said, \"He is out of His mind.\"","num":21},{"text":"And the scribes who came down from Jerusalem said, \"He has Beelzebub,\" and, \"By the ruler of the demons He casts out demons.\"","num":22},{"text":"So He called them to Himself and said to them in parables: \"How can Satan cast out Satan?","num":23},{"text":"If a kingdom is divided against itself, that kingdom cannot stand.","num":24},{"text":"And if a house is divided against itself, that house cannot stand.","num":25},{"text":"And if Satan has risen up against himself, and is divided, he cannot stand, but has an end.","num":26},{"text":"No one can enter a strong man's house and plunder his goods, unless he first binds the strong man. And then he will plunder his house.","num":27},{"text":"\"Assuredly, I say to you, all sins will be forgiven the sons of men, and whatever blasphemies they may utter;","num":28},{"text":"but he who blasphemes against the Holy Spirit never has forgiveness, but is subject to eternal condemnation\"--","num":29},{"text":"because they said, \"He has an unclean spirit.\"","num":30},{"text":"Then His brothers and His mother came, and standing outside they sent to Him, calling Him.","num":31},{"text":"And a multitude was sitting around Him; and they said to Him, \"Look, Your mother and Your brothers are outside seeking You.\"","num":32},{"text":"But He answered them, saying, \"Who is My mother, or My brothers?\"","num":33},{"text":"And He looked around in a circle at those who sat about Him, and said, \"Here are My mother and My brothers!","num":34},{"text":"For whoever does the will of God is My brother and My sister and mother.\"","num":35}],"num":3},{"verses":[{"text":"And again He began to teach by the sea. And a great multitude was gathered to Him, so that He got into a boat and sat in it on the sea; and the whole multitude was on the land facing the sea.","num":1},{"text":"Then He taught them many things by parables, and said to them in His teaching:","num":2},{"text":"\"Listen! Behold, a sower went out to sow.","num":3},{"text":"And it happened, as he sowed, that some seed fell by the wayside; and the birds of the air came and devoured it.","num":4},{"text":"Some fell on stony ground, where it did not have much earth; and immediately it sprang up because it had no depth of earth.","num":5},{"text":"But when the sun was up it was scorched, and because it had no root it withered away.","num":6},{"text":"And some seed fell among thorns; and the thorns grew up and choked it, and it yielded no crop.","num":7},{"text":"But other seed fell on good ground and yielded a crop that sprang up, increased and produced: some thirtyfold, some sixty, and some a hundred.\"","num":8},{"text":"And He said to them, \"He who has ears to hear, let him hear!\"","num":9},{"text":"But when He was alone, those around Him with the twelve asked Him about the parable.","num":10},{"text":"And He said to them, \"To you it has been given to know the mystery of the kingdom of God; but to those who are outside, all things come in parables,","num":11},{"text":"so that \"Seeing they may see and not perceive, And hearing they may hear and not understand; Lest they should turn, And their sins be forgiven them.\"'","num":12},{"text":"And He said to them, \"Do you not understand this parable? How then will you understand all the parables?","num":13},{"text":"The sower sows the word.","num":14},{"text":"And these are the ones by the wayside where the word is sown. When they hear, Satan comes immediately and takes away the word that was sown in their hearts.","num":15},{"text":"These likewise are the ones sown on stony ground who, when they hear the word, immediately receive it with gladness;","num":16},{"text":"and they have no root in themselves, and so endure only for a time. Afterward, when tribulation or persecution arises for the word's sake, immediately they stumble.","num":17},{"text":"Now these are the ones sown among thorns; they are the ones who hear the word,","num":18},{"text":"and the cares of this world, the deceitfulness of riches, and the desires for other things entering in choke the word, and it becomes unfruitful.","num":19},{"text":"But these are the ones sown on good ground, those who hear the word, accept it, and bear fruit: some thirtyfold, some sixty, and some a hundred.\"","num":20},{"text":"Also He said to them, \"Is a lamp brought to be put under a basket or under a bed? Is it not to be set on a lampstand?","num":21},{"text":"For there is nothing hidden which will not be revealed, nor has anything been kept secret but that it should come to light.","num":22},{"text":"If anyone has ears to hear, let him hear.\"","num":23},{"text":"Then He said to them, \"Take heed what you hear. With the same measure you use, it will be measured to you; and to you who hear, more will be given.","num":24},{"text":"For whoever has, to him more will be given; but whoever does not have, even what he has will be taken away from him.\"","num":25},{"text":"And He said, \"The kingdom of God is as if a man should scatter seed on the ground,","num":26},{"text":"and should sleep by night and rise by day, and the seed should sprout and grow, he himself does not know how.","num":27},{"text":"For the earth yields crops by itself: first the blade, then the head, after that the full grain in the head.","num":28},{"text":"But when the grain ripens, immediately he puts in the sickle, because the harvest has come.\"","num":29},{"text":"Then He said, \"To what shall we liken the kingdom of God? Or with what parable shall we picture it?","num":30},{"text":"It is like a mustard seed which, when it is sown on the ground, is smaller than all the seeds on earth;","num":31},{"text":"but when it is sown, it grows up and becomes greater than all herbs, and shoots out large branches, so that the birds of the air may nest under its shade.\"","num":32},{"text":"And with many such parables He spoke the word to them as they were able to hear it.","num":33},{"text":"But without a parable He did not speak to them. And when they were alone, He explained all things to His disciples.","num":34},{"text":"On the same day, when evening had come, He said to them, \"Let us cross over to the other side.\"","num":35},{"text":"Now when they had left the multitude, they took Him along in the boat as He was. And other little boats were also with Him.","num":36},{"text":"And a great windstorm arose, and the waves beat into the boat, so that it was already filling.","num":37},{"text":"But He was in the stern, asleep on a pillow. And they awoke Him and said to Him, \"Teacher, do You not care that we are perishing?\"","num":38},{"text":"Then He arose and rebuked the wind, and said to the sea, \"Peace, be still!\" And the wind ceased and there was a great calm.","num":39},{"text":"But He said to them, \"Why are you so fearful? How is it that you have no faith?\"","num":40},{"text":"And they feared exceedingly, and said to one another, \"Who can this be, that even the wind and the sea obey Him!\"","num":41}],"num":4},{"verses":[{"text":"Then they came to the other side of the sea, to the country of the Gadarenes.","num":1},{"text":"And when He had come out of the boat, immediately there met Him out of the tombs a man with an unclean spirit,","num":2},{"text":"who had his dwelling among the tombs; and no one could bind him, not even with chains,","num":3},{"text":"because he had often been bound with shackles and chains. And the chains had been pulled apart by him, and the shackles broken in pieces; neither could anyone tame him.","num":4},{"text":"And always, night and day, he was in the mountains and in the tombs, crying out and cutting himself with stones.","num":5},{"text":"When he saw Jesus from afar, he ran and worshiped Him.","num":6},{"text":"And he cried out with a loud voice and said, \"What have I to do with You, Jesus, Son of the Most High God? I implore You by God that You do not torment me.\"","num":7},{"text":"For He said to him, \"Come out of the man, unclean spirit!\"","num":8},{"text":"Then He asked him, \"What is your name?\" And he answered, saying, \"My name is Legion; for we are many.\"","num":9},{"text":"Also he begged Him earnestly that He would not send them out of the country.","num":10},{"text":"Now a large herd of swine was feeding there near the mountains.","num":11},{"text":"So all the demons begged Him, saying, \"Send us to the swine, that we may enter them.\"","num":12},{"text":"And at once Jesus gave them permission. Then the unclean spirits went out and entered the swine (there were about two thousand); and the herd ran violently down the steep place into the sea, and drowned in the sea.","num":13},{"text":"So those who fed the swine fled, and they told it in the city and in the country. And they went out to see what it was that had happened.","num":14},{"text":"Then they came to Jesus, and saw the one who had been demon-possessed and had the legion, sitting and clothed and in his right mind. And they were afraid.","num":15},{"text":"And those who saw it told them how it happened to him who had been demon-possessed, and about the swine.","num":16},{"text":"Then they began to plead with Him to depart from their region.","num":17},{"text":"And when He got into the boat, he who had been demon-possessed begged Him that he might be with Him.","num":18},{"text":"However, Jesus did not permit him, but said to him, \"Go home to your friends, and tell them what great things the Lord has done for you, and how He has had compassion on you.\"","num":19},{"text":"And he departed and began to proclaim in Decapolis all that Jesus had done for him; and all marveled.","num":20},{"text":"Now when Jesus had crossed over again by boat to the other side, a great multitude gathered to Him; and He was by the sea.","num":21},{"text":"And behold, one of the rulers of the synagogue came, Jairus by name. And when he saw Him, he fell at His feet","num":22},{"text":"and begged Him earnestly, saying, \"My little daughter lies at the point of death. Come and lay Your hands on her, that she may be healed, and she will live.\"","num":23},{"text":"So Jesus went with him, and a great multitude followed Him and thronged Him.","num":24},{"text":"Now a certain woman had a flow of blood for twelve years,","num":25},{"text":"and had suffered many things from many physicians. She had spent all that she had and was no better, but rather grew worse.","num":26},{"text":"When she heard about Jesus, she came behind Him in the crowd and touched His garment.","num":27},{"text":"For she said, \"If only I may touch His clothes, I shall be made well.\"","num":28},{"text":"Immediately the fountain of her blood was dried up, and she felt in her body that she was healed of the affliction.","num":29},{"text":"And Jesus, immediately knowing in Himself that power had gone out of Him, turned around in the crowd and said, \"Who touched My clothes?\"","num":30},{"text":"But His disciples said to Him, \"You see the multitude thronging You, and You say, \"Who touched Me?\"'","num":31},{"text":"And He looked around to see her who had done this thing.","num":32},{"text":"But the woman, fearing and trembling, knowing what had happened to her, came and fell down before Him and told Him the whole truth.","num":33},{"text":"And He said to her, \"Daughter, your faith has made you well. Go in peace, and be healed of your affliction.\"","num":34},{"text":"While He was still speaking, some came from the ruler of the synagogue's house who said, \"Your daughter is dead. Why trouble the Teacher any further?\"","num":35},{"text":"As soon as Jesus heard the word that was spoken, He said to the ruler of the synagogue, \"Do not be afraid; only believe.\"","num":36},{"text":"And He permitted no one to follow Him except Peter, James, and John the brother of James.","num":37},{"text":"Then He came to the house of the ruler of the synagogue, and saw a tumult and those who wept and wailed loudly.","num":38},{"text":"When He came in, He said to them, \"Why make this commotion and weep? The child is not dead, but sleeping.\"","num":39},{"text":"And they ridiculed Him. But when He had put them all outside, He took the father and the mother of the child, and those who were with Him, and entered where the child was lying.","num":40},{"text":"Then He took the child by the hand, and said to her, \"Talitha, cumi,\" which is translated, \"Little girl, I say to you, arise.\"","num":41},{"text":"Immediately the girl arose and walked, for she was twelve years of age. And they were overcome with great amazement.","num":42},{"text":"But He commanded them strictly that no one should know it, and said that something should be given her to eat.","num":43}],"num":5},{"verses":[{"text":"Then He went out from there and came to His own country, and His disciples followed Him.","num":1},{"text":"And when the Sabbath had come, He began to teach in the synagogue. And many hearing Him were astonished, saying, \"Where did this Man get these things? And what wisdom is this which is given to Him, that such mighty works are performed by His hands!","num":2},{"text":"Is this not the carpenter, the Son of Mary, and brother of James, Joses, Judas, and Simon? And are not His sisters here with us?\" So they were offended at Him.","num":3},{"text":"But Jesus said to them, \"A prophet is not without honor except in his own country, among his own relatives, and in his own house.\"","num":4},{"text":"Now He could do no mighty work there, except that He laid His hands on a few sick people and healed them.","num":5},{"text":"And He marveled because of their unbelief. Then He went about the villages in a circuit, teaching.","num":6},{"text":"And He called the twelve to Himself, and began to send them out two by two, and gave them power over unclean spirits.","num":7},{"text":"He commanded them to take nothing for the journey except a staff--no bag, no bread, no copper in their money belts--","num":8},{"text":"but to wear sandals, and not to put on two tunics.","num":9},{"text":"Also He said to them, \"In whatever place you enter a house, stay there till you depart from that place.","num":10},{"text":"And whoever will not receive you nor hear you, when you depart from there, shake off the dust under your feet as a testimony against them. Assuredly, I say to you, it will be more tolerable for Sodom and Gomorrah in the day of judgment than for that city!\"","num":11},{"text":"So they went out and preached that people should repent.","num":12},{"text":"And they cast out many demons, and anointed with oil many who were sick, and healed them.","num":13},{"text":"Now King Herod heard of Him, for His name had become well known. And he said, \"John the Baptist is risen from the dead, and therefore these powers are at work in him.\"","num":14},{"text":"Others said, \"It is Elijah.\" And others said, \"It is the Prophet, or like one of the prophets.\"","num":15},{"text":"But when Herod heard, he said, \"This is John, whom I beheaded; he has been raised from the dead!\"","num":16},{"text":"For Herod himself had sent and laid hold of John, and bound him in prison for the sake of Herodias, his brother Philip's wife; for he had married her.","num":17},{"text":"Because John had said to Herod, \"It is not lawful for you to have your brother's wife.\"","num":18},{"text":"Therefore Herodias held it against him and wanted to kill him, but she could not;","num":19},{"text":"for Herod feared John, knowing that he was a just and holy man, and he protected him. And when he heard him, he did many things, and heard him gladly.","num":20},{"text":"Then an opportune day came when Herod on his birthday gave a feast for his nobles, the high officers, and the chief men of Galilee.","num":21},{"text":"And when Herodias' daughter herself came in and danced, and pleased Herod and those who sat with him, the king said to the girl, \"Ask me whatever you want, and I will give it to you.\"","num":22},{"text":"He also swore to her, \"Whatever you ask me, I will give you, up to half my kingdom.\"","num":23},{"text":"So she went out and said to her mother, \"What shall I ask?\" And she said, \"The head of John the Baptist!\"","num":24},{"text":"Immediately she came in with haste to the king and asked, saying, \"I want you to give me at once the head of John the Baptist on a platter.\"","num":25},{"text":"And the king was exceedingly sorry; yet, because of the oaths and because of those who sat with him, he did not want to refuse her.","num":26},{"text":"Immediately the king sent an executioner and commanded his head to be brought. And he went and beheaded him in prison,","num":27},{"text":"brought his head on a platter, and gave it to the girl; and the girl gave it to her mother.","num":28},{"text":"When his disciples heard of it, they came and took away his corpse and laid it in a tomb.","num":29},{"text":"Then the apostles gathered to Jesus and told Him all things, both what they had done and what they had taught.","num":30},{"text":"And He said to them, \"Come aside by yourselves to a deserted place and rest a while.\" For there were many coming and going, and they did not even have time to eat.","num":31},{"text":"So they departed to a deserted place in the boat by themselves.","num":32},{"text":"But the multitudes saw them departing, and many knew Him and ran there on foot from all the cities. They arrived before them and came together to Him.","num":33},{"text":"And Jesus, when He came out, saw a great multitude and was moved with compassion for them, because they were like sheep not having a shepherd. So He began to teach them many things.","num":34},{"text":"When the day was now far spent, His disciples came to Him and said, \"This is a deserted place, and already the hour is late.","num":35},{"text":"Send them away, that they may go into the surrounding country and villages and buy themselves bread; for they have nothing to eat.\"","num":36},{"text":"But He answered and said to them, \"You give them something to eat.\" And they said to Him, \"Shall we go and buy two hundred denarii worth of bread and give them something to eat?\"","num":37},{"text":"But He said to them, \"How many loaves do you have? Go and see.\" And when they found out they said, \"Five, and two fish.\"","num":38},{"text":"Then He commanded them to make them all sit down in groups on the green grass.","num":39},{"text":"So they sat down in ranks, in hundreds and in fifties.","num":40},{"text":"And when He had taken the five loaves and the two fish, He looked up to heaven, blessed and broke the loaves, and gave them to His disciples to set before them; and the two fish He divided among them all.","num":41},{"text":"So they all ate and were filled.","num":42},{"text":"And they took up twelve baskets full of fragments and of the fish.","num":43},{"text":"Now those who had eaten the loaves were about five thousand men.","num":44},{"text":"Immediately He made His disciples get into the boat and go before Him to the other side, to Bethsaida, while He sent the multitude away.","num":45},{"text":"And when He had sent them away, He departed to the mountain to pray.","num":46},{"text":"Now when evening came, the boat was in the middle of the sea; and He was alone on the land.","num":47},{"text":"Then He saw them straining at rowing, for the wind was against them. Now about the fourth watch of the night He came to them, walking on the sea, and would have passed them by.","num":48},{"text":"And when they saw Him walking on the sea, they supposed it was a ghost, and cried out;","num":49},{"text":"for they all saw Him and were troubled. But immediately He talked with them and said to them, \"Be of good cheer! It is I; do not be afraid.\"","num":50},{"text":"Then He went up into the boat to them, and the wind ceased. And they were greatly amazed in themselves beyond measure, and marveled.","num":51},{"text":"For they had not understood about the loaves, because their heart was hardened.","num":52},{"text":"When they had crossed over, they came to the land of Gennesaret and anchored there.","num":53},{"text":"And when they came out of the boat, immediately the people recognized Him,","num":54},{"text":"ran through that whole surrounding region, and began to carry about on beds those who were sick to wherever they heard He was.","num":55},{"text":"Wherever He entered, into villages, cities, or the country, they laid the sick in the marketplaces, and begged Him that they might just touch the hem of His garment. And as many as touched Him were made well.","num":56}],"num":6},{"verses":[{"text":"Then the Pharisees and some of the scribes came together to Him, having come from Jerusalem.","num":1},{"text":"Now when they saw some of His disciples eat bread with defiled, that is, with unwashed hands, they found fault.","num":2},{"text":"For the Pharisees and all the Jews do not eat unless they wash their hands in a special way, holding the tradition of the elders.","num":3},{"text":"When they come from the marketplace, they do not eat unless they wash. And there are many other things which they have received and hold, like the washing of cups, pitchers, copper vessels, and couches.","num":4},{"text":"Then the Pharisees and scribes asked Him, \"Why do Your disciples not walk according to the tradition of the elders, but eat bread with unwashed hands?\"","num":5},{"text":"He answered and said to them, \"Well did Isaiah prophesy of you hypocrites, as it is written: \"This people honors Me with their lips, But their heart is far from Me.","num":6},{"text":"And in vain they worship Me, Teaching as doctrines the commandments of men.'","num":7},{"text":"For laying aside the commandment of God, you hold the tradition of men--the washing of pitchers and cups, and many other such things you do.\"","num":8},{"text":"He said to them, \"All too well you reject the commandment of God, that you may keep your tradition.","num":9},{"text":"For Moses said, \"Honor your father and your mother'; and, \"He who curses father or mother, let him be put to death.'","num":10},{"text":"But you say, \"If a man says to his father or mother, \"Whatever profit you might have received from me is Corban\"--' (that is, a gift to God),","num":11},{"text":"then you no longer let him do anything for his father or his mother,","num":12},{"text":"making the word of God of no effect through your tradition which you have handed down. And many such things you do.\"","num":13},{"text":"When He had called all the multitude to Himself, He said to them, \"Hear Me, everyone, and understand:","num":14},{"text":"There is nothing that enters a man from outside which can defile him; but the things which come out of him, those are the things that defile a man.","num":15},{"text":"If anyone has ears to hear, let him hear!\"","num":16},{"text":"When He had entered a house away from the crowd, His disciples asked Him concerning the parable.","num":17},{"text":"So He said to them, \"Are you thus without understanding also? Do you not perceive that whatever enters a man from outside cannot defile him,","num":18},{"text":"because it does not enter his heart but his stomach, and is eliminated, thus purifying all foods?\"","num":19},{"text":"And He said, \"What comes out of a man, that defiles a man.","num":20},{"text":"For from within, out of the heart of men, proceed evil thoughts, adulteries, fornications, murders,","num":21},{"text":"thefts, covetousness, wickedness, deceit, lewdness, an evil eye, blasphemy, pride, foolishness.","num":22},{"text":"All these evil things come from within and defile a man.\"","num":23},{"text":"From there He arose and went to the region of Tyre and Sidon. And He entered a house and wanted no one to know it, but He could not be hidden.","num":24},{"text":"For a woman whose young daughter had an unclean spirit heard about Him, and she came and fell at His feet.","num":25},{"text":"The woman was a Greek, a Syro-Phoenician by birth, and she kept asking Him to cast the demon out of her daughter.","num":26},{"text":"But Jesus said to her, \"Let the children be filled first, for it is not good to take the children's bread and throw it to the little dogs.\"","num":27},{"text":"And she answered and said to Him, \"Yes, Lord, yet even the little dogs under the table eat from the children's crumbs.\"","num":28},{"text":"Then He said to her, \"For this saying go your way; the demon has gone out of your daughter.\"","num":29},{"text":"And when she had come to her house, she found the demon gone out, and her daughter lying on the bed.","num":30},{"text":"Again, departing from the region of Tyre and Sidon, He came through the midst of the region of Decapolis to the Sea of Galilee.","num":31},{"text":"Then they brought to Him one who was deaf and had an impediment in his speech, and they begged Him to put His hand on him.","num":32},{"text":"And He took him aside from the multitude, and put His fingers in his ears, and He spat and touched his tongue.","num":33},{"text":"Then, looking up to heaven, He sighed, and said to him, \"Ephphatha,\" that is, \"Be opened.\"","num":34},{"text":"Immediately his ears were opened, and the impediment of his tongue was loosed, and he spoke plainly.","num":35},{"text":"Then He commanded them that they should tell no one; but the more He commanded them, the more widely they proclaimed it.","num":36},{"text":"And they were astonished beyond measure, saying, \"He has done all things well. He makes both the deaf to hear and the mute to speak.\"","num":37}],"num":7},{"verses":[{"text":"In those days, the multitude being very great and having nothing to eat, Jesus called His disciples to Him and said to them,","num":1},{"text":"\"I have compassion on the multitude, because they have now continued with Me three days and have nothing to eat.","num":2},{"text":"And if I send them away hungry to their own houses, they will faint on the way; for some of them have come from afar.\"","num":3},{"text":"Then His disciples answered Him, \"How can one satisfy these people with bread here in the wilderness?\"","num":4},{"text":"He asked them, \"How many loaves do you have?\" And they said, \"Seven.\"","num":5},{"text":"So He commanded the multitude to sit down on the ground. And He took the seven loaves and gave thanks, broke them and gave them to His disciples to set before them; and they set them before the multitude.","num":6},{"text":"They also had a few small fish; and having blessed them, He said to set them also before them.","num":7},{"text":"So they ate and were filled, and they took up seven large baskets of leftover fragments.","num":8},{"text":"Now those who had eaten were about four thousand. And He sent them away,","num":9},{"text":"immediately got into the boat with His disciples, and came to the region of Dalmanutha.","num":10},{"text":"Then the Pharisees came out and began to dispute with Him, seeking from Him a sign from heaven, testing Him.","num":11},{"text":"But He sighed deeply in His spirit, and said, \"Why does this generation seek a sign? Assuredly, I say to you, no sign shall be given to this generation.\"","num":12},{"text":"And He left them, and getting into the boat again, departed to the other side.","num":13},{"text":"Now the disciples had forgotten to take bread, and they did not have more than one loaf with them in the boat.","num":14},{"text":"Then He charged them, saying, \"Take heed, beware of the leaven of the Pharisees and the leaven of Herod.\"","num":15},{"text":"And they reasoned among themselves, saying, \"It is because we have no bread.\"","num":16},{"text":"But Jesus, being aware of it, said to them, \"Why do you reason because you have no bread? Do you not yet perceive nor understand? Is your heart still hardened?","num":17},{"text":"Having eyes, do you not see? And having ears, do you not hear? And do you not remember?","num":18},{"text":"When I broke the five loaves for the five thousand, how many baskets full of fragments did you take up?\" They said to Him, \"Twelve.\"","num":19},{"text":"\"Also, when I broke the seven for the four thousand, how many large baskets full of fragments did you take up?\" And they said, \"Seven.\"","num":20},{"text":"So He said to them, \"How is it you do not understand?\"","num":21},{"text":"Then He came to Bethsaida; and they brought a blind man to Him, and begged Him to touch him.","num":22},{"text":"So He took the blind man by the hand and led him out of the town. And when He had spit on his eyes and put His hands on him, He asked him if he saw anything.","num":23},{"text":"And he looked up and said, \"I see men like trees, walking.\"","num":24},{"text":"Then He put His hands on his eyes again and made him look up. And he was restored and saw everyone clearly.","num":25},{"text":"Then He sent him away to his house, saying, \"Neither go into the town, nor tell anyone in the town.\"","num":26},{"text":"Now Jesus and His disciples went out to the towns of Caesarea Philippi; and on the road He asked His disciples, saying to them, \"Who do men say that I am?\"","num":27},{"text":"So they answered, \"John the Baptist; but some say, Elijah; and others, one of the prophets.\"","num":28},{"text":"He said to them, \"But who do you say that I am?\" Peter answered and said to Him, \"You are the Christ.\"","num":29},{"text":"Then He strictly warned them that they should tell no one about Him.","num":30},{"text":"And He began to teach them that the Son of Man must suffer many things, and be rejected by the elders and chief priests and scribes, and be killed, and after three days rise again.","num":31},{"text":"He spoke this word openly. Then Peter took Him aside and began to rebuke Him.","num":32},{"text":"But when He had turned around and looked at His disciples, He rebuked Peter, saying, \"Get behind Me, Satan! For you are not mindful of the things of God, but the things of men.\"","num":33},{"text":"When He had called the people to Himself, with His disciples also, He said to them, \"Whoever desires to come after Me, let him deny himself, and take up his cross, and follow Me.","num":34},{"text":"For whoever desires to save his life will lose it, but whoever loses his life for My sake and the gospel's will save it.","num":35},{"text":"For what will it profit a man if he gains the whole world, and loses his own soul?","num":36},{"text":"Or what will a man give in exchange for his soul?","num":37},{"text":"For whoever is ashamed of Me and My words in this adulterous and sinful generation, of him the Son of Man also will be ashamed when He comes in the glory of His Father with the holy angels.\"","num":38}],"num":8},{"verses":[{"text":"And He said to them, \"Assuredly, I say to you that there are some standing here who will not taste death till they see the kingdom of God present with power.\"","num":1},{"text":"Now after six days Jesus took Peter, James, and John, and led them up on a high mountain apart by themselves; and He was transfigured before them.","num":2},{"text":"His clothes became shining, exceedingly white, like snow, such as no launderer on earth can whiten them.","num":3},{"text":"And Elijah appeared to them with Moses, and they were talking with Jesus.","num":4},{"text":"Then Peter answered and said to Jesus, \"Rabbi, it is good for us to be here; and let us make three tabernacles: one for You, one for Moses, and one for Elijah\"--","num":5},{"text":"because he did not know what to say, for they were greatly afraid.","num":6},{"text":"And a cloud came and overshadowed them; and a voice came out of the cloud, saying, \"This is My beloved Son. Hear Him!\"","num":7},{"text":"Suddenly, when they had looked around, they saw no one anymore, but only Jesus with themselves.","num":8},{"text":"Now as they came down from the mountain, He commanded them that they should tell no one the things they had seen, till the Son of Man had risen from the dead.","num":9},{"text":"So they kept this word to themselves, questioning what the rising from the dead meant.","num":10},{"text":"And they asked Him, saying, \"Why do the scribes say that Elijah must come first?\"","num":11},{"text":"Then He answered and told them, \"Indeed, Elijah is coming first and restores all things. And how is it written concerning the Son of Man, that He must suffer many things and be treated with contempt?","num":12},{"text":"But I say to you that Elijah has also come, and they did to him whatever they wished, as it is written of him.\"","num":13},{"text":"And when He came to the disciples, He saw a great multitude around them, and scribes disputing with them.","num":14},{"text":"Immediately, when they saw Him, all the people were greatly amazed, and running to Him, greeted Him.","num":15},{"text":"And He asked the scribes, \"What are you discussing with them?\"","num":16},{"text":"Then one of the crowd answered and said, \"Teacher, I brought You my son, who has a mute spirit.","num":17},{"text":"And wherever it seizes him, it throws him down; he foams at the mouth, gnashes his teeth, and becomes rigid. So I spoke to Your disciples, that they should cast it out, but they could not.\"","num":18},{"text":"He answered him and said, \"O faithless generation, how long shall I be with you? How long shall I bear with you? Bring him to Me.\"","num":19},{"text":"Then they brought him to Him. And when he saw Him, immediately the spirit convulsed him, and he fell on the ground and wallowed, foaming at the mouth.","num":20},{"text":"So He asked his father, \"How long has this been happening to him?\" And he said, \"From childhood.","num":21},{"text":"And often he has thrown him both into the fire and into the water to destroy him. But if You can do anything, have compassion on us and help us.\"","num":22},{"text":"Jesus said to him, \"If you can believe, all things are possible to him who believes.\"","num":23},{"text":"Immediately the father of the child cried out and said with tears, \"Lord, I believe; help my unbelief!\"","num":24},{"text":"When Jesus saw that the people came running together, He rebuked the unclean spirit, saying to it, \"Deaf and dumb spirit, I command you, come out of him and enter him no more!\"","num":25},{"text":"Then the spirit cried out, convulsed him greatly, and came out of him. And he became as one dead, so that many said, \"He is dead.\"","num":26},{"text":"But Jesus took him by the hand and lifted him up, and he arose.","num":27},{"text":"And when He had come into the house, His disciples asked Him privately, \"Why could we not cast it out?\"","num":28},{"text":"So He said to them, \"This kind can come out by nothing but prayer and fasting.\"","num":29},{"text":"Then they departed from there and passed through Galilee, and He did not want anyone to know it.","num":30},{"text":"For He taught His disciples and said to them, \"The Son of Man is being betrayed into the hands of men, and they will kill Him. And after He is killed, He will rise the third day.\"","num":31},{"text":"But they did not understand this saying, and were afraid to ask Him.","num":32},{"text":"Then He came to Capernaum. And when He was in the house He asked them, \"What was it you disputed among yourselves on the road?\"","num":33},{"text":"But they kept silent, for on the road they had disputed among themselves who would be the greatest.","num":34},{"text":"And He sat down, called the twelve, and said to them, \"If anyone desires to be first, he shall be last of all and servant of all.\"","num":35},{"text":"Then He took a little child and set him in the midst of them. And when He had taken him in His arms, He said to them,","num":36},{"text":"\"Whoever receives one of these little children in My name receives Me; and whoever receives Me, receives not Me but Him who sent Me.\"","num":37},{"text":"Now John answered Him, saying, \"Teacher, we saw someone who does not follow us casting out demons in Your name, and we forbade him because he does not follow us.\"","num":38},{"text":"But Jesus said, \"Do not forbid him, for no one who works a miracle in My name can soon afterward speak evil of Me.","num":39},{"text":"For he who is not against us is on our side.","num":40},{"text":"For whoever gives you a cup of water to drink in My name, because you belong to Christ, assuredly, I say to you, he will by no means lose his reward.","num":41},{"text":"\"But whoever causes one of these little ones who believe in Me to stumble, it would be better for him if a millstone were hung around his neck, and he were thrown into the sea.","num":42},{"text":"If your hand causes you to sin, cut it off. It is better for you to enter into life maimed, rather than having two hands, to go to hell, into the fire that shall never be quenched--","num":43},{"text":"where \"Their worm does not die And the fire is not quenched.'","num":44},{"text":"And if your foot causes you to sin, cut it off. It is better for you to enter life lame, rather than having two feet, to be cast into hell, into the fire that shall never be quenched--","num":45},{"text":"where \"Their worm does not die And the fire is not quenched.'","num":46},{"text":"And if your eye causes you to sin, pluck it out. It is better for you to enter the kingdom of God with one eye, rather than having two eyes, to be cast into hell fire--","num":47},{"text":"where \"Their worm does not die And the fire is not quenched.'","num":48},{"text":"\"For everyone will be seasoned with fire, and every sacrifice will be seasoned with salt.","num":49},{"text":"Salt is good, but if the salt loses its flavor, how will you season it? Have salt in yourselves, and have peace with one another.\"","num":50}],"num":9},{"verses":[{"text":"Then He arose from there and came to the region of Judea by the other side of the Jordan. And multitudes gathered to Him again, and as He was accustomed, He taught them again.","num":1},{"text":"The Pharisees came and asked Him, \"Is it lawful for a man to divorce his wife?\" testing Him.","num":2},{"text":"And He answered and said to them, \"What did Moses command you?\"","num":3},{"text":"They said, \"Moses permitted a man to write a certificate of divorce, and to dismiss her.\"","num":4},{"text":"And Jesus answered and said to them, \"Because of the hardness of your heart he wrote you this precept.","num":5},{"text":"But from the beginning of the creation, God \"made them male and female.'","num":6},{"text":"\"For this reason a man shall leave his father and mother and be joined to his wife,","num":7},{"text":"and the two shall become one flesh'; so then they are no longer two, but one flesh.","num":8},{"text":"Therefore what God has joined together, let not man separate.\"","num":9},{"text":"In the house His disciples also asked Him again about the same matter.","num":10},{"text":"So He said to them, \"Whoever divorces his wife and marries another commits adultery against her.","num":11},{"text":"And if a woman divorces her husband and marries another, she commits adultery.\"","num":12},{"text":"Then they brought little children to Him, that He might touch them; but the disciples rebuked those who brought them.","num":13},{"text":"But when Jesus saw it, He was greatly displeased and said to them, \"Let the little children come to Me, and do not forbid them; for of such is the kingdom of God.","num":14},{"text":"Assuredly, I say to you, whoever does not receive the kingdom of God as a little child will by no means enter it.\"","num":15},{"text":"And He took them up in His arms, laid His hands on them, and blessed them.","num":16},{"text":"Now as He was going out on the road, one came running, knelt before Him, and asked Him, \"Good Teacher, what shall I do that I may inherit eternal life?\"","num":17},{"text":"So Jesus said to him, \"Why do you call Me good? No one is good but One, that is, God.","num":18},{"text":"You know the commandments: \"Do not commit adultery,' \"Do not murder,' \"Do not steal,' \"Do not bear false witness,' \"Do not defraud,' \"Honor your father and your mother.\"'","num":19},{"text":"And he answered and said to Him, \"Teacher, all these things I have kept from my youth.\"","num":20},{"text":"Then Jesus, looking at him, loved him, and said to him, \"One thing you lack: Go your way, sell whatever you have and give to the poor, and you will have treasure in heaven; and come, take up the cross, and follow Me.\"","num":21},{"text":"But he was sad at this word, and went away sorrowful, for he had great possessions.","num":22},{"text":"Then Jesus looked around and said to His disciples, \"How hard it is for those who have riches to enter the kingdom of God!\"","num":23},{"text":"And the disciples were astonished at His words. But Jesus answered again and said to them, \"Children, how hard it is for those who trust in riches to enter the kingdom of God!","num":24},{"text":"It is easier for a camel to go through the eye of a needle than for a rich man to enter the kingdom of God.\"","num":25},{"text":"And they were greatly astonished, saying among themselves, \"Who then can be saved?\"","num":26},{"text":"But Jesus looked at them and said, \"With men it is impossible, but not with God; for with God all things are possible.\"","num":27},{"text":"Then Peter began to say to Him, \"See, we have left all and followed You.\"","num":28},{"text":"So Jesus answered and said, \"Assuredly, I say to you, there is no one who has left house or brothers or sisters or father or mother or wife or children or lands, for My sake and the gospel's,","num":29},{"text":"who shall not receive a hundredfold now in this time--houses and brothers and sisters and mothers and children and lands, with persecutions--and in the age to come, eternal life.","num":30},{"text":"But many who are first will be last, and the last first.\"","num":31},{"text":"Now they were on the road, going up to Jerusalem, and Jesus was going before them; and they were amazed. And as they followed they were afraid. Then He took the twelve aside again and began to tell them the things that would happen to Him:","num":32},{"text":"\"Behold, we are going up to Jerusalem, and the Son of Man will be betrayed to the chief priests and to the scribes; and they will condemn Him to death and deliver Him to the Gentiles;","num":33},{"text":"and they will mock Him, and scourge Him, and spit on Him, and kill Him. And the third day He will rise again.\"","num":34},{"text":"Then James and John, the sons of Zebedee, came to Him, saying, \"Teacher, we want You to do for us whatever we ask.\"","num":35},{"text":"And He said to them, \"What do you want Me to do for you?\"","num":36},{"text":"They said to Him, \"Grant us that we may sit, one on Your right hand and the other on Your left, in Your glory.\"","num":37},{"text":"But Jesus said to them, \"You do not know what you ask. Are you able to drink the cup that I drink, and be baptized with the baptism that I am baptized with?\"","num":38},{"text":"They said to Him, \"We are able.\" So Jesus said to them, \"You will indeed drink the cup that I drink, and with the baptism I am baptized with you will be baptized;","num":39},{"text":"but to sit on My right hand and on My left is not Mine to give, but it is for those for whom it is prepared.\"","num":40},{"text":"And when the ten heard it, they began to be greatly displeased with James and John.","num":41},{"text":"But Jesus called them to Himself and said to them, \"You know that those who are considered rulers over the Gentiles lord it over them, and their great ones exercise authority over them.","num":42},{"text":"Yet it shall not be so among you; but whoever desires to become great among you shall be your servant.","num":43},{"text":"And whoever of you desires to be first shall be slave of all.","num":44},{"text":"For even the Son of Man did not come to be served, but to serve, and to give His life a ransom for many.\"","num":45},{"text":"Now they came to Jericho. As He went out of Jericho with His disciples and a great multitude, blind Bartimaeus, the son of Timaeus, sat by the road begging.","num":46},{"text":"And when he heard that it was Jesus of Nazareth, he began to cry out and say, \"Jesus, Son of David, have mercy on me!\"","num":47},{"text":"Then many warned him to be quiet; but he cried out all the more, \"Son of David, have mercy on me!\"","num":48},{"text":"So Jesus stood still and commanded him to be called. Then they called the blind man, saying to him, \"Be of good cheer. Rise, He is calling you.\"","num":49},{"text":"And throwing aside his garment, he rose and came to Jesus.","num":50},{"text":"So Jesus answered and said to him, \"What do you want Me to do for you?\" The blind man said to Him, \"Rabboni, that I may receive my sight.\"","num":51},{"text":"Then Jesus said to him, \"Go your way; your faith has made you well.\" And immediately he received his sight and followed Jesus on the road.","num":52}],"num":10},{"verses":[{"text":"Now when they drew near Jerusalem, to Bethphage and Bethany, at the Mount of Olives, He sent two of His disciples;","num":1},{"text":"and He said to them, \"Go into the village opposite you; and as soon as you have entered it you will find a colt tied, on which no one has sat. Loose it and bring it.","num":2},{"text":"And if anyone says to you, \"Why are you doing this?' say, \"The Lord has need of it,' and immediately he will send it here.\"","num":3},{"text":"So they went their way, and found the colt tied by the door outside on the street, and they loosed it.","num":4},{"text":"But some of those who stood there said to them, \"What are you doing, loosing the colt?\"","num":5},{"text":"And they spoke to them just as Jesus had commanded. So they let them go.","num":6},{"text":"Then they brought the colt to Jesus and threw their clothes on it, and He sat on it.","num":7},{"text":"And many spread their clothes on the road, and others cut down leafy branches from the trees and spread them on the road.","num":8},{"text":"Then those who went before and those who followed cried out, saying: \"Hosanna! \"Blessed is He who comes in the name of the LORD!'","num":9},{"text":"Blessed is the kingdom of our father David That comes in the name of the Lord! Hosanna in the highest!\"","num":10},{"text":"And Jesus went into Jerusalem and into the temple. So when He had looked around at all things, as the hour was already late, He went out to Bethany with the twelve.","num":11},{"text":"Now the next day, when they had come out from Bethany, He was hungry.","num":12},{"text":"And seeing from afar a fig tree having leaves, He went to see if perhaps He would find something on it. When He came to it, He found nothing but leaves, for it was not the season for figs.","num":13},{"text":"In response Jesus said to it, \"Let no one eat fruit from you ever again.\" And His disciples heard it.","num":14},{"text":"So they came to Jerusalem. Then Jesus went into the temple and began to drive out those who bought and sold in the temple, and overturned the tables of the money changers and the seats of those who sold doves.","num":15},{"text":"And He would not allow anyone to carry wares through the temple.","num":16},{"text":"Then He taught, saying to them, \"Is it not written, \"My house shall be called a house of prayer for all nations'? But you have made it a \"den of thieves.\"'","num":17},{"text":"And the scribes and chief priests heard it and sought how they might destroy Him; for they feared Him, because all the people were astonished at His teaching.","num":18},{"text":"When evening had come, He went out of the city.","num":19},{"text":"Now in the morning, as they passed by, they saw the fig tree dried up from the roots.","num":20},{"text":"And Peter, remembering, said to Him, \"Rabbi, look! The fig tree which You cursed has withered away.\"","num":21},{"text":"So Jesus answered and said to them, \"Have faith in God.","num":22},{"text":"For assuredly, I say to you, whoever says to this mountain, \"Be removed and be cast into the sea,' and does not doubt in his heart, but believes that those things he says will be done, he will have whatever he says.","num":23},{"text":"Therefore I say to you, whatever things you ask when you pray, believe that you receive them, and you will have them.","num":24},{"text":"\"And whenever you stand praying, if you have anything against anyone, forgive him, that your Father in heaven may also forgive you your trespasses.","num":25},{"text":"But if you do not forgive, neither will your Father in heaven forgive your trespasses.\"","num":26},{"text":"Then they came again to Jerusalem. And as He was walking in the temple, the chief priests, the scribes, and the elders came to Him.","num":27},{"text":"And they said to Him, \"By what authority are You doing these things? And who gave You this authority to do these things?\"","num":28},{"text":"But Jesus answered and said to them, \"I also will ask you one question; then answer Me, and I will tell you by what authority I do these things:","num":29},{"text":"The baptism of John--was it from heaven or from men? Answer Me.\"","num":30},{"text":"And they reasoned among themselves, saying, \"If we say, \"From heaven,' He will say, \"Why then did you not believe him?'","num":31},{"text":"But if we say, \"From men\"'--they feared the people, for all counted John to have been a prophet indeed.","num":32},{"text":"So they answered and said to Jesus, \"We do not know.\" And Jesus answered and said to them, \"Neither will I tell you by what authority I do these things.\"","num":33}],"num":11},{"verses":[{"text":"Then He began to speak to them in parables: \"A man planted a vineyard and set a hedge around it, dug a place for the wine vat and built a tower. And he leased it to vinedressers and went into a far country.","num":1},{"text":"Now at vintage-time he sent a servant to the vinedressers, that he might receive some of the fruit of the vineyard from the vinedressers.","num":2},{"text":"And they took him and beat him and sent him away empty-handed.","num":3},{"text":"Again he sent them another servant, and at him they threw stones, wounded him in the head, and sent him away shamefully treated.","num":4},{"text":"And again he sent another, and him they killed; and many others, beating some and killing some.","num":5},{"text":"Therefore still having one son, his beloved, he also sent him to them last, saying, \"They will respect my son.'","num":6},{"text":"But those vinedressers said among themselves, \"This is the heir. Come, let us kill him, and the inheritance will be ours.'","num":7},{"text":"So they took him and killed him and cast him out of the vineyard.","num":8},{"text":"\"Therefore what will the owner of the vineyard do? He will come and destroy the vinedressers, and give the vineyard to others.","num":9},{"text":"Have you not even read this Scripture: \"The stone which the builders rejected Has become the chief cornerstone.","num":10},{"text":"This was the LORD's doing, And it is marvelous in our eyes'?\"","num":11},{"text":"And they sought to lay hands on Him, but feared the multitude, for they knew He had spoken the parable against them. So they left Him and went away.","num":12},{"text":"Then they sent to Him some of the Pharisees and the Herodians, to catch Him in His words.","num":13},{"text":"When they had come, they said to Him, \"Teacher, we know that You are true, and care about no one; for You do not regard the person of men, but teach the way of God in truth. Is it lawful to pay taxes to Caesar, or not?","num":14},{"text":"Shall we pay, or shall we not pay?\" But He, knowing their hypocrisy, said to them, \"Why do you test Me? Bring Me a denarius that I may see it.\"","num":15},{"text":"So they brought it. And He said to them, \"Whose image and inscription is this?\" They said to Him, \"Caesar's.\"","num":16},{"text":"And Jesus answered and said to them, \"Render to Caesar the things that are Caesar's, and to God the things that are God's.\" And they marveled at Him.","num":17},{"text":"Then some Sadducees, who say there is no resurrection, came to Him; and they asked Him, saying:","num":18},{"text":"\"Teacher, Moses wrote to us that if a man's brother dies, and leaves his wife behind, and leaves no children, his brother should take his wife and raise up offspring for his brother.","num":19},{"text":"Now there were seven brothers. The first took a wife; and dying, he left no offspring.","num":20},{"text":"And the second took her, and he died; nor did he leave any offspring. And the third likewise.","num":21},{"text":"So the seven had her and left no offspring. Last of all the woman died also.","num":22},{"text":"Therefore, in the resurrection, when they rise, whose wife will she be? For all seven had her as wife.\"","num":23},{"text":"Jesus answered and said to them, \"Are you not therefore mistaken, because you do not know the Scriptures nor the power of God?","num":24},{"text":"For when they rise from the dead, they neither marry nor are given in marriage, but are like angels in heaven.","num":25},{"text":"But concerning the dead, that they rise, have you not read in the book of Moses, in the burning bush passage, how God spoke to him, saying, \"I am the God of Abraham, the God of Isaac, and the God of Jacob'?","num":26},{"text":"He is not the God of the dead, but the God of the living. You are therefore greatly mistaken.\"","num":27},{"text":"Then one of the scribes came, and having heard them reasoning together, perceiving that He had answered them well, asked Him, \"Which is the first commandment of all?\"","num":28},{"text":"Jesus answered him, \"The first of all the commandments is: \"Hear, O Israel, the LORD our God, the LORD is one.","num":29},{"text":"And you shall love the LORD your God with all your heart, with all your soul, with all your mind, and with all your strength.' This is the first commandment.","num":30},{"text":"And the second, like it, is this: \"You shall love your neighbor as yourself.' There is no other commandment greater than these.\"","num":31},{"text":"So the scribe said to Him, \"Well said, Teacher. You have spoken the truth, for there is one God, and there is no other but He.","num":32},{"text":"And to love Him with all the heart, with all the understanding, with all the soul, and with all the strength, and to love one's neighbor as oneself, is more than all the whole burnt offerings and sacrifices.\"","num":33},{"text":"Now when Jesus saw that he answered wisely, He said to him, \"You are not far from the kingdom of God.\" But after that no one dared question Him.","num":34},{"text":"Then Jesus answered and said, while He taught in the temple, \"How is it that the scribes say that the Christ is the Son of David?","num":35},{"text":"For David himself said by the Holy Spirit: \"The LORD said to my Lord, \"Sit at My right hand, Till I make Your enemies Your footstool.\"'","num":36},{"text":"Therefore David himself calls Him \"Lord'; how is He then his Son?\" And the common people heard Him gladly.","num":37},{"text":"Then He said to them in His teaching, \"Beware of the scribes, who desire to go around in long robes, love greetings in the marketplaces,","num":38},{"text":"the best seats in the synagogues, and the best places at feasts,","num":39},{"text":"who devour widows' houses, and for a pretense make long prayers. These will receive greater condemnation.\"","num":40},{"text":"Now Jesus sat opposite the treasury and saw how the people put money into the treasury. And many who were rich put in much.","num":41},{"text":"Then one poor widow came and threw in two mites, which make a quadrans.","num":42},{"text":"So He called His disciples to Himself and said to them, \"Assuredly, I say to you that this poor widow has put in more than all those who have given to the treasury;","num":43},{"text":"for they all put in out of their abundance, but she out of her poverty put in all that she had, her whole livelihood.\"","num":44}],"num":12},{"verses":[{"text":"Then as He went out of the temple, one of His disciples said to Him, \"Teacher, see what manner of stones and what buildings are here!\"","num":1},{"text":"And Jesus answered and said to him, \"Do you see these great buildings? Not one stone shall be left upon another, that shall not be thrown down.\"","num":2},{"text":"Now as He sat on the Mount of Olives opposite the temple, Peter, James, John, and Andrew asked Him privately,","num":3},{"text":"\"Tell us, when will these things be? And what will be the sign when all these things will be fulfilled?\"","num":4},{"text":"And Jesus, answering them, began to say: \"Take heed that no one deceives you.","num":5},{"text":"For many will come in My name, saying, \"I am He,' and will deceive many.","num":6},{"text":"But when you hear of wars and rumors of wars, do not be troubled; for such things must happen, but the end is not yet.","num":7},{"text":"For nation will rise against nation, and kingdom against kingdom. And there will be earthquakes in various places, and there will be famines and troubles. These are the beginnings of sorrows.","num":8},{"text":"\"But watch out for yourselves, for they will deliver you up to councils, and you will be beaten in the synagogues. You will be brought before rulers and kings for My sake, for a testimony to them.","num":9},{"text":"And the gospel must first be preached to all the nations.","num":10},{"text":"But when they arrest you and deliver you up, do not worry beforehand, or premeditate what you will speak. But whatever is given you in that hour, speak that; for it is not you who speak, but the Holy Spirit.","num":11},{"text":"Now brother will betray brother to death, and a father his child; and children will rise up against parents and cause them to be put to death.","num":12},{"text":"And you will be hated by all for My name's sake. But he who endures to the end shall be saved.","num":13},{"text":"\"So when you see the \"abomination of desolation,' spoken of by Daniel the prophet, standing where it ought not\" (let the reader understand), \"then let those who are in Judea flee to the mountains.","num":14},{"text":"Let him who is on the housetop not go down into the house, nor enter to take anything out of his house.","num":15},{"text":"And let him who is in the field not go back to get his clothes.","num":16},{"text":"But woe to those who are pregnant and to those who are nursing babies in those days!","num":17},{"text":"And pray that your flight may not be in winter.","num":18},{"text":"For in those days there will be tribulation, such as has not been since the beginning of the creation which God created until this time, nor ever shall be.","num":19},{"text":"And unless the Lord had shortened those days, no flesh would be saved; but for the elect's sake, whom He chose, He shortened the days.","num":20},{"text":"\"Then if anyone says to you, \"Look, here is the Christ!' or, \"Look, He is there!' do not believe it.","num":21},{"text":"For false christs and false prophets will rise and show signs and wonders to deceive, if possible, even the elect.","num":22},{"text":"But take heed; see, I have told you all things beforehand.","num":23},{"text":"\"But in those days, after that tribulation, the sun will be darkened, and the moon will not give its light;","num":24},{"text":"the stars of heaven will fall, and the powers in the heavens will be shaken.","num":25},{"text":"Then they will see the Son of Man coming in the clouds with great power and glory.","num":26},{"text":"And then He will send His angels, and gather together His elect from the four winds, from the farthest part of earth to the farthest part of heaven.","num":27},{"text":"\"Now learn this parable from the fig tree: When its branch has already become tender, and puts forth leaves, you know that summer is near.","num":28},{"text":"So you also, when you see these things happening, know that it is near--at the doors!","num":29},{"text":"Assuredly, I say to you, this generation will by no means pass away till all these things take place.","num":30},{"text":"Heaven and earth will pass away, but My words will by no means pass away.","num":31},{"text":"\"But of that day and hour no one knows, not even the angels in heaven, nor the Son, but only the Father.","num":32},{"text":"Take heed, watch and pray; for you do not know when the time is.","num":33},{"text":"It is like a man going to a far country, who left his house and gave authority to his servants, and to each his work, and commanded the doorkeeper to watch.","num":34},{"text":"Watch therefore, for you do not know when the master of the house is coming--in the evening, at midnight, at the crowing of the rooster, or in the morning--","num":35},{"text":"lest, coming suddenly, he find you sleeping.","num":36},{"text":"And what I say to you, I say to all: Watch!\"","num":37}],"num":13},{"verses":[{"text":"After two days it was the Passover and the Feast of Unleavened Bread. And the chief priests and the scribes sought how they might take Him by trickery and put Him to death.","num":1},{"text":"But they said, \"Not during the feast, lest there be an uproar of the people.\"","num":2},{"text":"And being in Bethany at the house of Simon the leper, as He sat at the table, a woman came having an alabaster flask of very costly oil of spikenard. Then she broke the flask and poured it on His head.","num":3},{"text":"But there were some who were indignant among themselves, and said, \"Why was this fragrant oil wasted?","num":4},{"text":"For it might have been sold for more than three hundred denarii and given to the poor.\" And they criticized her sharply.","num":5},{"text":"But Jesus said, \"Let her alone. Why do you trouble her? She has done a good work for Me.","num":6},{"text":"For you have the poor with you always, and whenever you wish you may do them good; but Me you do not have always.","num":7},{"text":"She has done what she could. She has come beforehand to anoint My body for burial.","num":8},{"text":"Assuredly, I say to you, wherever this gospel is preached in the whole world, what this woman has done will also be told as a memorial to her.\"","num":9},{"text":"Then Judas Iscariot, one of the twelve, went to the chief priests to betray Him to them.","num":10},{"text":"And when they heard it, they were glad, and promised to give him money. So he sought how he might conveniently betray Him.","num":11},{"text":"Now on the first day of Unleavened Bread, when they killed the Passover lamb, His disciples said to Him, \"Where do You want us to go and prepare, that You may eat the Passover?\"","num":12},{"text":"And He sent out two of His disciples and said to them, \"Go into the city, and a man will meet you carrying a pitcher of water; follow him.","num":13},{"text":"Wherever he goes in, say to the master of the house, \"The Teacher says, \"Where is the guest room in which I may eat the Passover with My disciples?\"'","num":14},{"text":"Then he will show you a large upper room, furnished and prepared; there make ready for us.\"","num":15},{"text":"So His disciples went out, and came into the city, and found it just as He had said to them; and they prepared the Passover.","num":16},{"text":"In the evening He came with the twelve.","num":17},{"text":"Now as they sat and ate, Jesus said, \"Assuredly, I say to you, one of you who eats with Me will betray Me.\"","num":18},{"text":"And they began to be sorrowful, and to say to Him one by one, \"Is it I?\" And another said, \"Is it I?\"","num":19},{"text":"He answered and said to them, \"It is one of the twelve, who dips with Me in the dish.","num":20},{"text":"The Son of Man indeed goes just as it is written of Him, but woe to that man by whom the Son of Man is betrayed! It would have been good for that man if he had never been born.\"","num":21},{"text":"And as they were eating, Jesus took bread, blessed and broke it, and gave it to them and said, \"Take, eat; this is My body.\"","num":22},{"text":"Then He took the cup, and when He had given thanks He gave it to them, and they all drank from it.","num":23},{"text":"And He said to them, \"This is My blood of the new covenant, which is shed for many.","num":24},{"text":"Assuredly, I say to you, I will no longer drink of the fruit of the vine until that day when I drink it new in the kingdom of God.\"","num":25},{"text":"And when they had sung a hymn, they went out to the Mount of Olives.","num":26},{"text":"Then Jesus said to them, \"All of you will be made to stumble because of Me this night, for it is written: \"I will strike the Shepherd, And the sheep will be scattered.'","num":27},{"text":"\"But after I have been raised, I will go before you to Galilee.\"","num":28},{"text":"Peter said to Him, \"Even if all are made to stumble, yet I will not be.\"","num":29},{"text":"Jesus said to him, \"Assuredly, I say to you that today, even this night, before the rooster crows twice, you will deny Me three times.\"","num":30},{"text":"But he spoke more vehemently, \"If I have to die with You, I will not deny You!\" And they all said likewise.","num":31},{"text":"Then they came to a place which was named Gethsemane; and He said to His disciples, \"Sit here while I pray.\"","num":32},{"text":"And He took Peter, James, and John with Him, and He began to be troubled and deeply distressed.","num":33},{"text":"Then He said to them, \"My soul is exceedingly sorrowful, even to death. Stay here and watch.\"","num":34},{"text":"He went a little farther, and fell on the ground, and prayed that if it were possible, the hour might pass from Him.","num":35},{"text":"And He said, \"Abba, Father, all things are possible for You. Take this cup away from Me; nevertheless, not what I will, but what You will.\"","num":36},{"text":"Then He came and found them sleeping, and said to Peter, \"Simon, are you sleeping? Could you not watch one hour?","num":37},{"text":"Watch and pray, lest you enter into temptation. The spirit indeed is willing, but the flesh is weak.\"","num":38},{"text":"Again He went away and prayed, and spoke the same words.","num":39},{"text":"And when He returned, He found them asleep again, for their eyes were heavy; and they did not know what to answer Him.","num":40},{"text":"Then He came the third time and said to them, \"Are you still sleeping and resting? It is enough! The hour has come; behold, the Son of Man is being betrayed into the hands of sinners.","num":41},{"text":"Rise, let us be going. See, My betrayer is at hand.\"","num":42},{"text":"And immediately, while He was still speaking, Judas, one of the twelve, with a great multitude with swords and clubs, came from the chief priests and the scribes and the elders.","num":43},{"text":"Now His betrayer had given them a signal, saying, \"Whomever I kiss, He is the One; seize Him and lead Him away safely.\"","num":44},{"text":"As soon as he had come, immediately he went up to Him and said to Him, \"Rabbi, Rabbi!\" and kissed Him.","num":45},{"text":"Then they laid their hands on Him and took Him.","num":46},{"text":"And one of those who stood by drew his sword and struck the servant of the high priest, and cut off his ear.","num":47},{"text":"Then Jesus answered and said to them, \"Have you come out, as against a robber, with swords and clubs to take Me?","num":48},{"text":"I was daily with you in the temple teaching, and you did not seize Me. But the Scriptures must be fulfilled.\"","num":49},{"text":"Then they all forsook Him and fled.","num":50},{"text":"Now a certain young man followed Him, having a linen cloth thrown around his naked body. And the young men laid hold of him,","num":51},{"text":"and he left the linen cloth and fled from them naked.","num":52},{"text":"And they led Jesus away to the high priest; and with him were assembled all the chief priests, the elders, and the scribes.","num":53},{"text":"But Peter followed Him at a distance, right into the courtyard of the high priest. And he sat with the servants and warmed himself at the fire.","num":54},{"text":"Now the chief priests and all the council sought testimony against Jesus to put Him to death, but found none.","num":55},{"text":"For many bore false witness against Him, but their testimonies did not agree.","num":56},{"text":"Then some rose up and bore false witness against Him, saying,","num":57},{"text":"\"We heard Him say, \"I will destroy this temple made with hands, and within three days I will build another made without hands.\"'","num":58},{"text":"But not even then did their testimony agree.","num":59},{"text":"And the high priest stood up in the midst and asked Jesus, saying, \"Do You answer nothing? What is it these men testify against You?\"","num":60},{"text":"But He kept silent and answered nothing. Again the high priest asked Him, saying to Him, \"Are You the Christ, the Son of the Blessed?\"","num":61},{"text":"Jesus said, \"I am. And you will see the Son of Man sitting at the right hand of the Power, and coming with the clouds of heaven.\"","num":62},{"text":"Then the high priest tore his clothes and said, \"What further need do we have of witnesses?","num":63},{"text":"You have heard the blasphemy! What do you think?\" And they all condemned Him to be deserving of death.","num":64},{"text":"Then some began to spit on Him, and to blindfold Him, and to beat Him, and to say to Him, \"Prophesy!\" And the officers struck Him with the palms of their hands.","num":65},{"text":"Now as Peter was below in the courtyard, one of the servant girls of the high priest came.","num":66},{"text":"And when she saw Peter warming himself, she looked at him and said, \"You also were with Jesus of Nazareth.\"","num":67},{"text":"But he denied it, saying, \"I neither know nor understand what you are saying.\" And he went out on the porch, and a rooster crowed.","num":68},{"text":"And the servant girl saw him again, and began to say to those who stood by, \"This is one of them.\"","num":69},{"text":"But he denied it again. And a little later those who stood by said to Peter again, \"Surely you are one of them; for you are a Galilean, and your speech shows it.\"","num":70},{"text":"Then he began to curse and swear, \"I do not know this Man of whom you speak!\"","num":71},{"text":"A second time the rooster crowed. Then Peter called to mind the word that Jesus had said to him, \"Before the rooster crows twice, you will deny Me three times.\" And when he thought about it, he wept.","num":72}],"num":14},{"verses":[{"text":"Immediately, in the morning, the chief priests held a consultation with the elders and scribes and the whole council; and they bound Jesus, led Him away, and delivered Him to Pilate.","num":1},{"text":"Then Pilate asked Him, \"Are You the King of the Jews?\" He answered and said to him, \"It is as you say.\"","num":2},{"text":"And the chief priests accused Him of many things, but He answered nothing.","num":3},{"text":"Then Pilate asked Him again, saying, \"Do You answer nothing? See how many things they testify against You!\"","num":4},{"text":"But Jesus still answered nothing, so that Pilate marveled.","num":5},{"text":"Now at the feast he was accustomed to releasing one prisoner to them, whomever they requested.","num":6},{"text":"And there was one named Barabbas, who was chained with his fellow rebels; they had committed murder in the rebellion.","num":7},{"text":"Then the multitude, crying aloud, began to ask him to do just as he had always done for them.","num":8},{"text":"But Pilate answered them, saying, \"Do you want me to release to you the King of the Jews?\"","num":9},{"text":"For he knew that the chief priests had handed Him over because of envy.","num":10},{"text":"But the chief priests stirred up the crowd, so that he should rather release Barabbas to them.","num":11},{"text":"Pilate answered and said to them again, \"What then do you want me to do with Him whom you call the King of the Jews?\"","num":12},{"text":"So they cried out again, \"Crucify Him!\"","num":13},{"text":"Then Pilate said to them, \"Why, what evil has He done?\" But they cried out all the more, \"Crucify Him!\"","num":14},{"text":"So Pilate, wanting to gratify the crowd, released Barabbas to them; and he delivered Jesus, after he had scourged Him, to be crucified.","num":15},{"text":"Then the soldiers led Him away into the hall called Praetorium, and they called together the whole garrison.","num":16},{"text":"And they clothed Him with purple; and they twisted a crown of thorns, put it on His head,","num":17},{"text":"and began to salute Him, \"Hail, King of the Jews!\"","num":18},{"text":"Then they struck Him on the head with a reed and spat on Him; and bowing the knee, they worshiped Him.","num":19},{"text":"And when they had mocked Him, they took the purple off Him, put His own clothes on Him, and led Him out to crucify Him.","num":20},{"text":"Then they compelled a certain man, Simon a Cyrenian, the father of Alexander and Rufus, as he was coming out of the country and passing by, to bear His cross.","num":21},{"text":"And they brought Him to the place Golgotha, which is translated, Place of a Skull.","num":22},{"text":"Then they gave Him wine mingled with myrrh to drink, but He did not take it.","num":23},{"text":"And when they crucified Him, they divided His garments, casting lots for them to determine what every man should take.","num":24},{"text":"Now it was the third hour, and they crucified Him.","num":25},{"text":"And the inscription of His accusation was written above: THE KING OF THE JEWS.","num":26},{"text":"With Him they also crucified two robbers, one on His right and the other on His left.","num":27},{"text":"So the Scripture was fulfilled which says, \"And He was numbered with the transgressors.\"","num":28},{"text":"And those who passed by blasphemed Him, wagging their heads and saying, \"Aha! You who destroy the temple and build it in three days,","num":29},{"text":"save Yourself, and come down from the cross!\"","num":30},{"text":"Likewise the chief priests also, mocking among themselves with the scribes, said, \"He saved others; Himself He cannot save.","num":31},{"text":"Let the Christ, the King of Israel, descend now from the cross, that we may see and believe.\" Even those who were crucified with Him reviled Him.","num":32},{"text":"Now when the sixth hour had come, there was darkness over the whole land until the ninth hour.","num":33},{"text":"And at the ninth hour Jesus cried out with a loud voice, saying, \"Eloi, Eloi, lama sabachthani?\" which is translated, \"My God, My God, why have You forsaken Me?\"","num":34},{"text":"Some of those who stood by, when they heard that, said, \"Look, He is calling for Elijah!\"","num":35},{"text":"Then someone ran and filled a sponge full of sour wine, put it on a reed, and offered it to Him to drink, saying, \"Let Him alone; let us see if Elijah will come to take Him down.\"","num":36},{"text":"And Jesus cried out with a loud voice, and breathed His last.","num":37},{"text":"Then the veil of the temple was torn in two from top to bottom.","num":38},{"text":"So when the centurion, who stood opposite Him, saw that He cried out like this and breathed His last, he said, \"Truly this Man was the Son of God!\"","num":39},{"text":"There were also women looking on from afar, among whom were Mary Magdalene, Mary the mother of James the Less and of Joses, and Salome,","num":40},{"text":"who also followed Him and ministered to Him when He was in Galilee, and many other women who came up with Him to Jerusalem.","num":41},{"text":"Now when evening had come, because it was the Preparation Day, that is, the day before the Sabbath,","num":42},{"text":"Joseph of Arimathea, a prominent council member, who was himself waiting for the kingdom of God, coming and taking courage, went in to Pilate and asked for the body of Jesus.","num":43},{"text":"Pilate marveled that He was already dead; and summoning the centurion, he asked him if He had been dead for some time.","num":44},{"text":"So when he found out from the centurion, he granted the body to Joseph.","num":45},{"text":"Then he bought fine linen, took Him down, and wrapped Him in the linen. And he laid Him in a tomb which had been hewn out of the rock, and rolled a stone against the door of the tomb.","num":46},{"text":"And Mary Magdalene and Mary the mother of Joses observed where He was laid.","num":47}],"num":15},{"verses":[{"text":"Now when the Sabbath was past, Mary Magdalene, Mary the mother of James, and Salome bought spices, that they might come and anoint Him.","num":1},{"text":"Very early in the morning, on the first day of the week, they came to the tomb when the sun had risen.","num":2},{"text":"And they said among themselves, \"Who will roll away the stone from the door of the tomb for us?\"","num":3},{"text":"But when they looked up, they saw that the stone had been rolled away--for it was very large.","num":4},{"text":"And entering the tomb, they saw a young man clothed in a long white robe sitting on the right side; and they were alarmed.","num":5},{"text":"But he said to them, \"Do not be alarmed. You seek Jesus of Nazareth, who was crucified. He is risen! He is not here. See the place where they laid Him.","num":6},{"text":"But go, tell His disciples--and Peter--that He is going before you into Galilee; there you will see Him, as He said to you.\"","num":7},{"text":"So they went out quickly and fled from the tomb, for they trembled and were amazed. And they said nothing to anyone, for they were afraid.","num":8},{"text":"Now when He rose early on the first day of the week, He appeared first to Mary Magdalene, out of whom He had cast seven demons.","num":9},{"text":"She went and told those who had been with Him, as they mourned and wept.","num":10},{"text":"And when they heard that He was alive and had been seen by her, they did not believe.","num":11},{"text":"After that, He appeared in another form to two of them as they walked and went into the country.","num":12},{"text":"And they went and told it to the rest, but they did not believe them either.","num":13},{"text":"Later He appeared to the eleven as they sat at the table; and He rebuked their unbelief and hardness of heart, because they did not believe those who had seen Him after He had risen.","num":14},{"text":"And He said to them, \"Go into all the world and preach the gospel to every creature.","num":15},{"text":"He who believes and is baptized will be saved; but he who does not believe will be condemned.","num":16},{"text":"And these signs will follow those who believe: In My name they will cast out demons; they will speak with new tongues;","num":17},{"text":"they will take up serpents; and if they drink anything deadly, it will by no means hurt them; they will lay hands on the sick, and they will recover.\"","num":18},{"text":"So then, after the Lord had spoken to them, He was received up into heaven, and sat down at the right hand of God.","num":19},{"text":"And they went out and preached everywhere, the Lord working with them and confirming the word through the accompanying signs. Amen.","num":20}],"num":16}]}
