{"name":"Micah","chapters":[{"verses":[{"text":"The word of the LORD that came to Micah of Moresheth in the days of Jotham, Ahaz, and Hezekiah, kings of Judah, which he saw concerning Samaria and Jerusalem.","num":1},{"text":"Hear, all you peoples! Listen, O earth, and all that is in it! Let the Lord GOD be a witness against you, The Lord from His holy temple.","num":2},{"text":"For behold, the LORD is coming out of His place; He will come down And tread on the high places of the earth.","num":3},{"text":"The mountains will melt under Him, And the valleys will split Like wax before the fire, Like waters poured down a steep place.","num":4},{"text":"All this is for the transgression of Jacob And for the sins of the house of Israel. What is the transgression of Jacob? Is it not Samaria? And what are the high places of Judah? Are they not Jerusalem?","num":5},{"text":"\"Therefore I will make Samaria a heap of ruins in the field, Places for planting a vineyard; I will pour down her stones into the valley, And I will uncover her foundations.","num":6},{"text":"All her carved images shall be beaten to pieces, And all her pay as a harlot shall be burned with the fire; All her idols I will lay desolate, For she gathered it from the pay of a harlot, And they shall return to the pay of a harlot.\"","num":7},{"text":"Therefore I will wail and howl, I will go stripped and naked; I will make a wailing like the jackals And a mourning like the ostriches,","num":8},{"text":"For her wounds are incurable. For it has come to Judah; It has come to the gate of My people-- To Jerusalem.","num":9},{"text":"Tell it not in Gath, Weep not at all; In Beth Aphrah Roll yourself in the dust.","num":10},{"text":"Pass by in naked shame, you inhabitant of Shaphir; The inhabitant of Zaanan does not go out. Beth Ezel mourns; Its place to stand is taken away from you.","num":11},{"text":"For the inhabitant of Maroth pined for good, But disaster came down from the LORD To the gate of Jerusalem.","num":12},{"text":"O inhabitant of Lachish, Harness the chariot to the swift steeds (She was the beginning of sin to the daughter of Zion), For the transgressions of Israel were found in you.","num":13},{"text":"Therefore you shall give presents to Moresheth Gath; The houses of Achzib shall be a lie to the kings of Israel.","num":14},{"text":"I will yet bring an heir to you, O inhabitant of Mareshah; The glory of Israel shall come to Adullam.","num":15},{"text":"Make yourself bald and cut off your hair, Because of your precious children; Enlarge your baldness like an eagle, For they shall go from you into captivity.","num":16}],"num":1},{"verses":[{"text":"Woe to those who devise iniquity, And work out evil on their beds! At morning light they practice it, Because it is in the power of their hand.","num":1},{"text":"They covet fields and take them by violence, Also houses, and seize them. So they oppress a man and his house, A man and his inheritance.","num":2},{"text":"Therefore thus says the LORD: \"Behold, against this family I am devising disaster, From which you cannot remove your necks; Nor shall you walk haughtily, For this is an evil time.","num":3},{"text":"In that day one shall take up a proverb against you, And lament with a bitter lamentation, saying: \"We are utterly destroyed! He has changed the heritage of my people; How He has removed it from me! To a turncoat He has divided our fields.\"'","num":4},{"text":"Therefore you will have no one to determine boundaries by lot In the assembly of the LORD.","num":5},{"text":"\"Do not prattle,\" you say to those who prophesy. So they shall not prophesy to you; They shall not return insult for insult.","num":6},{"text":"You who are named the house of Jacob: \"Is the Spirit of the LORD restricted? Are these His doings? Do not My words do good To him who walks uprightly?","num":7},{"text":"\"Lately My people have risen up as an enemy-- You pull off the robe with the garment From those who trust you, as they pass by, Like men returned from war.","num":8},{"text":"The women of My people you cast out From their pleasant houses; From their children You have taken away My glory forever.","num":9},{"text":"\"Arise and depart, For this is not your rest; Because it is defiled, it shall destroy, Yes, with utter destruction.","num":10},{"text":"If a man should walk in a false spirit And speak a lie, saying, \"I will prophesy to you of wine and drink,' Even he would be the prattler of this people.","num":11},{"text":"\"I will surely assemble all of you, O Jacob, I will surely gather the remnant of Israel; I will put them together like sheep of the fold, Like a flock in the midst of their pasture; They shall make a loud noise because of so many people.","num":12},{"text":"The one who breaks open will come up before them; They will break out, Pass through the gate, And go out by it; Their king will pass before them, With the LORD at their head.\"","num":13}],"num":2},{"verses":[{"text":"And I said: \"Hear now, O heads of Jacob, And you rulers of the house of Israel: Is it not for you to know justice?","num":1},{"text":"You who hate good and love evil; Who strip the skin from My people, And the flesh from their bones;","num":2},{"text":"Who also eat the flesh of My people, Flay their skin from them, Break their bones, And chop them in pieces Like meat for the pot, Like flesh in the caldron.\"","num":3},{"text":"Then they will cry to the LORD, But He will not hear them; He will even hide His face from them at that time, Because they have been evil in their deeds.","num":4},{"text":"Thus says the LORD concerning the prophets Who make my people stray; Who chant \"Peace\" While they chew with their teeth, But who prepare war against him Who puts nothing into their mouths:","num":5},{"text":"\"Therefore you shall have night without vision, And you shall have darkness without divination; The sun shall go down on the prophets, And the day shall be dark for them.","num":6},{"text":"So the seers shall be ashamed, And the diviners abashed; Indeed they shall all cover their lips; For there is no answer from God.\"","num":7},{"text":"But truly I am full of power by the Spirit of the LORD, And of justice and might, To declare to Jacob his transgression And to Israel his sin.","num":8},{"text":"Now hear this, You heads of the house of Jacob And rulers of the house of Israel, Who abhor justice And pervert all equity,","num":9},{"text":"Who build up Zion with bloodshed And Jerusalem with iniquity:","num":10},{"text":"Her heads judge for a bribe, Her priests teach for pay, And her prophets divine for money. Yet they lean on the LORD, and say, \"Is not the LORD among us? No harm can come upon us.\"","num":11},{"text":"Therefore because of you Zion shall be plowed like a field, Jerusalem shall become heaps of ruins, And the mountain of the temple Like the bare hills of the forest.","num":12}],"num":3},{"verses":[{"text":"Now it shall come to pass in the latter days That the mountain of the LORD's house Shall be established on the top of the mountains, And shall be exalted above the hills; And peoples shall flow to it.","num":1},{"text":"Many nations shall come and say, \"Come, and let us go up to the mountain of the LORD, To the house of the God of Jacob; He will teach us His ways, And we shall walk in His paths.\" For out of Zion the law shall go forth, And the word of the LORD from Jerusalem.","num":2},{"text":"He shall judge between many peoples, And rebuke strong nations afar off; They shall beat their swords into plowshares, And their spears into pruning hooks; Nation shall not lift up sword against nation, Neither shall they learn war anymore.","num":3},{"text":"But everyone shall sit under his vine and under his fig tree, And no one shall make them afraid; For the mouth of the LORD of hosts has spoken.","num":4},{"text":"For all people walk each in the name of his god, But we will walk in the name of the LORD our God Forever and ever.","num":5},{"text":"\"In that day,\" says the LORD, \"I will assemble the lame, I will gather the outcast And those whom I have afflicted;","num":6},{"text":"I will make the lame a remnant, And the outcast a strong nation; So the LORD will reign over them in Mount Zion From now on, even forever.","num":7},{"text":"And you, O tower of the flock, The stronghold of the daughter of Zion, To you shall it come, Even the former dominion shall come, The kingdom of the daughter of Jerusalem.\"","num":8},{"text":"Now why do you cry aloud? Is there no king in your midst? Has your counselor perished? For pangs have seized you like a woman in labor.","num":9},{"text":"Be in pain, and labor to bring forth, O daughter of Zion, Like a woman in birth pangs. For now you shall go forth from the city, You shall dwell in the field, And to Babylon you shall go. There you shall be delivered; There the LORD will redeem you From the hand of your enemies.","num":10},{"text":"Now also many nations have gathered against you, Who say, \"Let her be defiled, And let our eye look upon Zion.\"","num":11},{"text":"But they do not know the thoughts of the LORD, Nor do they understand His counsel; For He will gather them like sheaves to the threshing floor.","num":12},{"text":"\"Arise and thresh, O daughter of Zion; For I will make your horn iron, And I will make your hooves bronze; You shall beat in pieces many peoples; I will consecrate their gain to the LORD, And their substance to the Lord of the whole earth.\"","num":13}],"num":4},{"verses":[{"text":"Now gather yourself in troops, O daughter of troops; He has laid siege against us; They will strike the judge of Israel with a rod on the cheek.","num":1},{"text":"\"But you, Bethlehem Ephrathah, Though you are little among the thousands of Judah, Yet out of you shall come forth to Me The One to be Ruler in Israel, Whose goings forth are from of old, From everlasting.\"","num":2},{"text":"Therefore He shall give them up, Until the time that she who is in labor has given birth; Then the remnant of His brethren Shall return to the children of Israel.","num":3},{"text":"And He shall stand and feed His flock In the strength of the LORD, In the majesty of the name of the LORD His God; And they shall abide, For now He shall be great To the ends of the earth;","num":4},{"text":"And this One shall be peace. When the Assyrian comes into our land, And when he treads in our palaces, Then we will raise against him Seven shepherds and eight princely men.","num":5},{"text":"They shall waste with the sword the land of Assyria, And the land of Nimrod at its entrances; Thus He shall deliver us from the Assyrian, When he comes into our land And when he treads within our borders.","num":6},{"text":"Then the remnant of Jacob Shall be in the midst of many peoples, Like dew from the LORD, Like showers on the grass, That tarry for no man Nor wait for the sons of men.","num":7},{"text":"And the remnant of Jacob Shall be among the Gentiles, In the midst of many peoples, Like a lion among the beasts of the forest, Like a young lion among flocks of sheep, Who, if he passes through, Both treads down and tears in pieces, And none can deliver.","num":8},{"text":"Your hand shall be lifted against your adversaries, And all your enemies shall be cut off.","num":9},{"text":"\"And it shall be in that day,\" says the LORD, \"That I will cut off your horses from your midst And destroy your chariots.","num":10},{"text":"I will cut off the cities of your land And throw down all your strongholds.","num":11},{"text":"I will cut off sorceries from your hand, And you shall have no soothsayers.","num":12},{"text":"Your carved images I will also cut off, And your sacred pillars from your midst; You shall no more worship the work of your hands;","num":13},{"text":"I will pluck your wooden images from your midst; Thus I will destroy your cities.","num":14},{"text":"And I will execute vengeance in anger and fury On the nations that have not heard.\"","num":15}],"num":5},{"verses":[{"text":"Hear now what the LORD says: \"Arise, plead your case before the mountains, And let the hills hear your voice.","num":1},{"text":"Hear, O you mountains, the LORD's complaint, And you strong foundations of the earth; For the LORD has a complaint against His people, And He will contend with Israel.","num":2},{"text":"\"O My people, what have I done to you? And how have I wearied you? Testify against Me.","num":3},{"text":"For I brought you up from the land of Egypt, I redeemed you from the house of bondage; And I sent before you Moses, Aaron, and Miriam.","num":4},{"text":"O My people, remember now What Balak king of Moab counseled, And what Balaam the son of Beor answered him, From Acacia Grove to Gilgal, That you may know the righteousness of the LORD.\"","num":5},{"text":"With what shall I come before the LORD, And bow myself before the High God? Shall I come before Him with burnt offerings, With calves a year old?","num":6},{"text":"Will the LORD be pleased with thousands of rams, Ten thousand rivers of oil? Shall I give my firstborn for my transgression, The fruit of my body for the sin of my soul?","num":7},{"text":"He has shown you, O man, what is good; And what does the LORD require of you But to do justly, To love mercy, And to walk humbly with your God?","num":8},{"text":"The LORD's voice cries to the city-- Wisdom shall see Your name: \"Hear the rod! Who has appointed it?","num":9},{"text":"Are there yet the treasures of wickedness In the house of the wicked, And the short measure that is an abomination?","num":10},{"text":"Shall I count pure those with the wicked scales, And with the bag of deceitful weights?","num":11},{"text":"For her rich men are full of violence, Her inhabitants have spoken lies, And their tongue is deceitful in their mouth.","num":12},{"text":"\"Therefore I will also make you sick by striking you, By making you desolate because of your sins.","num":13},{"text":"You shall eat, but not be satisfied; Hunger shall be in your midst. You may carry some away, but shall not save them; And what you do rescue I will give over to the sword.","num":14},{"text":"\"You shall sow, but not reap; You shall tread the olives, but not anoint yourselves with oil; And make sweet wine, but not drink wine.","num":15},{"text":"For the statutes of Omri are kept; All the works of Ahab's house are done; And you walk in their counsels, That I may make you a desolation, And your inhabitants a hissing. Therefore you shall bear the reproach of My people.\"","num":16}],"num":6},{"verses":[{"text":"Woe is me! For I am like those who gather summer fruits, Like those who glean vintage grapes; There is no cluster to eat Of the first-ripe fruit which my soul desires.","num":1},{"text":"The faithful man has perished from the earth, And there is no one upright among men. They all lie in wait for blood; Every man hunts his brother with a net.","num":2},{"text":"That they may successfully do evil with both hands-- The prince asks for gifts, The judge seeks a bribe, And the great man utters his evil desire; So they scheme together.","num":3},{"text":"The best of them is like a brier; The most upright is sharper than a thorn hedge; The day of your watchman and your punishment comes; Now shall be their perplexity.","num":4},{"text":"Do not trust in a friend; Do not put your confidence in a companion; Guard the doors of your mouth From her who lies in your bosom.","num":5},{"text":"For son dishonors father, Daughter rises against her mother, Daughter-in-law against her mother-in-law; A man's enemies are the men of his own household.","num":6},{"text":"Therefore I will look to the LORD; I will wait for the God of my salvation; My God will hear me.","num":7},{"text":"Do not rejoice over me, my enemy; When I fall, I will arise; When I sit in darkness, The LORD will be a light to me.","num":8},{"text":"I will bear the indignation of the LORD, Because I have sinned against Him, Until He pleads my case And executes justice for me. He will bring me forth to the light; I will see His righteousness.","num":9},{"text":"Then she who is my enemy will see, And shame will cover her who said to me, \"Where is the LORD your God?\" My eyes will see her; Now she will be trampled down Like mud in the streets.","num":10},{"text":"In the day when your walls are to be built, In that day the decree shall go far and wide.","num":11},{"text":"In that day they shall come to you From Assyria and the fortified cities, From the fortress to the River, From sea to sea, And mountain to mountain.","num":12},{"text":"Yet the land shall be desolate Because of those who dwell in it, And for the fruit of their deeds.","num":13},{"text":"Shepherd Your people with Your staff, The flock of Your heritage, Who dwell solitarily in a woodland, In the midst of Carmel; Let them feed in Bashan and Gilead, As in days of old.","num":14},{"text":"\"As in the days when you came out of the land of Egypt, I will show them wonders.\"","num":15},{"text":"The nations shall see and be ashamed of all their might; They shall put their hand over their mouth; Their ears shall be deaf.","num":16},{"text":"They shall lick the dust like a serpent; They shall crawl from their holes like snakes of the earth. They shall be afraid of the LORD our God, And shall fear because of You.","num":17},{"text":"Who is a God like You, Pardoning iniquity And passing over the transgression of the remnant of His heritage? He does not retain His anger forever, Because He delights in mercy.","num":18},{"text":"He will again have compassion on us, And will subdue our iniquities. You will cast all our sins Into the depths of the sea.","num":19},{"text":"You will give truth to Jacob And mercy to Abraham, Which You have sworn to our fathers From days of old.","num":20}],"num":7}]}
