{"name":"Nehemiah","chapters":[{"verses":[{"text":"The words of Nehemiah the son of Hachaliah. It came to pass in the month of Chislev, in the twentieth year, as I was in Shushan the citadel,","num":1},{"text":"that Hanani one of my brethren came with men from Judah; and I asked them concerning the Jews who had escaped, who had survived the captivity, and concerning Jerusalem.","num":2},{"text":"And they said to me, \"The survivors who are left from the captivity in the province are there in great distress and reproach. The wall of Jerusalem is also broken down, and its gates are burned with fire.\"","num":3},{"text":"So it was, when I heard these words, that I sat down and wept, and mourned for many days; I was fasting and praying before the God of heaven.","num":4},{"text":"And I said: \"I pray, LORD God of heaven, O great and awesome God, You who keep Your covenant and mercy with those who love You and observe Your commandments,","num":5},{"text":"please let Your ear be attentive and Your eyes open, that You may hear the prayer of Your servant which I pray before You now, day and night, for the children of Israel Your servants, and confess the sins of the children of Israel which we have sinned against You. Both my father's house and I have sinned.","num":6},{"text":"We have acted very corruptly against You, and have not kept the commandments, the statutes, nor the ordinances which You commanded Your servant Moses.","num":7},{"text":"Remember, I pray, the word that You commanded Your servant Moses, saying, \"If you are unfaithful, I will scatter you among the nations;","num":8},{"text":"but if you return to Me, and keep My commandments and do them, though some of you were cast out to the farthest part of the heavens, yet I will gather them from there, and bring them to the place which I have chosen as a dwelling for My name.'","num":9},{"text":"Now these are Your servants and Your people, whom You have redeemed by Your great power, and by Your strong hand.","num":10},{"text":"O Lord, I pray, please let Your ear be attentive to the prayer of Your servant, and to the prayer of Your servants who desire to fear Your name; and let Your servant prosper this day, I pray, and grant him mercy in the sight of this man.\" For I was the king's cupbearer.","num":11}],"num":1},{"verses":[{"text":"And it came to pass in the month of Nisan, in the twentieth year of King Artaxerxes, when wine was before him, that I took the wine and gave it to the king. Now I had never been sad in his presence before.","num":1},{"text":"Therefore the king said to me, \"Why is your face sad, since you are not sick? This is nothing but sorrow of heart.\" So I became dreadfully afraid,","num":2},{"text":"and said to the king, \"May the king live forever! Why should my face not be sad, when the city, the place of my fathers' tombs, lies waste, and its gates are burned with fire?\"","num":3},{"text":"Then the king said to me, \"What do you request?\" So I prayed to the God of heaven.","num":4},{"text":"And I said to the king, \"If it pleases the king, and if your servant has found favor in your sight, I ask that you send me to Judah, to the city of my fathers' tombs, that I may rebuild it.\"","num":5},{"text":"Then the king said to me (the queen also sitting beside him), \"How long will your journey be? And when will you return?\" So it pleased the king to send me; and I set him a time.","num":6},{"text":"Furthermore I said to the king, \"If it pleases the king, let letters be given to me for the governors of the region beyond the River, that they must permit me to pass through till I come to Judah,","num":7},{"text":"and a letter to Asaph the keeper of the king's forest, that he must give me timber to make beams for the gates of the citadel which pertains to the temple, for the city wall, and for the house that I will occupy.\" And the king granted them to me according to the good hand of my God upon me.","num":8},{"text":"Then I went to the governors in the region beyond the River, and gave them the king's letters. Now the king had sent captains of the army and horsemen with me.","num":9},{"text":"When Sanballat the Horonite and Tobiah the Ammonite official heard of it, they were deeply disturbed that a man had come to seek the well-being of the children of Israel.","num":10},{"text":"So I came to Jerusalem and was there three days.","num":11},{"text":"Then I arose in the night, I and a few men with me; I told no one what my God had put in my heart to do at Jerusalem; nor was there any animal with me, except the one on which I rode.","num":12},{"text":"And I went out by night through the Valley Gate to the Serpent Well and the Refuse Gate, and viewed the walls of Jerusalem which were broken down and its gates which were burned with fire.","num":13},{"text":"Then I went on to the Fountain Gate and to the King's Pool, but there was no room for the animal under me to pass.","num":14},{"text":"So I went up in the night by the valley, and viewed the wall; then I turned back and entered by the Valley Gate, and so returned.","num":15},{"text":"And the officials did not know where I had gone or what I had done; I had not yet told the Jews, the priests, the nobles, the officials, or the others who did the work.","num":16},{"text":"Then I said to them, \"You see the distress that we are in, how Jerusalem lies waste, and its gates are burned with fire. Come and let us build the wall of Jerusalem, that we may no longer be a reproach.\"","num":17},{"text":"And I told them of the hand of my God which had been good upon me, and also of the king's words that he had spoken to me. So they said, \"Let us rise up and build.\" Then they set their hands to this good work.","num":18},{"text":"But when Sanballat the Horonite, Tobiah the Ammonite official, and Geshem the Arab heard of it, they laughed at us and despised us, and said, \"What is this thing that you are doing? Will you rebel against the king?\"","num":19},{"text":"So I answered them, and said to them, \"The God of heaven Himself will prosper us; therefore we His servants will arise and build, but you have no heritage or right or memorial in Jerusalem.\"","num":20}],"num":2},{"verses":[{"text":"Then Eliashib the high priest rose up with his brethren the priests and built the Sheep Gate; they consecrated it and hung its doors. They built as far as the Tower of the Hundred, and consecrated it, then as far as the Tower of Hananel.","num":1},{"text":"Next to Eliashib the men of Jericho built. And next to them Zaccur the son of Imri built.","num":2},{"text":"Also the sons of Hassenaah built the Fish Gate; they laid its beams and hung its doors with its bolts and bars.","num":3},{"text":"And next to them Meremoth the son of Urijah, the son of Koz, made repairs. Next to them Meshullam the son of Berechiah, the son of Meshezabel, made repairs. Next to them Zadok the son of Baana made repairs.","num":4},{"text":"Next to them the Tekoites made repairs; but their nobles did not put their shoulders to the work of their Lord.","num":5},{"text":"Moreover Jehoiada the son of Paseah and Meshullam the son of Besodeiah repaired the Old Gate; they laid its beams and hung its doors, with its bolts and bars.","num":6},{"text":"And next to them Melatiah the Gibeonite, Jadon the Meronothite, the men of Gibeon and Mizpah, repaired the residence of the governor of the region beyond the River.","num":7},{"text":"Next to him Uzziel the son of Harhaiah, one of the goldsmiths, made repairs. Also next to him Hananiah, one of the perfumers, made repairs; and they fortified Jerusalem as far as the Broad Wall.","num":8},{"text":"And next to them Rephaiah the son of Hur, leader of half the district of Jerusalem, made repairs.","num":9},{"text":"Next to them Jedaiah the son of Harumaph made repairs in front of his house. And next to him Hattush the son of Hashabniah made repairs.","num":10},{"text":"Malchijah the son of Harim and Hashub the son of Pahath-Moab repaired another section, as well as the Tower of the Ovens.","num":11},{"text":"And next to him was Shallum the son of Hallohesh, leader of half the district of Jerusalem; he and his daughters made repairs.","num":12},{"text":"Hanun and the inhabitants of Zanoah repaired the Valley Gate. They built it, hung its doors with its bolts and bars, and repaired a thousand cubits of the wall as far as the Refuse Gate.","num":13},{"text":"Malchijah the son of Rechab, leader of the district of Beth Haccerem, repaired the Refuse Gate; he built it and hung its doors with its bolts and bars.","num":14},{"text":"Shallun the son of Col-Hozeh, leader of the district of Mizpah, repaired the Fountain Gate; he built it, covered it, hung its doors with its bolts and bars, and repaired the wall of the Pool of Shelah by the King's Garden, as far as the stairs that go down from the City of David.","num":15},{"text":"After him Nehemiah the son of Azbuk, leader of half the district of Beth Zur, made repairs as far as the place in front of the tombs of David, to the man-made pool, and as far as the House of the Mighty.","num":16},{"text":"After him the Levites, under Rehum the son of Bani, made repairs. Next to him Hashabiah, leader of half the district of Keilah, made repairs for his district.","num":17},{"text":"After him their brethren, under Bavai the son of Henadad, leader of the other half of the district of Keilah, made repairs.","num":18},{"text":"And next to him Ezer the son of Jeshua, the leader of Mizpah, repaired another section in front of the Ascent to the Armory at the buttress.","num":19},{"text":"After him Baruch the son of Zabbai carefully repaired the other section, from the buttress to the door of the house of Eliashib the high priest.","num":20},{"text":"After him Meremoth the son of Urijah, the son of Koz, repaired another section, from the door of the house of Eliashib to the end of the house of Eliashib.","num":21},{"text":"And after him the priests, the men of the plain, made repairs.","num":22},{"text":"After him Benjamin and Hasshub made repairs opposite their house. After them Azariah the son of Maaseiah, the son of Ananiah, made repairs by his house.","num":23},{"text":"After him Binnui the son of Henadad repaired another section, from the house of Azariah to the buttress, even as far as the corner.","num":24},{"text":"Palal the son of Uzai made repairs opposite the buttress, and on the tower which projects from the king's upper house that was by the court of the prison. After him Pedaiah the son of Parosh made repairs.","num":25},{"text":"Moreover the Nethinim who dwelt in Ophel made repairs as far as the place in front of the Water Gate toward the east, and on the projecting tower.","num":26},{"text":"After them the Tekoites repaired another section, next to the great projecting tower, and as far as the wall of Ophel.","num":27},{"text":"Beyond the Horse Gate the priests made repairs, each in front of his own house.","num":28},{"text":"After them Zadok the son of Immer made repairs in front of his own house. After him Shemaiah the son of Shechaniah, the keeper of the East Gate, made repairs.","num":29},{"text":"After him Hananiah the son of Shelemiah, and Hanun, the sixth son of Zalaph, repaired another section. After him Meshullam the son of Berechiah made repairs in front of his dwelling.","num":30},{"text":"After him Malchijah, one of the goldsmiths, made repairs as far as the house of the Nethinim and of the merchants, in front of the Miphkad Gate, and as far as the upper room at the corner.","num":31},{"text":"And between the upper room at the corner, as far as the Sheep Gate, the goldsmiths and the merchants made repairs.","num":32}],"num":3},{"verses":[{"text":"But it so happened, when Sanballat heard that we were rebuilding the wall, that he was furious and very indignant, and mocked the Jews.","num":1},{"text":"And he spoke before his brethren and the army of Samaria, and said, \"What are these feeble Jews doing? Will they fortify themselves? Will they offer sacrifices? Will they complete it in a day? Will they revive the stones from the heaps of rubbish--stones that are burned?\"","num":2},{"text":"Now Tobiah the Ammonite was beside him, and he said, \"Whatever they build, if even a fox goes up on it, he will break down their stone wall.\"","num":3},{"text":"Hear, O our God, for we are despised; turn their reproach on their own heads, and give them as plunder to a land of captivity!","num":4},{"text":"Do not cover their iniquity, and do not let their sin be blotted out from before You; for they have provoked You to anger before the builders.","num":5},{"text":"So we built the wall, and the entire wall was joined together up to half its height, for the people had a mind to work.","num":6},{"text":"Now it happened, when Sanballat, Tobiah, the Arabs, the Ammonites, and the Ashdodites heard that the walls of Jerusalem were being restored and the gaps were beginning to be closed, that they became very angry,","num":7},{"text":"and all of them conspired together to come and attack Jerusalem and create confusion.","num":8},{"text":"Nevertheless we made our prayer to our God, and because of them we set a watch against them day and night.","num":9},{"text":"Then Judah said, \"The strength of the laborers is failing, and there is so much rubbish that we are not able to build the wall.\"","num":10},{"text":"And our adversaries said, \"They will neither know nor see anything, till we come into their midst and kill them and cause the work to cease.\"","num":11},{"text":"So it was, when the Jews who dwelt near them came, that they told us ten times, \"From whatever place you turn, they will be upon us.\"","num":12},{"text":"Therefore I positioned men behind the lower parts of the wall, at the openings; and I set the people according to their families, with their swords, their spears, and their bows.","num":13},{"text":"And I looked, and arose and said to the nobles, to the leaders, and to the rest of the people, \"Do not be afraid of them. Remember the Lord, great and awesome, and fight for your brethren, your sons, your daughters, your wives, and your houses.\"","num":14},{"text":"And it happened, when our enemies heard that it was known to us, and that God had brought their plot to nothing, that all of us returned to the wall, everyone to his work.","num":15},{"text":"So it was, from that time on, that half of my servants worked at construction, while the other half held the spears, the shields, the bows, and wore armor; and the leaders were behind all the house of Judah.","num":16},{"text":"Those who built on the wall, and those who carried burdens, loaded themselves so that with one hand they worked at construction, and with the other held a weapon.","num":17},{"text":"Every one of the builders had his sword girded at his side as he built. And the one who sounded the trumpet was beside me.","num":18},{"text":"Then I said to the nobles, the rulers, and the rest of the people, \"The work is great and extensive, and we are separated far from one another on the wall.","num":19},{"text":"Wherever you hear the sound of the trumpet, rally to us there. Our God will fight for us.\"","num":20},{"text":"So we labored in the work, and half of the men held the spears from daybreak until the stars appeared.","num":21},{"text":"At the same time I also said to the people, \"Let each man and his servant stay at night in Jerusalem, that they may be our guard by night and a working party by day.\"","num":22},{"text":"So neither I, my brethren, my servants, nor the men of the guard who followed me took off our clothes, except that everyone took them off for washing.","num":23}],"num":4},{"verses":[{"text":"And there was a great outcry of the people and their wives against their Jewish brethren.","num":1},{"text":"For there were those who said, \"We, our sons, and our daughters are many; therefore let us get grain, that we may eat and live.\"","num":2},{"text":"There were also some who said, \"We have mortgaged our lands and vineyards and houses, that we might buy grain because of the famine.\"","num":3},{"text":"There were also those who said, \"We have borrowed money for the king's tax on our lands and vineyards.","num":4},{"text":"Yet now our flesh is as the flesh of our brethren, our children as their children; and indeed we are forcing our sons and our daughters to be slaves, and some of our daughters have been brought into slavery. It is not in our power to redeem them, for other men have our lands and vineyards.\"","num":5},{"text":"And I became very angry when I heard their outcry and these words.","num":6},{"text":"After serious thought, I rebuked the nobles and rulers, and said to them, \"Each of you is exacting usury from his brother.\" So I called a great assembly against them.","num":7},{"text":"And I said to them, \"According to our ability we have redeemed our Jewish brethren who were sold to the nations. Now indeed, will you even sell your brethren? Or should they be sold to us?\" Then they were silenced and found nothing to say.","num":8},{"text":"Then I said, \"What you are doing is not good. Should you not walk in the fear of our God because of the reproach of the nations, our enemies?","num":9},{"text":"I also, with my brethren and my servants, am lending them money and grain. Please, let us stop this usury!","num":10},{"text":"Restore now to them, even this day, their lands, their vineyards, their olive groves, and their houses, also a hundredth of the money and the grain, the new wine and the oil, that you have charged them.\"","num":11},{"text":"So they said, \"We will restore it, and will require nothing from them; we will do as you say.\" Then I called the priests, and required an oath from them that they would do according to this promise.","num":12},{"text":"Then I shook out the fold of my garment and said, \"So may God shake out each man from his house, and from his property, who does not perform this promise. Even thus may he be shaken out and emptied.\" And all the assembly said, \"Amen!\" and praised the LORD. Then the people did according to this promise.","num":13},{"text":"Moreover, from the time that I was appointed to be their governor in the land of Judah, from the twentieth year until the thirty-second year of King Artaxerxes, twelve years, neither I nor my brothers ate the governor's provisions.","num":14},{"text":"But the former governors who were before me laid burdens on the people, and took from them bread and wine, besides forty shekels of silver. Yes, even their servants bore rule over the people, but I did not do so, because of the fear of God.","num":15},{"text":"Indeed, I also continued the work on this wall, and we did not buy any land. All my servants were gathered there for the work.","num":16},{"text":"And at my table were one hundred and fifty Jews and rulers, besides those who came to us from the nations around us.","num":17},{"text":"Now that which was prepared daily was one ox and six choice sheep. Also fowl were prepared for me, and once every ten days an abundance of all kinds of wine. Yet in spite of this I did not demand the governor's provisions, because the bondage was heavy on this people.","num":18},{"text":"Remember me, my God, for good, according to all that I have done for this people.","num":19}],"num":5},{"verses":[{"text":"Now it happened when Sanballat, Tobiah, Geshem the Arab, and the rest of our enemies heard that I had rebuilt the wall, and that there were no breaks left in it (though at that time I had not hung the doors in the gates),","num":1},{"text":"that Sanballat and Geshem sent to me, saying, \"Come, let us meet together among the villages in the plain of Ono.\" But they thought to do me harm.","num":2},{"text":"So I sent messengers to them, saying, \"I am doing a great work, so that I cannot come down. Why should the work cease while I leave it and go down to you?\"","num":3},{"text":"But they sent me this message four times, and I answered them in the same manner.","num":4},{"text":"Then Sanballat sent his servant to me as before, the fifth time, with an open letter in his hand.","num":5},{"text":"In it was written: It is reported among the nations, and Geshem says, that you and the Jews plan to rebel; therefore, according to these rumors, you are rebuilding the wall, that you may be their king.","num":6},{"text":"And you have also appointed prophets to proclaim concerning you at Jerusalem, saying, \"There is a king in Judah!\" Now these matters will be reported to the king. So come, therefore, and let us consult together.","num":7},{"text":"Then I sent to him, saying, \"No such things as you say are being done, but you invent them in your own heart.\"","num":8},{"text":"For they all were trying to make us afraid, saying, \"Their hands will be weakened in the work, and it will not be done.\" Now therefore, O God, strengthen my hands.","num":9},{"text":"Afterward I came to the house of Shemaiah the son of Delaiah, the son of Mehetabel, who was a secret informer; and he said, \"Let us meet together in the house of God, within the temple, and let us close the doors of the temple, for they are coming to kill you; indeed, at night they will come to kill you.\"","num":10},{"text":"And I said, \"Should such a man as I flee? And who is there such as I who would go into the temple to save his life? I will not go in!\"","num":11},{"text":"Then I perceived that God had not sent him at all, but that he pronounced this prophecy against me because Tobiah and Sanballat had hired him.","num":12},{"text":"For this reason he was hired, that I should be afraid and act that way and sin, so that they might have cause for an evil report, that they might reproach me.","num":13},{"text":"My God, remember Tobiah and Sanballat, according to these their works, and the prophetess Noadiah and the rest of the prophets who would have made me afraid.","num":14},{"text":"So the wall was finished on the twenty-fifth day of Elul, in fifty-two days.","num":15},{"text":"And it happened, when all our enemies heard of it, and all the nations around us saw these things, that they were very disheartened in their own eyes; for they perceived that this work was done by our God.","num":16},{"text":"Also in those days the nobles of Judah sent many letters to Tobiah, and the letters of Tobiah came to them.","num":17},{"text":"For many in Judah were pledged to him, because he was the son-in-law of Shechaniah the son of Arah, and his son Jehohanan had married the daughter of Meshullam the son of Berechiah.","num":18},{"text":"Also they reported his good deeds before me, and reported my words to him. Tobiah sent letters to frighten me.","num":19}],"num":6},{"verses":[{"text":"Then it was, when the wall was built and I had hung the doors, when the gatekeepers, the singers, and the Levites had been appointed,","num":1},{"text":"that I gave the charge of Jerusalem to my brother Hanani, and Hananiah the leader of the citadel, for he was a faithful man and feared God more than many.","num":2},{"text":"And I said to them, \"Do not let the gates of Jerusalem be opened until the sun is hot; and while they stand guard, let them shut and bar the doors; and appoint guards from among the inhabitants of Jerusalem, one at his watch station and another in front of his own house.\"","num":3},{"text":"Now the city was large and spacious, but the people in it were few, and the houses were not rebuilt.","num":4},{"text":"Then my God put it into my heart to gather the nobles, the rulers, and the people, that they might be registered by genealogy. And I found a register of the genealogy of those who had come up in the first return, and found written in it:","num":5},{"text":"These are the people of the province who came back from the captivity, of those who had been carried away, whom Nebuchadnezzar the king of Babylon had carried away, and who returned to Jerusalem and Judah, everyone to his city.","num":6},{"text":"Those who came with Zerubbabel were Jeshua, Nehemiah, Azariah, Raamiah, Nahamani, Mordecai, Bilshan, Mispereth, Bigvai, Nehum, and Baanah. The number of the men of the people of Israel:","num":7},{"text":"the sons of Parosh, two thousand one hundred and seventy-two;","num":8},{"text":"the sons of Shephatiah, three hundred and seventy-two;","num":9},{"text":"the sons of Arah, six hundred and fifty-two;","num":10},{"text":"the sons of Pahath-Moab, of the sons of Jeshua and Joab, two thousand eight hundred and eighteen;","num":11},{"text":"the sons of Elam, one thousand two hundred and fifty-four;","num":12},{"text":"the sons of Zattu, eight hundred and forty-five;","num":13},{"text":"the sons of Zaccai, seven hundred and sixty;","num":14},{"text":"the sons of Binnui, six hundred and forty-eight;","num":15},{"text":"the sons of Bebai, six hundred and twenty-eight;","num":16},{"text":"the sons of Azgad, two thousand three hundred and twenty-two;","num":17},{"text":"the sons of Adonikam, six hundred and sixty-seven;","num":18},{"text":"the sons of Bigvai, two thousand and sixty-seven;","num":19},{"text":"the sons of Adin, six hundred and fifty-five;","num":20},{"text":"the sons of Ater of Hezekiah, ninety-eight;","num":21},{"text":"the sons of Hashum, three hundred and twenty-eight;","num":22},{"text":"the sons of Bezai, three hundred and twenty-four;","num":23},{"text":"the sons of Hariph, one hundred and twelve;","num":24},{"text":"the sons of Gibeon, ninety-five;","num":25},{"text":"the men of Bethlehem and Netophah, one hundred and eighty-eight;","num":26},{"text":"the men of Anathoth, one hundred and twenty-eight;","num":27},{"text":"the men of Beth Azmaveth, forty-two;","num":28},{"text":"the men of Kirjath Jearim, Chephirah, and Beeroth, seven hundred and forty-three;","num":29},{"text":"the men of Ramah and Geba, six hundred and twenty-one;","num":30},{"text":"the men of Michmas, one hundred and twenty-two;","num":31},{"text":"the men of Bethel and Ai, one hundred and twenty-three;","num":32},{"text":"the men of the other Nebo, fifty-two;","num":33},{"text":"the sons of the other Elam, one thousand two hundred and fifty-four;","num":34},{"text":"the sons of Harim, three hundred and twenty;","num":35},{"text":"the sons of Jericho, three hundred and forty-five;","num":36},{"text":"the sons of Lod, Hadid, and Ono, seven hundred and twenty-one;","num":37},{"text":"the sons of Senaah, three thousand nine hundred and thirty.","num":38},{"text":"The priests: the sons of Jedaiah, of the house of Jeshua, nine hundred and seventy-three;","num":39},{"text":"the sons of Immer, one thousand and fifty-two;","num":40},{"text":"the sons of Pashhur, one thousand two hundred and forty-seven;","num":41},{"text":"the sons of Harim, one thousand and seventeen.","num":42},{"text":"The Levites: the sons of Jeshua, of Kadmiel, and of the sons of Hodevah, seventy-four.","num":43},{"text":"The singers: the sons of Asaph, one hundred and forty-eight.","num":44},{"text":"The gatekeepers: the sons of Shallum, the sons of Ater, the sons of Talmon, the sons of Akkub, the sons of Hatita, the sons of Shobai, one hundred and thirty-eight.","num":45},{"text":"The Nethinim: the sons of Ziha, the sons of Hasupha, the sons of Tabbaoth,","num":46},{"text":"the sons of Keros, the sons of Sia, the sons of Padon,","num":47},{"text":"the sons of Lebana, the sons of Hagaba, the sons of Salmai,","num":48},{"text":"the sons of Hanan, the sons of Giddel, the sons of Gahar,","num":49},{"text":"the sons of Reaiah, the sons of Rezin, the sons of Nekoda,","num":50},{"text":"the sons of Gazzam, the sons of Uzza, the sons of Paseah,","num":51},{"text":"the sons of Besai, the sons of Meunim, the sons of Nephishesim,","num":52},{"text":"the sons of Bakbuk, the sons of Hakupha, the sons of Harhur,","num":53},{"text":"the sons of Bazlith, the sons of Mehida, the sons of Harsha,","num":54},{"text":"the sons of Barkos, the sons of Sisera, the sons of Tamah,","num":55},{"text":"the sons of Neziah, and the sons of Hatipha.","num":56},{"text":"The sons of Solomon's servants: the sons of Sotai, the sons of Sophereth, the sons of Perida,","num":57},{"text":"the sons of Jaala, the sons of Darkon, the sons of Giddel,","num":58},{"text":"the sons of Shephatiah, the sons of Hattil, the sons of Pochereth of Zebaim, and the sons of Amon.","num":59},{"text":"All the Nethinim, and the sons of Solomon's servants, were three hundred and ninety-two.","num":60},{"text":"And these were the ones who came up from Tel Melah, Tel Harsha, Cherub, Addon, and Immer, but they could not identify their father's house nor their lineage, whether they were of Israel:","num":61},{"text":"the sons of Delaiah, the sons of Tobiah, the sons of Nekoda, six hundred and forty-two;","num":62},{"text":"and of the priests: the sons of Habaiah, the sons of Koz, the sons of Barzillai, who took a wife of the daughters of Barzillai the Gileadite, and was called by their name.","num":63},{"text":"These sought their listing among those who were registered by genealogy, but it was not found; therefore they were excluded from the priesthood as defiled.","num":64},{"text":"And the governor said to them that they should not eat of the most holy things till a priest could consult with the Urim and Thummim.","num":65},{"text":"Altogether the whole assembly was forty-two thousand three hundred and sixty,","num":66},{"text":"besides their male and female servants, of whom there were seven thousand three hundred and thirty-seven; and they had two hundred and forty-five men and women singers.","num":67},{"text":"Their horses were seven hundred and thirty-six, their mules two hundred and forty-five,","num":68},{"text":"their camels four hundred and thirty-five, and donkeys six thousand seven hundred and twenty.","num":69},{"text":"And some of the heads of the fathers' houses gave to the work. The governor gave to the treasury one thousand gold drachmas, fifty basins, and five hundred and thirty priestly garments.","num":70},{"text":"Some of the heads of the fathers' houses gave to the treasury of the work twenty thousand gold drachmas, and two thousand two hundred silver minas.","num":71},{"text":"And that which the rest of the people gave was twenty thousand gold drachmas, two thousand silver minas, and sixty-seven priestly garments.","num":72},{"text":"So the priests, the Levites, the gatekeepers, the singers, some of the people, the Nethinim, and all Israel dwelt in their cities. When the seventh month came, the children of Israel were in their cities.","num":73}],"num":7},{"verses":[{"text":"Now all the people gathered together as one man in the open square that was in front of the Water Gate; and they told Ezra the scribe to bring the Book of the Law of Moses, which the LORD had commanded Israel.","num":1},{"text":"So Ezra the priest brought the Law before the assembly of men and women and all who could hear with understanding on the first day of the seventh month.","num":2},{"text":"Then he read from it in the open square that was in front of the Water Gate from morning until midday, before the men and women and those who could understand; and the ears of all the people were attentive to the Book of the Law.","num":3},{"text":"So Ezra the scribe stood on a platform of wood which they had made for the purpose; and beside him, at his right hand, stood Mattithiah, Shema, Anaiah, Urijah, Hilkiah, and Maaseiah; and at his left hand Pedaiah, Mishael, Malchijah, Hashum, Hashbadana, Zechariah, and Meshullam.","num":4},{"text":"And Ezra opened the book in the sight of all the people, for he was standing above all the people; and when he opened it, all the people stood up.","num":5},{"text":"And Ezra blessed the LORD, the great God. Then all the people answered, \"Amen, Amen!\" while lifting up their hands. And they bowed their heads and worshiped the LORD with their faces to the ground.","num":6},{"text":"Also Jeshua, Bani, Sherebiah, Jamin, Akkub, Shabbethai, Hodijah, Maaseiah, Kelita, Azariah, Jozabad, Hanan, Pelaiah, and the Levites, helped the people to understand the Law; and the people stood in their place.","num":7},{"text":"So they read distinctly from the book, in the Law of God; and they gave the sense, and helped them to understand the reading.","num":8},{"text":"And Nehemiah, who was the governor, Ezra the priest and scribe, and the Levites who taught the people said to all the people, \"This day is holy to the LORD your God; do not mourn nor weep.\" For all the people wept, when they heard the words of the Law.","num":9},{"text":"Then he said to them, \"Go your way, eat the fat, drink the sweet, and send portions to those for whom nothing is prepared; for this day is holy to our Lord. Do not sorrow, for the joy of the LORD is your strength.\"","num":10},{"text":"So the Levites quieted all the people, saying, \"Be still, for the day is holy; do not be grieved.\"","num":11},{"text":"And all the people went their way to eat and drink, to send portions and rejoice greatly, because they understood the words that were declared to them.","num":12},{"text":"Now on the second day the heads of the fathers' houses of all the people, with the priests and Levites, were gathered to Ezra the scribe, in order to understand the words of the Law.","num":13},{"text":"And they found written in the Law, which the LORD had commanded by Moses, that the children of Israel should dwell in booths during the feast of the seventh month,","num":14},{"text":"and that they should announce and proclaim in all their cities and in Jerusalem, saying, \"Go out to the mountain, and bring olive branches, branches of oil trees, myrtle branches, palm branches, and branches of leafy trees, to make booths, as it is written.\"","num":15},{"text":"Then the people went out and brought them and made themselves booths, each one on the roof of his house, or in their courtyards or the courts of the house of God, and in the open square of the Water Gate and in the open square of the Gate of Ephraim.","num":16},{"text":"So the whole assembly of those who had returned from the captivity made booths and sat under the booths; for since the days of Joshua the son of Nun until that day the children of Israel had not done so. And there was very great gladness.","num":17},{"text":"Also day by day, from the first day until the last day, he read from the Book of the Law of God. And they kept the feast seven days; and on the eighth day there was a sacred assembly, according to the prescribed manner.","num":18}],"num":8},{"verses":[{"text":"Now on the twenty-fourth day of this month the children of Israel were assembled with fasting, in sackcloth, and with dust on their heads.","num":1},{"text":"Then those of Israelite lineage separated themselves from all foreigners; and they stood and confessed their sins and the iniquities of their fathers.","num":2},{"text":"And they stood up in their place and read from the Book of the Law of the LORD their God for one-fourth of the day; and for another fourth they confessed and worshiped the LORD their God.","num":3},{"text":"Then Jeshua, Bani, Kadmiel, Shebaniah, Bunni, Sherebiah, Bani, and Chenani stood on the stairs of the Levites and cried out with a loud voice to the LORD their God.","num":4},{"text":"And the Levites, Jeshua, Kadmiel, Bani, Hashabniah, Sherebiah, Hodijah, Shebaniah, and Pethahiah, said: \"Stand up and bless the LORD your God Forever and ever! \"Blessed be Your glorious name, Which is exalted above all blessing and praise!","num":5},{"text":"You alone are the LORD; You have made heaven, The heaven of heavens, with all their host, The earth and everything on it, The seas and all that is in them, And You preserve them all. The host of heaven worships You.","num":6},{"text":"\"You are the LORD God, Who chose Abram, And brought him out of Ur of the Chaldeans, And gave him the name Abraham;","num":7},{"text":"You found his heart faithful before You, And made a covenant with him To give the land of the Canaanites, The Hittites, the Amorites, The Perizzites, the Jebusites, And the Girgashites-- To give it to his descendants. You have performed Your words, For You are righteous.","num":8},{"text":"\"You saw the affliction of our fathers in Egypt, And heard their cry by the Red Sea.","num":9},{"text":"You showed signs and wonders against Pharaoh, Against all his servants, And against all the people of his land. For You knew that they acted proudly against them. So You made a name for Yourself, as it is this day.","num":10},{"text":"And You divided the sea before them, So that they went through the midst of the sea on the dry land; And their persecutors You threw into the deep, As a stone into the mighty waters.","num":11},{"text":"Moreover You led them by day with a cloudy pillar, And by night with a pillar of fire, To give them light on the road Which they should travel.","num":12},{"text":"\"You came down also on Mount Sinai, And spoke with them from heaven, And gave them just ordinances and true laws, Good statutes and commandments.","num":13},{"text":"You made known to them Your holy Sabbath, And commanded them precepts, statutes and laws, By the hand of Moses Your servant.","num":14},{"text":"You gave them bread from heaven for their hunger, And brought them water out of the rock for their thirst, And told them to go in to possess the land Which You had sworn to give them.","num":15},{"text":"\"But they and our fathers acted proudly, Hardened their necks, And did not heed Your commandments.","num":16},{"text":"They refused to obey, And they were not mindful of Your wonders That You did among them. But they hardened their necks, And in their rebellion They appointed a leader To return to their bondage. But You are God, Ready to pardon, Gracious and merciful, Slow to anger, Abundant in kindness, And did not forsake them.","num":17},{"text":"\"Even when they made a molded calf for themselves, And said, \"This is your god That brought you up out of Egypt,' And worked great provocations,","num":18},{"text":"Yet in Your manifold mercies You did not forsake them in the wilderness. The pillar of the cloud did not depart from them by day, To lead them on the road; Nor the pillar of fire by night, To show them light, And the way they should go.","num":19},{"text":"You also gave Your good Spirit to instruct them, And did not withhold Your manna from their mouth, And gave them water for their thirst.","num":20},{"text":"Forty years You sustained them in the wilderness; They lacked nothing; Their clothes did not wear out And their feet did not swell.","num":21},{"text":"\"Moreover You gave them kingdoms and nations, And divided them into districts. So they took possession of the land of Sihon, The land of the king of Heshbon, And the land of Og king of Bashan.","num":22},{"text":"You also multiplied their children as the stars of heaven, And brought them into the land Which You had told their fathers To go in and possess.","num":23},{"text":"So the people went in And possessed the land; You subdued before them the inhabitants of the land, The Canaanites, And gave them into their hands, With their kings And the people of the land, That they might do with them as they wished.","num":24},{"text":"And they took strong cities and a rich land, And possessed houses full of all goods, Cisterns already dug, vineyards, olive groves, And fruit trees in abundance. So they ate and were filled and grew fat, And delighted themselves in Your great goodness.","num":25},{"text":"\"Nevertheless they were disobedient And rebelled against You, Cast Your law behind their backs And killed Your prophets, who testified against them To turn them to Yourself; And they worked great provocations.","num":26},{"text":"Therefore You delivered them into the hand of their enemies, Who oppressed them; And in the time of their trouble, When they cried to You, You heard from heaven; And according to Your abundant mercies You gave them deliverers who saved them From the hand of their enemies.","num":27},{"text":"\"But after they had rest, They again did evil before You. Therefore You left them in the hand of their enemies, So that they had dominion over them; Yet when they returned and cried out to You, You heard from heaven; And many times You delivered them according to Your mercies,","num":28},{"text":"And testified against them, That You might bring them back to Your law. Yet they acted proudly, And did not heed Your commandments, But sinned against Your judgments, \"Which if a man does, he shall live by them.' And they shrugged their shoulders, Stiffened their necks, And would not hear.","num":29},{"text":"Yet for many years You had patience with them, And testified against them by Your Spirit in Your prophets. Yet they would not listen; Therefore You gave them into the hand of the peoples of the lands.","num":30},{"text":"Nevertheless in Your great mercy You did not utterly consume them nor forsake them; For You are God, gracious and merciful.","num":31},{"text":"\"Now therefore, our God, The great, the mighty, and awesome God, Who keeps covenant and mercy: Do not let all the trouble seem small before You That has come upon us, Our kings and our princes, Our priests and our prophets, Our fathers and on all Your people, From the days of the kings of Assyria until this day.","num":32},{"text":"However You are just in all that has befallen us; For You have dealt faithfully, But we have done wickedly.","num":33},{"text":"Neither our kings nor our princes, Our priests nor our fathers, Have kept Your law, Nor heeded Your commandments and Your testimonies, With which You testified against them.","num":34},{"text":"For they have not served You in their kingdom, Or in the many good things that You gave them, Or in the large and rich land which You set before them; Nor did they turn from their wicked works.","num":35},{"text":"\"Here we are, servants today! And the land that You gave to our fathers, To eat its fruit and its bounty, Here we are, servants in it!","num":36},{"text":"And it yields much increase to the kings You have set over us, Because of our sins; Also they have dominion over our bodies and our cattle At their pleasure; And we are in great distress.","num":37},{"text":"\"And because of all this, We make a sure covenant and write it; Our leaders, our Levites, and our priests seal it.\"","num":38}],"num":9},{"verses":[{"text":"Now those who placed their seal on the document were: Nehemiah the governor, the son of Hacaliah, and Zedekiah,","num":1},{"text":"Seraiah, Azariah, Jeremiah,","num":2},{"text":"Pashhur, Amariah, Malchijah,","num":3},{"text":"Hattush, Shebaniah, Malluch,","num":4},{"text":"Harim, Meremoth, Obadiah,","num":5},{"text":"Daniel, Ginnethon, Baruch,","num":6},{"text":"Meshullam, Abijah, Mijamin,","num":7},{"text":"Maaziah, Bilgai, and Shemaiah. These were the priests.","num":8},{"text":"The Levites: Jeshua the son of Azaniah, Binnui of the sons of Henadad, and Kadmiel.","num":9},{"text":"Their brethren: Shebaniah, Hodijah, Kelita, Pelaiah, Hanan,","num":10},{"text":"Micha, Rehob, Hashabiah,","num":11},{"text":"Zaccur, Sherebiah, Shebaniah,","num":12},{"text":"Hodijah, Bani, and Beninu.","num":13},{"text":"The leaders of the people: Parosh, Pahath-Moab, Elam, Zattu, Bani,","num":14},{"text":"Bunni, Azgad, Bebai,","num":15},{"text":"Adonijah, Bigvai, Adin,","num":16},{"text":"Ater, Hezekiah, Azzur,","num":17},{"text":"Hodijah, Hashum, Bezai,","num":18},{"text":"Hariph, Anathoth, Nebai,","num":19},{"text":"Magpiash, Meshullam, Hezir,","num":20},{"text":"Meshezabel, Zadok, Jaddua,","num":21},{"text":"Pelatiah, Hanan, Anaiah,","num":22},{"text":"Hoshea, Hananiah, Hasshub,","num":23},{"text":"Hallohesh, Pilha, Shobek,","num":24},{"text":"Rehum, Hashabnah, Maaseiah,","num":25},{"text":"Ahijah, Hanan, Anan,","num":26},{"text":"Malluch, Harim, and Baanah.","num":27},{"text":"Now the rest of the people--the priests, the Levites, the gatekeepers, the singers, the Nethinim, and all those who had separated themselves from the peoples of the lands to the Law of God, their wives, their sons, and their daughters, everyone who had knowledge and understanding--","num":28},{"text":"these joined with their brethren, their nobles, and entered into a curse and an oath to walk in God's Law, which was given by Moses the servant of God, and to observe and do all the commandments of the LORD our Lord, and His ordinances and His statutes:","num":29},{"text":"We would not give our daughters as wives to the peoples of the land, nor take their daughters for our sons;","num":30},{"text":"if the peoples of the land brought wares or any grain to sell on the Sabbath day, we would not buy it from them on the Sabbath, or on a holy day; and we would forego the seventh year's produce and the exacting of every debt.","num":31},{"text":"Also we made ordinances for ourselves, to exact from ourselves yearly one-third of a shekel for the service of the house of our God:","num":32},{"text":"for the showbread, for the regular grain offering, for the regular burnt offering of the Sabbaths, the New Moons, and the set feasts; for the holy things, for the sin offerings to make atonement for Israel, and all the work of the house of our God.","num":33},{"text":"We cast lots among the priests, the Levites, and the people, for bringing the wood offering into the house of our God, according to our fathers' houses, at the appointed times year by year, to burn on the altar of the LORD our God as it is written in the Law.","num":34},{"text":"And we made ordinances to bring the firstfruits of our ground and the firstfruits of all fruit of all trees, year by year, to the house of the LORD;","num":35},{"text":"to bring the firstborn of our sons and our cattle, as it is written in the Law, and the firstborn of our herds and our flocks, to the house of our God, to the priests who minister in the house of our God;","num":36},{"text":"to bring the firstfruits of our dough, our offerings, the fruit from all kinds of trees, the new wine and oil, to the priests, to the storerooms of the house of our God; and to bring the tithes of our land to the Levites, for the Levites should receive the tithes in all our farming communities.","num":37},{"text":"And the priest, the descendant of Aaron, shall be with the Levites when the Levites receive tithes; and the Levites shall bring up a tenth of the tithes to the house of our God, to the rooms of the storehouse.","num":38},{"text":"For the children of Israel and the children of Levi shall bring the offering of the grain, of the new wine and the oil, to the storerooms where the articles of the sanctuary are, where the priests who minister and the gatekeepers and the singers are; and we will not neglect the house of our God.","num":39}],"num":10},{"verses":[{"text":"Now the leaders of the people dwelt at Jerusalem; the rest of the people cast lots to bring one out of ten to dwell in Jerusalem, the holy city, and nine-tenths were to dwell in other cities.","num":1},{"text":"And the people blessed all the men who willingly offered themselves to dwell at Jerusalem.","num":2},{"text":"These are the heads of the province who dwelt in Jerusalem. (But in the cities of Judah everyone dwelt in his own possession in their cities--Israelites, priests, Levites, Nethinim, and descendants of Solomon's servants.)","num":3},{"text":"Also in Jerusalem dwelt some of the children of Judah and of the children of Benjamin. The children of Judah: Athaiah the son of Uzziah, the son of Zechariah, the son of Amariah, the son of Shephatiah, the son of Mahalalel, of the children of Perez;","num":4},{"text":"and Maaseiah the son of Baruch, the son of Col-Hozeh, the son of Hazaiah, the son of Adaiah, the son of Joiarib, the son of Zechariah, the son of Shiloni.","num":5},{"text":"All the sons of Perez who dwelt at Jerusalem were four hundred and sixty-eight valiant men.","num":6},{"text":"And these are the sons of Benjamin: Sallu the son of Meshullam, the son of Joed, the son of Pedaiah, the son of Kolaiah, the son of Maaseiah, the son of Ithiel, the son of Jeshaiah;","num":7},{"text":"and after him Gabbai and Sallai, nine hundred and twenty-eight.","num":8},{"text":"Joel the son of Zichri was their overseer, and Judah the son of Senuah was second over the city.","num":9},{"text":"Of the priests: Jedaiah the son of Joiarib, and Jachin;","num":10},{"text":"Seraiah the son of Hilkiah, the son of Meshullam, the son of Zadok, the son of Meraioth, the son of Ahitub, was the leader of the house of God.","num":11},{"text":"Their brethren who did the work of the house were eight hundred and twenty-two; and Adaiah the son of Jeroham, the son of Pelaliah, the son of Amzi, the son of Zechariah, the son of Pashhur, the son of Malchijah,","num":12},{"text":"and his brethren, heads of the fathers' houses, were two hundred and forty-two; and Amashai the son of Azarel, the son of Ahzai, the son of Meshillemoth, the son of Immer,","num":13},{"text":"and their brethren, mighty men of valor, were one hundred and twenty-eight. Their overseer was Zabdiel the son of one of the great men.","num":14},{"text":"Also of the Levites: Shemaiah the son of Hasshub, the son of Azrikam, the son of Hashabiah, the son of Bunni;","num":15},{"text":"Shabbethai and Jozabad, of the heads of the Levites, had the oversight of the business outside of the house of God;","num":16},{"text":"Mattaniah the son of Micha, the son of Zabdi, the son of Asaph, the leader who began the thanksgiving with prayer; Bakbukiah, the second among his brethren; and Abda the son of Shammua, the son of Galal, the son of Jeduthun.","num":17},{"text":"All the Levites in the holy city were two hundred and eighty-four.","num":18},{"text":"Moreover the gatekeepers, Akkub, Talmon, and their brethren who kept the gates, were one hundred and seventy-two.","num":19},{"text":"And the rest of Israel, of the priests and Levites, were in all the cities of Judah, everyone in his inheritance.","num":20},{"text":"But the Nethinim dwelt in Ophel. And Ziha and Gishpa were over the Nethinim.","num":21},{"text":"Also the overseer of the Levites at Jerusalem was Uzzi the son of Bani, the son of Hashabiah, the son of Mattaniah, the son of Micha, of the sons of Asaph, the singers in charge of the service of the house of God.","num":22},{"text":"For it was the king's command concerning them that a certain portion should be for the singers, a quota day by day.","num":23},{"text":"Pethahiah the son of Meshezabel, of the children of Zerah the son of Judah, was the king's deputy in all matters concerning the people.","num":24},{"text":"And as for the villages with their fields, some of the children of Judah dwelt in Kirjath Arba and its villages, Dibon and its villages, Jekabzeel and its villages;","num":25},{"text":"in Jeshua, Moladah, Beth Pelet,","num":26},{"text":"Hazar Shual, and Beersheba and its villages;","num":27},{"text":"in Ziklag and Meconah and its villages;","num":28},{"text":"in En Rimmon, Zorah, Jarmuth,","num":29},{"text":"Zanoah, Adullam, and their villages; in Lachish and its fields; in Azekah and its villages. They dwelt from Beersheba to the Valley of Hinnom.","num":30},{"text":"Also the children of Benjamin from Geba dwelt in Michmash, Aija, and Bethel, and their villages;","num":31},{"text":"in Anathoth, Nob, Ananiah;","num":32},{"text":"in Hazor, Ramah, Gittaim;","num":33},{"text":"in Hadid, Zeboim, Neballat;","num":34},{"text":"in Lod, Ono, and the Valley of Craftsmen.","num":35},{"text":"Some of the Judean divisions of Levites were in Benjamin.","num":36}],"num":11},{"verses":[{"text":"Now these are the priests and the Levites who came up with Zerubbabel the son of Shealtiel, and Jeshua: Seraiah, Jeremiah, Ezra,","num":1},{"text":"Amariah, Malluch, Hattush,","num":2},{"text":"Shechaniah, Rehum, Meremoth,","num":3},{"text":"Iddo, Ginnethoi, Abijah,","num":4},{"text":"Mijamin, Maadiah, Bilgah,","num":5},{"text":"Shemaiah, Joiarib, Jedaiah,","num":6},{"text":"Sallu, Amok, Hilkiah, and Jedaiah. These were the heads of the priests and their brethren in the days of Jeshua.","num":7},{"text":"Moreover the Levites were Jeshua, Binnui, Kadmiel, Sherebiah, Judah, and Mattaniah who led the thanksgiving psalms, he and his brethren.","num":8},{"text":"Also Bakbukiah and Unni, their brethren, stood across from them in their duties.","num":9},{"text":"Jeshua begot Joiakim, Joiakim begot Eliashib, Eliashib begot Joiada,","num":10},{"text":"Joiada begot Jonathan, and Jonathan begot Jaddua.","num":11},{"text":"Now in the days of Joiakim, the priests, the heads of the fathers' houses were: of Seraiah, Meraiah; of Jeremiah, Hananiah;","num":12},{"text":"of Ezra, Meshullam; of Amariah, Jehohanan;","num":13},{"text":"of Melichu, Jonathan; of Shebaniah, Joseph;","num":14},{"text":"of Harim, Adna; of Meraioth, Helkai;","num":15},{"text":"of Iddo, Zechariah; of Ginnethon, Meshullam;","num":16},{"text":"of Abijah, Zichri; the son of Minjamin; of Moadiah, Piltai;","num":17},{"text":"of Bilgah, Shammua; of Shemaiah, Jehonathan;","num":18},{"text":"of Joiarib, Mattenai; of Jedaiah, Uzzi;","num":19},{"text":"of Sallai, Kallai; of Amok, Eber;","num":20},{"text":"of Hilkiah, Hashabiah; and of Jedaiah, Nethanel.","num":21},{"text":"During the reign of Darius the Persian, a record was also kept of the Levites and priests who had been heads of their fathers' houses in the days of Eliashib, Joiada, Johanan, and Jaddua.","num":22},{"text":"The sons of Levi, the heads of the fathers' houses until the days of Johanan the son of Eliashib, were written in the book of the chronicles.","num":23},{"text":"And the heads of the Levites were Hashabiah, Sherebiah, and Jeshua the son of Kadmiel, with their brothers across from them, to praise and give thanks, group alternating with group, according to the command of David the man of God.","num":24},{"text":"Mattaniah, Bakbukiah, Obadiah, Meshullam, Talmon, and Akkub were gatekeepers keeping the watch at the storerooms of the gates.","num":25},{"text":"These lived in the days of Joiakim the son of Jeshua, the son of Jozadak, and in the days of Nehemiah the governor, and of Ezra the priest, the scribe.","num":26},{"text":"Now at the dedication of the wall of Jerusalem they sought out the Levites in all their places, to bring them to Jerusalem to celebrate the dedication with gladness, both with thanksgivings and singing, with cymbals and stringed instruments and harps.","num":27},{"text":"And the sons of the singers gathered together from the countryside around Jerusalem, from the villages of the Netophathites,","num":28},{"text":"from the house of Gilgal, and from the fields of Geba and Azmaveth; for the singers had built themselves villages all around Jerusalem.","num":29},{"text":"Then the priests and Levites purified themselves, and purified the people, the gates, and the wall.","num":30},{"text":"So I brought the leaders of Judah up on the wall, and appointed two large thanksgiving choirs. One went to the right hand on the wall toward the Refuse Gate.","num":31},{"text":"After them went Hoshaiah and half of the leaders of Judah,","num":32},{"text":"and Azariah, Ezra, Meshullam,","num":33},{"text":"Judah, Benjamin, Shemaiah, Jeremiah,","num":34},{"text":"and some of the priests' sons with trumpets--Zechariah the son of Jonathan, the son of Shemaiah, the son of Mattaniah, the son of Michaiah, the son of Zaccur, the son of Asaph,","num":35},{"text":"and his brethren, Shemaiah, Azarel, Milalai, Gilalai, Maai, Nethanel, Judah, and Hanani, with the musical instruments of David the man of God. And Ezra the scribe went before them.","num":36},{"text":"By the Fountain Gate, in front of them, they went up the stairs of the City of David, on the stairway of the wall, beyond the house of David, as far as the Water Gate eastward.","num":37},{"text":"The other thanksgiving choir went the opposite way, and I was behind them with half of the people on the wall, going past the Tower of the Ovens as far as the Broad Wall,","num":38},{"text":"and above the Gate of Ephraim, above the Old Gate, above the Fish Gate, the Tower of Hananel, the Tower of the Hundred, as far as the Sheep Gate; and they stopped by the Gate of the Prison.","num":39},{"text":"So the two thanksgiving choirs stood in the house of God, likewise I and the half of the rulers with me;","num":40},{"text":"and the priests, Eliakim, Maaseiah, Minjamin, Michaiah, Elioenai, Zechariah, and Hananiah, with trumpets;","num":41},{"text":"also Maaseiah, Shemaiah, Eleazar, Uzzi, Jehohanan, Malchijah, Elam, and Ezer. The singers sang loudly with Jezrahiah the director.","num":42},{"text":"Also that day they offered great sacrifices, and rejoiced, for God had made them rejoice with great joy; the women and the children also rejoiced, so that the joy of Jerusalem was heard afar off.","num":43},{"text":"And at the same time some were appointed over the rooms of the storehouse for the offerings, the firstfruits, and the tithes, to gather into them from the fields of the cities the portions specified by the Law for the priests and Levites; for Judah rejoiced over the priests and Levites who ministered.","num":44},{"text":"Both the singers and the gatekeepers kept the charge of their God and the charge of the purification, according to the command of David and Solomon his son.","num":45},{"text":"For in the days of David and Asaph of old there were chiefs of the singers, and songs of praise and thanksgiving to God.","num":46},{"text":"In the days of Zerubbabel and in the days of Nehemiah all Israel gave the portions for the singers and the gatekeepers, a portion for each day. They also consecrated holy things for the Levites, and the Levites consecrated them for the children of Aaron.","num":47}],"num":12},{"verses":[{"text":"On that day they read from the Book of Moses in the hearing of the people, and in it was found written that no Ammonite or Moabite should ever come into the assembly of God,","num":1},{"text":"because they had not met the children of Israel with bread and water, but hired Balaam against them to curse them. However, our God turned the curse into a blessing.","num":2},{"text":"So it was, when they had heard the Law, that they separated all the mixed multitude from Israel.","num":3},{"text":"Now before this, Eliashib the priest, having authority over the storerooms of the house of our God, was allied with Tobiah.","num":4},{"text":"And he had prepared for him a large room, where previously they had stored the grain offerings, the frankincense, the articles, the tithes of grain, the new wine and oil, which were commanded to be given to the Levites and singers and gatekeepers, and the offerings for the priests.","num":5},{"text":"But during all this I was not in Jerusalem, for in the thirty-second year of Artaxerxes king of Babylon I had returned to the king. Then after certain days I obtained leave from the king,","num":6},{"text":"and I came to Jerusalem and discovered the evil that Eliashib had done for Tobiah, in preparing a room for him in the courts of the house of God.","num":7},{"text":"And it grieved me bitterly; therefore I threw all the household goods of Tobiah out of the room.","num":8},{"text":"Then I commanded them to cleanse the rooms; and I brought back into them the articles of the house of God, with the grain offering and the frankincense.","num":9},{"text":"I also realized that the portions for the Levites had not been given them; for each of the Levites and the singers who did the work had gone back to his field.","num":10},{"text":"So I contended with the rulers, and said, \"Why is the house of God forsaken?\" And I gathered them together and set them in their place.","num":11},{"text":"Then all Judah brought the tithe of the grain and the new wine and the oil to the storehouse.","num":12},{"text":"And I appointed as treasurers over the storehouse Shelemiah the priest and Zadok the scribe, and of the Levites, Pedaiah; and next to them was Hanan the son of Zaccur, the son of Mattaniah; for they were considered faithful, and their task was to distribute to their brethren.","num":13},{"text":"Remember me, O my God, concerning this, and do not wipe out my good deeds that I have done for the house of my God, and for its services!","num":14},{"text":"In those days I saw people in Judah treading wine presses on the Sabbath, and bringing in sheaves, and loading donkeys with wine, grapes, figs, and all kinds of burdens, which they brought into Jerusalem on the Sabbath day. And I warned them about the day on which they were selling provisions.","num":15},{"text":"Men of Tyre dwelt there also, who brought in fish and all kinds of goods, and sold them on the Sabbath to the children of Judah, and in Jerusalem.","num":16},{"text":"Then I contended with the nobles of Judah, and said to them, \"What evil thing is this that you do, by which you profane the Sabbath day?","num":17},{"text":"Did not your fathers do thus, and did not our God bring all this disaster on us and on this city? Yet you bring added wrath on Israel by profaning the Sabbath.\"","num":18},{"text":"So it was, at the gates of Jerusalem, as it began to be dark before the Sabbath, that I commanded the gates to be shut, and charged that they must not be opened till after the Sabbath. Then I posted some of my servants at the gates, so that no burdens would be brought in on the Sabbath day.","num":19},{"text":"Now the merchants and sellers of all kinds of wares lodged outside Jerusalem once or twice.","num":20},{"text":"Then I warned them, and said to them, \"Why do you spend the night around the wall? If you do so again, I will lay hands on you!\" From that time on they came no more on the Sabbath.","num":21},{"text":"And I commanded the Levites that they should cleanse themselves, and that they should go and guard the gates, to sanctify the Sabbath day. Remember me, O my God, concerning this also, and spare me according to the greatness of Your mercy!","num":22},{"text":"In those days I also saw Jews who had married women of Ashdod, Ammon, and Moab.","num":23},{"text":"And half of their children spoke the language of Ashdod, and could not speak the language of Judah, but spoke according to the language of one or the other people.","num":24},{"text":"So I contended with them and cursed them, struck some of them and pulled out their hair, and made them swear by God, saying, \"You shall not give your daughters as wives to their sons, nor take their daughters for your sons or yourselves.","num":25},{"text":"Did not Solomon king of Israel sin by these things? Yet among many nations there was no king like him, who was beloved of his God; and God made him king over all Israel. Nevertheless pagan women caused even him to sin.","num":26},{"text":"Should we then hear of your doing all this great evil, transgressing against our God by marrying pagan women?\"","num":27},{"text":"And one of the sons of Joiada, the son of Eliashib the high priest, was a son-in-law of Sanballat the Horonite; therefore I drove him from me.","num":28},{"text":"Remember them, O my God, because they have defiled the priesthood and the covenant of the priesthood and the Levites.","num":29},{"text":"Thus I cleansed them of everything pagan. I also assigned duties to the priests and the Levites, each to his service,","num":30},{"text":"and to bringing the wood offering and the firstfruits at appointed times. Remember me, O my God, for good!","num":31}],"num":13}]}
