{"name":"Obadiah","chapters":[{"verses":[{"text":"The vision of Obadiah. Thus says the Lord GOD concerning Edom (We have heard a report from the LORD, And a messenger has been sent among the nations, saying, \"Arise, and let us rise up against her for battle\"):","num":1},{"text":"\"Behold, I will make you small among the nations; You shall be greatly despised.","num":2},{"text":"The pride of your heart has deceived you, You who dwell in the clefts of the rock, Whose habitation is high; You who say in your heart, \"Who will bring me down to the ground?'","num":3},{"text":"Though you ascend as high as the eagle, And though you set your nest among the stars, From there I will bring you down,\" says the LORD.","num":4},{"text":"\"If thieves had come to you, If robbers by night-- Oh, how you will be cut off!-- Would they not have stolen till they had enough? If grape-gatherers had come to you, Would they not have left some gleanings?","num":5},{"text":"\"Oh, how Esau shall be searched out! How his hidden treasures shall be sought after!","num":6},{"text":"All the men in your confederacy Shall force you to the border; The men at peace with you Shall deceive you and prevail against you. Those who eat your bread shall lay a trap for you. No one is aware of it.","num":7},{"text":"\"Will I not in that day,\" says the LORD, \"Even destroy the wise men from Edom, And understanding from the mountains of Esau?","num":8},{"text":"Then your mighty men, O Teman, shall be dismayed, To the end that everyone from the mountains of Esau May be cut off by slaughter.","num":9},{"text":"\"For violence against your brother Jacob, Shame shall cover you, And you shall be cut off forever.","num":10},{"text":"In the day that you stood on the other side-- In the day that strangers carried captive his forces, When foreigners entered his gates And cast lots for Jerusalem-- Even you were as one of them.","num":11},{"text":"\"But you should not have gazed on the day of your brother In the day of his captivity; Nor should you have rejoiced over the children of Judah In the day of their destruction; Nor should you have spoken proudly In the day of distress.","num":12},{"text":"You should not have entered the gate of My people In the day of their calamity. Indeed, you should not have gazed on their affliction In the day of their calamity, Nor laid hands on their substance In the day of their calamity.","num":13},{"text":"You should not have stood at the crossroads To cut off those among them who escaped; Nor should you have delivered up those among them who remained In the day of distress.","num":14},{"text":"\"For the day of the LORD upon all the nations is near; As you have done, it shall be done to you; Your reprisal shall return upon your own head.","num":15},{"text":"For as you drank on My holy mountain, So shall all the nations drink continually; Yes, they shall drink, and swallow, And they shall be as though they had never been.","num":16},{"text":"\"But on Mount Zion there shall be deliverance, And there shall be holiness; The house of Jacob shall possess their possessions.","num":17},{"text":"The house of Jacob shall be a fire, And the house of Joseph a flame; But the house of Esau shall be stubble; They shall kindle them and devour them, And no survivor shall remain of the house of Esau,\" For the LORD has spoken.","num":18},{"text":"The South shall possess the mountains of Esau, And the Lowland shall possess Philistia. They shall possess the fields of Ephraim And the fields of Samaria. Benjamin shall possess Gilead.","num":19},{"text":"And the captives of this host of the children of Israel Shall possess the land of the Canaanites As far as Zarephath. The captives of Jerusalem who are in Sepharad Shall possess the cities of the South.","num":20},{"text":"Then saviors shall come to Mount Zion To judge the mountains of Esau, And the kingdom shall be the LORD's.","num":21}],"num":1}]}
