{"name":"Philippians","chapters":[{"verses":[{"text":"Paul and Timothy, bondservants of Jesus Christ, To all the saints in Christ Jesus who are in Philippi, with the bishops and deacons:","num":1},{"text":"Grace to you and peace from God our Father and the Lord Jesus Christ.","num":2},{"text":"I thank my God upon every remembrance of you,","num":3},{"text":"always in every prayer of mine making request for you all with joy,","num":4},{"text":"for your fellowship in the gospel from the first day until now,","num":5},{"text":"being confident of this very thing, that He who has begun a good work in you will complete it until the day of Jesus Christ;","num":6},{"text":"just as it is right for me to think this of you all, because I have you in my heart, inasmuch as both in my chains and in the defense and confirmation of the gospel, you all are partakers with me of grace.","num":7},{"text":"For God is my witness, how greatly I long for you all with the affection of Jesus Christ.","num":8},{"text":"And this I pray, that your love may abound still more and more in knowledge and all discernment,","num":9},{"text":"that you may approve the things that are excellent, that you may be sincere and without offense till the day of Christ,","num":10},{"text":"being filled with the fruits of righteousness which are by Jesus Christ, to the glory and praise of God.","num":11},{"text":"But I want you to know, brethren, that the things which happened to me have actually turned out for the furtherance of the gospel,","num":12},{"text":"so that it has become evident to the whole palace guard, and to all the rest, that my chains are in Christ;","num":13},{"text":"and most of the brethren in the Lord, having become confident by my chains, are much more bold to speak the word without fear.","num":14},{"text":"Some indeed preach Christ even from envy and strife, and some also from goodwill:","num":15},{"text":"The former preach Christ from selfish ambition, not sincerely, supposing to add affliction to my chains;","num":16},{"text":"but the latter out of love, knowing that I am appointed for the defense of the gospel.","num":17},{"text":"What then? Only that in every way, whether in pretense or in truth, Christ is preached; and in this I rejoice, yes, and will rejoice.","num":18},{"text":"For I know that this will turn out for my deliverance through your prayer and the supply of the Spirit of Jesus Christ,","num":19},{"text":"according to my earnest expectation and hope that in nothing I shall be ashamed, but with all boldness, as always, so now also Christ will be magnified in my body, whether by life or by death.","num":20},{"text":"For to me, to live is Christ, and to die is gain.","num":21},{"text":"But if I live on in the flesh, this will mean fruit from my labor; yet what I shall choose I cannot tell.","num":22},{"text":"For I am hard-pressed between the two, having a desire to depart and be with Christ, which is far better.","num":23},{"text":"Nevertheless to remain in the flesh is more needful for you.","num":24},{"text":"And being confident of this, I know that I shall remain and continue with you all for your progress and joy of faith,","num":25},{"text":"that your rejoicing for me may be more abundant in Jesus Christ by my coming to you again.","num":26},{"text":"Only let your conduct be worthy of the gospel of Christ, so that whether I come and see you or am absent, I may hear of your affairs, that you stand fast in one spirit, with one mind striving together for the faith of the gospel,","num":27},{"text":"and not in any way terrified by your adversaries, which is to them a proof of perdition, but to you of salvation, and that from God.","num":28},{"text":"For to you it has been granted on behalf of Christ, not only to believe in Him, but also to suffer for His sake,","num":29},{"text":"having the same conflict which you saw in me and now hear is in me.","num":30}],"num":1},{"verses":[{"text":"Therefore if there is any consolation in Christ, if any comfort of love, if any fellowship of the Spirit, if any affection and mercy,","num":1},{"text":"fulfill my joy by being like-minded, having the same love, being of one accord, of one mind.","num":2},{"text":"Let nothing be done through selfish ambition or conceit, but in lowliness of mind let each esteem others better than himself.","num":3},{"text":"Let each of you look out not only for his own interests, but also for the interests of others.","num":4},{"text":"Let this mind be in you which was also in Christ Jesus,","num":5},{"text":"who, being in the form of God, did not consider it robbery to be equal with God,","num":6},{"text":"but made Himself of no reputation, taking the form of a bondservant, and coming in the likeness of men.","num":7},{"text":"And being found in appearance as a man, He humbled Himself and became obedient to the point of death, even the death of the cross.","num":8},{"text":"Therefore God also has highly exalted Him and given Him the name which is above every name,","num":9},{"text":"that at the name of Jesus every knee should bow, of those in heaven, and of those on earth, and of those under the earth,","num":10},{"text":"and that every tongue should confess that Jesus Christ is Lord, to the glory of God the Father.","num":11},{"text":"Therefore, my beloved, as you have always obeyed, not as in my presence only, but now much more in my absence, work out your own salvation with fear and trembling;","num":12},{"text":"for it is God who works in you both to will and to do for His good pleasure.","num":13},{"text":"Do all things without complaining and disputing,","num":14},{"text":"that you may become blameless and harmless, children of God without fault in the midst of a crooked and perverse generation, among whom you shine as lights in the world,","num":15},{"text":"holding fast the word of life, so that I may rejoice in the day of Christ that I have not run in vain or labored in vain.","num":16},{"text":"Yes, and if I am being poured out as a drink offering on the sacrifice and service of your faith, I am glad and rejoice with you all.","num":17},{"text":"For the same reason you also be glad and rejoice with me.","num":18},{"text":"But I trust in the Lord Jesus to send Timothy to you shortly, that I also may be encouraged when I know your state.","num":19},{"text":"For I have no one like-minded, who will sincerely care for your state.","num":20},{"text":"For all seek their own, not the things which are of Christ Jesus.","num":21},{"text":"But you know his proven character, that as a son with his father he served with me in the gospel.","num":22},{"text":"Therefore I hope to send him at once, as soon as I see how it goes with me.","num":23},{"text":"But I trust in the Lord that I myself shall also come shortly.","num":24},{"text":"Yet I considered it necessary to send to you Epaphroditus, my brother, fellow worker, and fellow soldier, but your messenger and the one who ministered to my need;","num":25},{"text":"since he was longing for you all, and was distressed because you had heard that he was sick.","num":26},{"text":"For indeed he was sick almost unto death; but God had mercy on him, and not only on him but on me also, lest I should have sorrow upon sorrow.","num":27},{"text":"Therefore I sent him the more eagerly, that when you see him again you may rejoice, and I may be less sorrowful.","num":28},{"text":"Receive him therefore in the Lord with all gladness, and hold such men in esteem;","num":29},{"text":"because for the work of Christ he came close to death, not regarding his life, to supply what was lacking in your service toward me.","num":30}],"num":2},{"verses":[{"text":"Finally, my brethren, rejoice in the Lord. For me to write the same things to you is not tedious, but for you it is safe.","num":1},{"text":"Beware of dogs, beware of evil workers, beware of the mutilation!","num":2},{"text":"For we are the circumcision, who worship God in the Spirit, rejoice in Christ Jesus, and have no confidence in the flesh,","num":3},{"text":"though I also might have confidence in the flesh. If anyone else thinks he may have confidence in the flesh, I more so:","num":4},{"text":"circumcised the eighth day, of the stock of Israel, of the tribe of Benjamin, a Hebrew of the Hebrews; concerning the law, a Pharisee;","num":5},{"text":"concerning zeal, persecuting the church; concerning the righteousness which is in the law, blameless.","num":6},{"text":"But what things were gain to me, these I have counted loss for Christ.","num":7},{"text":"Yet indeed I also count all things loss for the excellence of the knowledge of Christ Jesus my Lord, for whom I have suffered the loss of all things, and count them as rubbish, that I may gain Christ","num":8},{"text":"and be found in Him, not having my own righteousness, which is from the law, but that which is through faith in Christ, the righteousness which is from God by faith;","num":9},{"text":"that I may know Him and the power of His resurrection, and the fellowship of His sufferings, being conformed to His death,","num":10},{"text":"if, by any means, I may attain to the resurrection from the dead.","num":11},{"text":"Not that I have already attained, or am already perfected; but I press on, that I may lay hold of that for which Christ Jesus has also laid hold of me.","num":12},{"text":"Brethren, I do not count myself to have apprehended; but one thing I do, forgetting those things which are behind and reaching forward to those things which are ahead,","num":13},{"text":"I press toward the goal for the prize of the upward call of God in Christ Jesus.","num":14},{"text":"Therefore let us, as many as are mature, have this mind; and if in anything you think otherwise, God will reveal even this to you.","num":15},{"text":"Nevertheless, to the degree that we have already attained, let us walk by the same rule, let us be of the same mind.","num":16},{"text":"Brethren, join in following my example, and note those who so walk, as you have us for a pattern.","num":17},{"text":"For many walk, of whom I have told you often, and now tell you even weeping, that they are the enemies of the cross of Christ:","num":18},{"text":"whose end is destruction, whose god is their belly, and whose glory is in their shame--who set their mind on earthly things.","num":19},{"text":"For our citizenship is in heaven, from which we also eagerly wait for the Savior, the Lord Jesus Christ,","num":20},{"text":"who will transform our lowly body that it may be conformed to His glorious body, according to the working by which He is able even to subdue all things to Himself.","num":21}],"num":3},{"verses":[{"text":"Therefore, my beloved and longed-for brethren, my joy and crown, so stand fast in the Lord, beloved.","num":1},{"text":"I implore Euodia and I implore Syntyche to be of the same mind in the Lord.","num":2},{"text":"And I urge you also, true companion, help these women who labored with me in the gospel, with Clement also, and the rest of my fellow workers, whose names are in the Book of Life.","num":3},{"text":"Rejoice in the Lord always. Again I will say, rejoice!","num":4},{"text":"Let your gentleness be known to all men. The Lord is at hand.","num":5},{"text":"Be anxious for nothing, but in everything by prayer and supplication, with thanksgiving, let your requests be made known to God;","num":6},{"text":"and the peace of God, which surpasses all understanding, will guard your hearts and minds through Christ Jesus.","num":7},{"text":"Finally, brethren, whatever things are true, whatever things are noble, whatever things are just, whatever things are pure, whatever things are lovely, whatever things are of good report, if there is any virtue and if there is anything praiseworthy--meditate on these things.","num":8},{"text":"The things which you learned and received and heard and saw in me, these do, and the God of peace will be with you.","num":9},{"text":"But I rejoiced in the Lord greatly that now at last your care for me has flourished again; though you surely did care, but you lacked opportunity.","num":10},{"text":"Not that I speak in regard to need, for I have learned in whatever state I am, to be content:","num":11},{"text":"I know how to be abased, and I know how to abound. Everywhere and in all things I have learned both to be full and to be hungry, both to abound and to suffer need.","num":12},{"text":"I can do all things through Christ who strengthens me.","num":13},{"text":"Nevertheless you have done well that you shared in my distress.","num":14},{"text":"Now you Philippians know also that in the beginning of the gospel, when I departed from Macedonia, no church shared with me concerning giving and receiving but you only.","num":15},{"text":"For even in Thessalonica you sent aid once and again for my necessities.","num":16},{"text":"Not that I seek the gift, but I seek the fruit that abounds to your account.","num":17},{"text":"Indeed I have all and abound. I am full, having received from Epaphroditus the things sent from you, a sweet-smelling aroma, an acceptable sacrifice, well pleasing to God.","num":18},{"text":"And my God shall supply all your need according to His riches in glory by Christ Jesus.","num":19},{"text":"Now to our God and Father be glory forever and ever. Amen.","num":20},{"text":"Greet every saint in Christ Jesus. The brethren who are with me greet you.","num":21},{"text":"All the saints greet you, but especially those who are of Caesar's household.","num":22},{"text":"The grace of our Lord Jesus Christ be with you all. Amen.","num":23}],"num":4}]}
