{"name":"Romans","chapters":[{"verses":[{"text":"Paul, a bondservant of Jesus Christ, called to be an apostle, separated to the gospel of God","num":1},{"text":"which He promised before through His prophets in the Holy Scriptures,","num":2},{"text":"concerning His Son Jesus Christ our Lord, who was born of the seed of David according to the flesh,","num":3},{"text":"and declared to be the Son of God with power according to the Spirit of holiness, by the resurrection from the dead.","num":4},{"text":"Through Him we have received grace and apostleship for obedience to the faith among all nations for His name,","num":5},{"text":"among whom you also are the called of Jesus Christ;","num":6},{"text":"To all who are in Rome, beloved of God, called to be saints: Grace to you and peace from God our Father and the Lord Jesus Christ.","num":7},{"text":"First, I thank my God through Jesus Christ for you all, that your faith is spoken of throughout the whole world.","num":8},{"text":"For God is my witness, whom I serve with my spirit in the gospel of His Son, that without ceasing I make mention of you always in my prayers,","num":9},{"text":"making request if, by some means, now at last I may find a way in the will of God to come to you.","num":10},{"text":"For I long to see you, that I may impart to you some spiritual gift, so that you may be established--","num":11},{"text":"that is, that I may be encouraged together with you by the mutual faith both of you and me.","num":12},{"text":"Now I do not want you to be unaware, brethren, that I often planned to come to you (but was hindered until now), that I might have some fruit among you also, just as among the other Gentiles.","num":13},{"text":"I am a debtor both to Greeks and to barbarians, both to wise and to unwise.","num":14},{"text":"So, as much as is in me, I am ready to preach the gospel to you who are in Rome also.","num":15},{"text":"For I am not ashamed of the gospel of Christ, for it is the power of God to salvation for everyone who believes, for the Jew first and also for the Greek.","num":16},{"text":"For in it the righteousness of God is revealed from faith to faith; as it is written, \"The just shall live by faith.\"","num":17},{"text":"For the wrath of God is revealed from heaven against all ungodliness and unrighteousness of men, who suppress the truth in unrighteousness,","num":18},{"text":"because what may be known of God is manifest in them, for God has shown it to them.","num":19},{"text":"For since the creation of the world His invisible attributes are clearly seen, being understood by the things that are made, even His eternal power and Godhead, so that they are without excuse,","num":20},{"text":"because, although they knew God, they did not glorify Him as God, nor were thankful, but became futile in their thoughts, and their foolish hearts were darkened.","num":21},{"text":"Professing to be wise, they became fools,","num":22},{"text":"and changed the glory of the incorruptible God into an image made like corruptible man--and birds and four-footed animals and creeping things.","num":23},{"text":"Therefore God also gave them up to uncleanness, in the lusts of their hearts, to dishonor their bodies among themselves,","num":24},{"text":"who exchanged the truth of God for the lie, and worshiped and served the creature rather than the Creator, who is blessed forever. Amen.","num":25},{"text":"For this reason God gave them up to vile passions. For even their women exchanged the natural use for what is against nature.","num":26},{"text":"Likewise also the men, leaving the natural use of the woman, burned in their lust for one another, men with men committing what is shameful, and receiving in themselves the penalty of their error which was due.","num":27},{"text":"And even as they did not like to retain God in their knowledge, God gave them over to a debased mind, to do those things which are not fitting;","num":28},{"text":"being filled with all unrighteousness, sexual immorality, wickedness, covetousness, maliciousness; full of envy, murder, strife, deceit, evil-mindedness; they are whisperers,","num":29},{"text":"backbiters, haters of God, violent, proud, boasters, inventors of evil things, disobedient to parents,","num":30},{"text":"undiscerning, untrustworthy, unloving, unforgiving, unmerciful;","num":31},{"text":"who, knowing the righteous judgment of God, that those who practice such things are deserving of death, not only do the same but also approve of those who practice them.","num":32}],"num":1},{"verses":[{"text":"Therefore you are inexcusable, O man, whoever you are who judge, for in whatever you judge another you condemn yourself; for you who judge practice the same things.","num":1},{"text":"But we know that the judgment of God is according to truth against those who practice such things.","num":2},{"text":"And do you think this, O man, you who judge those practicing such things, and doing the same, that you will escape the judgment of God?","num":3},{"text":"Or do you despise the riches of His goodness, forbearance, and longsuffering, not knowing that the goodness of God leads you to repentance?","num":4},{"text":"But in accordance with your hardness and your impenitent heart you are treasuring up for yourself wrath in the day of wrath and revelation of the righteous judgment of God,","num":5},{"text":"who \"will render to each one according to his deeds\":","num":6},{"text":"eternal life to those who by patient continuance in doing good seek for glory, honor, and immortality;","num":7},{"text":"but to those who are self-seeking and do not obey the truth, but obey unrighteousness--indignation and wrath,","num":8},{"text":"tribulation and anguish, on every soul of man who does evil, of the Jew first and also of the Greek;","num":9},{"text":"but glory, honor, and peace to everyone who works what is good, to the Jew first and also to the Greek.","num":10},{"text":"For there is no partiality with God.","num":11},{"text":"For as many as have sinned without law will also perish without law, and as many as have sinned in the law will be judged by the law","num":12},{"text":"(for not the hearers of the law are just in the sight of God, but the doers of the law will be justified;","num":13},{"text":"for when Gentiles, who do not have the law, by nature do the things in the law, these, although not having the law, are a law to themselves,","num":14},{"text":"who show the work of the law written in their hearts, their conscience also bearing witness, and between themselves their thoughts accusing or else excusing them)","num":15},{"text":"in the day when God will judge the secrets of men by Jesus Christ, according to my gospel.","num":16},{"text":"Indeed you are called a Jew, and rest on the law, and make your boast in God,","num":17},{"text":"and know His will, and approve the things that are excellent, being instructed out of the law,","num":18},{"text":"and are confident that you yourself are a guide to the blind, a light to those who are in darkness,","num":19},{"text":"an instructor of the foolish, a teacher of babes, having the form of knowledge and truth in the law.","num":20},{"text":"You, therefore, who teach another, do you not teach yourself? You who preach that a man should not steal, do you steal?","num":21},{"text":"You who say, \"Do not commit adultery,\" do you commit adultery? You who abhor idols, do you rob temples?","num":22},{"text":"You who make your boast in the law, do you dishonor God through breaking the law?","num":23},{"text":"For \"the name of God is blasphemed among the Gentiles because of you,\" as it is written.","num":24},{"text":"For circumcision is indeed profitable if you keep the law; but if you are a breaker of the law, your circumcision has become uncircumcision.","num":25},{"text":"Therefore, if an uncircumcised man keeps the righteous requirements of the law, will not his uncircumcision be counted as circumcision?","num":26},{"text":"And will not the physically uncircumcised, if he fulfills the law, judge you who, even with your written code and circumcision, are a transgressor of the law?","num":27},{"text":"For he is not a Jew who is one outwardly, nor is circumcision that which is outward in the flesh;","num":28},{"text":"but he is a Jew who is one inwardly; and circumcision is that of the heart, in the Spirit, not in the letter; whose praise is not from men but from God.","num":29}],"num":2},{"verses":[{"text":"What advantage then has the Jew, or what is the profit of circumcision?","num":1},{"text":"Much in every way! Chiefly because to them were committed the oracles of God.","num":2},{"text":"For what if some did not believe? Will their unbelief make the faithfulness of God without effect?","num":3},{"text":"Certainly not! Indeed, let God be true but every man a liar. As it is written: \"That You may be justified in Your words, And may overcome when You are judged.\"","num":4},{"text":"But if our unrighteousness demonstrates the righteousness of God, what shall we say? Is God unjust who inflicts wrath? (I speak as a man.)","num":5},{"text":"Certainly not! For then how will God judge the world?","num":6},{"text":"For if the truth of God has increased through my lie to His glory, why am I also still judged as a sinner?","num":7},{"text":"And why not say, \"Let us do evil that good may come\"?--as we are slanderously reported and as some affirm that we say. Their condemnation is just.","num":8},{"text":"What then? Are we better than they? Not at all. For we have previously charged both Jews and Greeks that they are all under sin.","num":9},{"text":"As it is written: \"There is none righteous, no, not one;","num":10},{"text":"There is none who understands; There is none who seeks after God.","num":11},{"text":"They have all turned aside; They have together become unprofitable; There is none who does good, no, not one.\"","num":12},{"text":"\"Their throat is an open tomb; With their tongues they have practiced deceit\"; \"The poison of asps is under their lips\";","num":13},{"text":"\"Whose mouth is full of cursing and bitterness.\"","num":14},{"text":"\"Their feet are swift to shed blood;","num":15},{"text":"Destruction and misery are in their ways;","num":16},{"text":"And the way of peace they have not known.\"","num":17},{"text":"\"There is no fear of God before their eyes.\"","num":18},{"text":"Now we know that whatever the law says, it says to those who are under the law, that every mouth may be stopped, and all the world may become guilty before God.","num":19},{"text":"Therefore by the deeds of the law no flesh will be justified in His sight, for by the law is the knowledge of sin.","num":20},{"text":"But now the righteousness of God apart from the law is revealed, being witnessed by the Law and the Prophets,","num":21},{"text":"even the righteousness of God, through faith in Jesus Christ, to all and on all who believe. For there is no difference;","num":22},{"text":"for all have sinned and fall short of the glory of God,","num":23},{"text":"being justified freely by His grace through the redemption that is in Christ Jesus,","num":24},{"text":"whom God set forth as a propitiation by His blood, through faith, to demonstrate His righteousness, because in His forbearance God had passed over the sins that were previously committed,","num":25},{"text":"to demonstrate at the present time His righteousness, that He might be just and the justifier of the one who has faith in Jesus.","num":26},{"text":"Where is boasting then? It is excluded. By what law? Of works? No, but by the law of faith.","num":27},{"text":"Therefore we conclude that a man is justified by faith apart from the deeds of the law.","num":28},{"text":"Or is He the God of the Jews only? Is He not also the God of the Gentiles? Yes, of the Gentiles also,","num":29},{"text":"since there is one God who will justify the circumcised by faith and the uncircumcised through faith.","num":30},{"text":"Do we then make void the law through faith? Certainly not! On the contrary, we establish the law.","num":31}],"num":3},{"verses":[{"text":"What then shall we say that Abraham our father has found according to the flesh?","num":1},{"text":"For if Abraham was justified by works, he has something to boast about, but not before God.","num":2},{"text":"For what does the Scripture say? \"Abraham believed God, and it was accounted to him for righteousness.\"","num":3},{"text":"Now to him who works, the wages are not counted as grace but as debt.","num":4},{"text":"But to him who does not work but believes on Him who justifies the ungodly, his faith is accounted for righteousness,","num":5},{"text":"just as David also describes the blessedness of the man to whom God imputes righteousness apart from works:","num":6},{"text":"\"Blessed are those whose lawless deeds are forgiven, And whose sins are covered;","num":7},{"text":"Blessed is the man to whom the LORD shall not impute sin.\"","num":8},{"text":"Does this blessedness then come upon the circumcised only, or upon the uncircumcised also? For we say that faith was accounted to Abraham for righteousness.","num":9},{"text":"How then was it accounted? While he was circumcised, or uncircumcised? Not while circumcised, but while uncircumcised.","num":10},{"text":"And he received the sign of circumcision, a seal of the righteousness of the faith which he had while still uncircumcised, that he might be the father of all those who believe, though they are uncircumcised, that righteousness might be imputed to them also,","num":11},{"text":"and the father of circumcision to those who not only are of the circumcision, but who also walk in the steps of the faith which our father Abraham had while still uncircumcised.","num":12},{"text":"For the promise that he would be the heir of the world was not to Abraham or to his seed through the law, but through the righteousness of faith.","num":13},{"text":"For if those who are of the law are heirs, faith is made void and the promise made of no effect,","num":14},{"text":"because the law brings about wrath; for where there is no law there is no transgression.","num":15},{"text":"Therefore it is of faith that it might be according to grace, so that the promise might be sure to all the seed, not only to those who are of the law, but also to those who are of the faith of Abraham, who is the father of us all","num":16},{"text":"(as it is written, \"I have made you a father of many nations\") in the presence of Him whom he believed--God, who gives life to the dead and calls those things which do not exist as though they did;","num":17},{"text":"who, contrary to hope, in hope believed, so that he became the father of many nations, according to what was spoken, \"So shall your descendants be.\"","num":18},{"text":"And not being weak in faith, he did not consider his own body, already dead (since he was about a hundred years old), and the deadness of Sarah's womb.","num":19},{"text":"He did not waver at the promise of God through unbelief, but was strengthened in faith, giving glory to God,","num":20},{"text":"and being fully convinced that what He had promised He was also able to perform.","num":21},{"text":"And therefore \"it was accounted to him for righteousness.\"","num":22},{"text":"Now it was not written for his sake alone that it was imputed to him,","num":23},{"text":"but also for us. It shall be imputed to us who believe in Him who raised up Jesus our Lord from the dead,","num":24},{"text":"who was delivered up because of our offenses, and was raised because of our justification.","num":25}],"num":4},{"verses":[{"text":"Therefore, having been justified by faith, we have peace with God through our Lord Jesus Christ,","num":1},{"text":"through whom also we have access by faith into this grace in which we stand, and rejoice in hope of the glory of God.","num":2},{"text":"And not only that, but we also glory in tribulations, knowing that tribulation produces perseverance;","num":3},{"text":"and perseverance, character; and character, hope.","num":4},{"text":"Now hope does not disappoint, because the love of God has been poured out in our hearts by the Holy Spirit who was given to us.","num":5},{"text":"For when we were still without strength, in due time Christ died for the ungodly.","num":6},{"text":"For scarcely for a righteous man will one die; yet perhaps for a good man someone would even dare to die.","num":7},{"text":"But God demonstrates His own love toward us, in that while we were still sinners, Christ died for us.","num":8},{"text":"Much more then, having now been justified by His blood, we shall be saved from wrath through Him.","num":9},{"text":"For if when we were enemies we were reconciled to God through the death of His Son, much more, having been reconciled, we shall be saved by His life.","num":10},{"text":"And not only that, but we also rejoice in God through our Lord Jesus Christ, through whom we have now received the reconciliation.","num":11},{"text":"Therefore, just as through one man sin entered the world, and death through sin, and thus death spread to all men, because all sinned--","num":12},{"text":"(For until the law sin was in the world, but sin is not imputed when there is no law.","num":13},{"text":"Nevertheless death reigned from Adam to Moses, even over those who had not sinned according to the likeness of the transgression of Adam, who is a type of Him who was to come.","num":14},{"text":"But the free gift is not like the offense. For if by the one man's offense many died, much more the grace of God and the gift by the grace of the one Man, Jesus Christ, abounded to many.","num":15},{"text":"And the gift is not like that which came through the one who sinned. For the judgment which came from one offense resulted in condemnation, but the free gift which came from many offenses resulted in justification.","num":16},{"text":"For if by the one man's offense death reigned through the one, much more those who receive abundance of grace and of the gift of righteousness will reign in life through the One, Jesus Christ.)","num":17},{"text":"Therefore, as through one man's offense judgment came to all men, resulting in condemnation, even so through one Man's righteous act the free gift came to all men, resulting in justification of life.","num":18},{"text":"For as by one man's disobedience many were made sinners, so also by one Man's obedience many will be made righteous.","num":19},{"text":"Moreover the law entered that the offense might abound. But where sin abounded, grace abounded much more,","num":20},{"text":"so that as sin reigned in death, even so grace might reign through righteousness to eternal life through Jesus Christ our Lord.","num":21}],"num":5},{"verses":[{"text":"What shall we say then? Shall we continue in sin that grace may abound?","num":1},{"text":"Certainly not! How shall we who died to sin live any longer in it?","num":2},{"text":"Or do you not know that as many of us as were baptized into Christ Jesus were baptized into His death?","num":3},{"text":"Therefore we were buried with Him through baptism into death, that just as Christ was raised from the dead by the glory of the Father, even so we also should walk in newness of life.","num":4},{"text":"For if we have been united together in the likeness of His death, certainly we also shall be in the likeness of His resurrection,","num":5},{"text":"knowing this, that our old man was crucified with Him, that the body of sin might be done away with, that we should no longer be slaves of sin.","num":6},{"text":"For he who has died has been freed from sin.","num":7},{"text":"Now if we died with Christ, we believe that we shall also live with Him,","num":8},{"text":"knowing that Christ, having been raised from the dead, dies no more. Death no longer has dominion over Him.","num":9},{"text":"For the death that He died, He died to sin once for all; but the life that He lives, He lives to God.","num":10},{"text":"Likewise you also, reckon yourselves to be dead indeed to sin, but alive to God in Christ Jesus our Lord.","num":11},{"text":"Therefore do not let sin reign in your mortal body, that you should obey it in its lusts.","num":12},{"text":"And do not present your members as instruments of unrighteousness to sin, but present yourselves to God as being alive from the dead, and your members as instruments of righteousness to God.","num":13},{"text":"For sin shall not have dominion over you, for you are not under law but under grace.","num":14},{"text":"What then? Shall we sin because we are not under law but under grace? Certainly not!","num":15},{"text":"Do you not know that to whom you present yourselves slaves to obey, you are that one's slaves whom you obey, whether of sin leading to death, or of obedience leading to righteousness?","num":16},{"text":"But God be thanked that though you were slaves of sin, yet you obeyed from the heart that form of doctrine to which you were delivered.","num":17},{"text":"And having been set free from sin, you became slaves of righteousness.","num":18},{"text":"I speak in human terms because of the weakness of your flesh. For just as you presented your members as slaves of uncleanness, and of lawlessness leading to more lawlessness, so now present your members as slaves of righteousness for holiness.","num":19},{"text":"For when you were slaves of sin, you were free in regard to righteousness.","num":20},{"text":"What fruit did you have then in the things of which you are now ashamed? For the end of those things is death.","num":21},{"text":"But now having been set free from sin, and having become slaves of God, you have your fruit to holiness, and the end, everlasting life.","num":22},{"text":"For the wages of sin is death, but the gift of God is eternal life in Christ Jesus our Lord.","num":23}],"num":6},{"verses":[{"text":"Or do you not know, brethren (for I speak to those who know the law), that the law has dominion over a man as long as he lives?","num":1},{"text":"For the woman who has a husband is bound by the law to her husband as long as he lives. But if the husband dies, she is released from the law of her husband.","num":2},{"text":"So then if, while her husband lives, she marries another man, she will be called an adulteress; but if her husband dies, she is free from that law, so that she is no adulteress, though she has married another man.","num":3},{"text":"Therefore, my brethren, you also have become dead to the law through the body of Christ, that you may be married to another--to Him who was raised from the dead, that we should bear fruit to God.","num":4},{"text":"For when we were in the flesh, the sinful passions which were aroused by the law were at work in our members to bear fruit to death.","num":5},{"text":"But now we have been delivered from the law, having died to what we were held by, so that we should serve in the newness of the Spirit and not in the oldness of the letter.","num":6},{"text":"What shall we say then? Is the law sin? Certainly not! On the contrary, I would not have known sin except through the law. For I would not have known covetousness unless the law had said, \"You shall not covet.\"","num":7},{"text":"But sin, taking opportunity by the commandment, produced in me all manner of evil desire. For apart from the law sin was dead.","num":8},{"text":"I was alive once without the law, but when the commandment came, sin revived and I died.","num":9},{"text":"And the commandment, which was to bring life, I found to bring death.","num":10},{"text":"For sin, taking occasion by the commandment, deceived me, and by it killed me.","num":11},{"text":"Therefore the law is holy, and the commandment holy and just and good.","num":12},{"text":"Has then what is good become death to me? Certainly not! But sin, that it might appear sin, was producing death in me through what is good, so that sin through the commandment might become exceedingly sinful.","num":13},{"text":"For we know that the law is spiritual, but I am carnal, sold under sin.","num":14},{"text":"For what I am doing, I do not understand. For what I will to do, that I do not practice; but what I hate, that I do.","num":15},{"text":"If, then, I do what I will not to do, I agree with the law that it is good.","num":16},{"text":"But now, it is no longer I who do it, but sin that dwells in me.","num":17},{"text":"For I know that in me (that is, in my flesh) nothing good dwells; for to will is present with me, but how to perform what is good I do not find.","num":18},{"text":"For the good that I will to do, I do not do; but the evil I will not to do, that I practice.","num":19},{"text":"Now if I do what I will not to do, it is no longer I who do it, but sin that dwells in me.","num":20},{"text":"I find then a law, that evil is present with me, the one who wills to do good.","num":21},{"text":"For I delight in the law of God according to the inward man.","num":22},{"text":"But I see another law in my members, warring against the law of my mind, and bringing me into captivity to the law of sin which is in my members.","num":23},{"text":"O wretched man that I am! Who will deliver me from this body of death?","num":24},{"text":"I thank God--through Jesus Christ our Lord! So then, with the mind I myself serve the law of God, but with the flesh the law of sin.","num":25}],"num":7},{"verses":[{"text":"There is therefore now no condemnation to those who are in Christ Jesus, who do not walk according to the flesh, but according to the Spirit.","num":1},{"text":"For the law of the Spirit of life in Christ Jesus has made me free from the law of sin and death.","num":2},{"text":"For what the law could not do in that it was weak through the flesh, God did by sending His own Son in the likeness of sinful flesh, on account of sin: He condemned sin in the flesh,","num":3},{"text":"that the righteous requirement of the law might be fulfilled in us who do not walk according to the flesh but according to the Spirit.","num":4},{"text":"For those who live according to the flesh set their minds on the things of the flesh, but those who live according to the Spirit, the things of the Spirit.","num":5},{"text":"For to be carnally minded is death, but to be spiritually minded is life and peace.","num":6},{"text":"Because the carnal mind is enmity against God; for it is not subject to the law of God, nor indeed can be.","num":7},{"text":"So then, those who are in the flesh cannot please God.","num":8},{"text":"But you are not in the flesh but in the Spirit, if indeed the Spirit of God dwells in you. Now if anyone does not have the Spirit of Christ, he is not His.","num":9},{"text":"And if Christ is in you, the body is dead because of sin, but the Spirit is life because of righteousness.","num":10},{"text":"But if the Spirit of Him who raised Jesus from the dead dwells in you, He who raised Christ from the dead will also give life to your mortal bodies through His Spirit who dwells in you.","num":11},{"text":"Therefore, brethren, we are debtors--not to the flesh, to live according to the flesh.","num":12},{"text":"For if you live according to the flesh you will die; but if by the Spirit you put to death the deeds of the body, you will live.","num":13},{"text":"For as many as are led by the Spirit of God, these are sons of God.","num":14},{"text":"For you did not receive the spirit of bondage again to fear, but you received the Spirit of adoption by whom we cry out, \"Abba, Father.\"","num":15},{"text":"The Spirit Himself bears witness with our spirit that we are children of God,","num":16},{"text":"and if children, then heirs--heirs of God and joint heirs with Christ, if indeed we suffer with Him, that we may also be glorified together.","num":17},{"text":"For I consider that the sufferings of this present time are not worthy to be compared with the glory which shall be revealed in us.","num":18},{"text":"For the earnest expectation of the creation eagerly waits for the revealing of the sons of God.","num":19},{"text":"For the creation was subjected to futility, not willingly, but because of Him who subjected it in hope;","num":20},{"text":"because the creation itself also will be delivered from the bondage of corruption into the glorious liberty of the children of God.","num":21},{"text":"For we know that the whole creation groans and labors with birth pangs together until now.","num":22},{"text":"Not only that, but we also who have the firstfruits of the Spirit, even we ourselves groan within ourselves, eagerly waiting for the adoption, the redemption of our body.","num":23},{"text":"For we were saved in this hope, but hope that is seen is not hope; for why does one still hope for what he sees?","num":24},{"text":"But if we hope for what we do not see, we eagerly wait for it with perseverance.","num":25},{"text":"Likewise the Spirit also helps in our weaknesses. For we do not know what we should pray for as we ought, but the Spirit Himself makes intercession for us with groanings which cannot be uttered.","num":26},{"text":"Now He who searches the hearts knows what the mind of the Spirit is, because He makes intercession for the saints according to the will of God.","num":27},{"text":"And we know that all things work together for good to those who love God, to those who are the called according to His purpose.","num":28},{"text":"For whom He foreknew, He also predestined to be conformed to the image of His Son, that He might be the firstborn among many brethren.","num":29},{"text":"Moreover whom He predestined, these He also called; whom He called, these He also justified; and whom He justified, these He also glorified.","num":30},{"text":"What then shall we say to these things? If God is for us, who can be against us?","num":31},{"text":"He who did not spare His own Son, but delivered Him up for us all, how shall He not with Him also freely give us all things?","num":32},{"text":"Who shall bring a charge against God's elect? It is God who justifies.","num":33},{"text":"Who is he who condemns? It is Christ who died, and furthermore is also risen, who is even at the right hand of God, who also makes intercession for us.","num":34},{"text":"Who shall separate us from the love of Christ? Shall tribulation, or distress, or persecution, or famine, or nakedness, or peril, or sword?","num":35},{"text":"As it is written: \"For Your sake we are killed all day long; We are accounted as sheep for the slaughter.\"","num":36},{"text":"Yet in all these things we are more than conquerors through Him who loved us.","num":37},{"text":"For I am persuaded that neither death nor life, nor angels nor principalities nor powers, nor things present nor things to come,","num":38},{"text":"nor height nor depth, nor any other created thing, shall be able to separate us from the love of God which is in Christ Jesus our Lord.","num":39}],"num":8},{"verses":[{"text":"I tell the truth in Christ, I am not lying, my conscience also bearing me witness in the Holy Spirit,","num":1},{"text":"that I have great sorrow and continual grief in my heart.","num":2},{"text":"For I could wish that I myself were accursed from Christ for my brethren, my countrymen according to the flesh,","num":3},{"text":"who are Israelites, to whom pertain the adoption, the glory, the covenants, the giving of the law, the service of God, and the promises;","num":4},{"text":"of whom are the fathers and from whom, according to the flesh, Christ came, who is over all, the eternally blessed God. Amen.","num":5},{"text":"But it is not that the word of God has taken no effect. For they are not all Israel who are of Israel,","num":6},{"text":"nor are they all children because they are the seed of Abraham; but, \"In Isaac your seed shall be called.\"","num":7},{"text":"That is, those who are the children of the flesh, these are not the children of God; but the children of the promise are counted as the seed.","num":8},{"text":"For this is the word of promise: \"At this time I will come and Sarah shall have a son.\"","num":9},{"text":"And not only this, but when Rebecca also had conceived by one man, even by our father Isaac","num":10},{"text":"(for the children not yet being born, nor having done any good or evil, that the purpose of God according to election might stand, not of works but of Him who calls),","num":11},{"text":"it was said to her, \"The older shall serve the younger.\"","num":12},{"text":"As it is written, \"Jacob I have loved, but Esau I have hated.\"","num":13},{"text":"What shall we say then? Is there unrighteousness with God? Certainly not!","num":14},{"text":"For He says to Moses, \"I will have mercy on whomever I will have mercy, and I will have compassion on whomever I will have compassion.\"","num":15},{"text":"So then it is not of him who wills, nor of him who runs, but of God who shows mercy.","num":16},{"text":"For the Scripture says to the Pharaoh, \"For this very purpose I have raised you up, that I may show My power in you, and that My name may be declared in all the earth.\"","num":17},{"text":"Therefore He has mercy on whom He wills, and whom He wills He hardens.","num":18},{"text":"You will say to me then, \"Why does He still find fault? For who has resisted His will?\"","num":19},{"text":"But indeed, O man, who are you to reply against God? Will the thing formed say to him who formed it, \"Why have you made me like this?\"","num":20},{"text":"Does not the potter have power over the clay, from the same lump to make one vessel for honor and another for dishonor?","num":21},{"text":"What if God, wanting to show His wrath and to make His power known, endured with much longsuffering the vessels of wrath prepared for destruction,","num":22},{"text":"and that He might make known the riches of His glory on the vessels of mercy, which He had prepared beforehand for glory,","num":23},{"text":"even us whom He called, not of the Jews only, but also of the Gentiles?","num":24},{"text":"As He says also in Hosea: \"I will call them My people, who were not My people, And her beloved, who was not beloved.\"","num":25},{"text":"\"And it shall come to pass in the place where it was said to them, \"You are not My people,' There they shall be called sons of the living God.\"","num":26},{"text":"Isaiah also cries out concerning Israel: \"Though the number of the children of Israel be as the sand of the sea, The remnant will be saved.","num":27},{"text":"For He will finish the work and cut it short in righteousness, Because the LORD will make a short work upon the earth.\"","num":28},{"text":"And as Isaiah said before: \"Unless the LORD of Sabaoth had left us a seed, We would have become like Sodom, And we would have been made like Gomorrah.\"","num":29},{"text":"What shall we say then? That Gentiles, who did not pursue righteousness, have attained to righteousness, even the righteousness of faith;","num":30},{"text":"but Israel, pursuing the law of righteousness, has not attained to the law of righteousness.","num":31},{"text":"Why? Because they did not seek it by faith, but as it were, by the works of the law. For they stumbled at that stumbling stone.","num":32},{"text":"As it is written: \"Behold, I lay in Zion a stumbling stone and rock of offense, And whoever believes on Him will not be put to shame.\"","num":33}],"num":9},{"verses":[{"text":"Brethren, my heart's desire and prayer to God for Israel is that they may be saved.","num":1},{"text":"For I bear them witness that they have a zeal for God, but not according to knowledge.","num":2},{"text":"For they being ignorant of God's righteousness, and seeking to establish their own righteousness, have not submitted to the righteousness of God.","num":3},{"text":"For Christ is the end of the law for righteousness to everyone who believes.","num":4},{"text":"For Moses writes about the righteousness which is of the law, \"The man who does those things shall live by them.\"","num":5},{"text":"But the righteousness of faith speaks in this way, \"Do not say in your heart, \"Who will ascend into heaven?\"' (that is, to bring Christ down from above)","num":6},{"text":"or, \"\"Who will descend into the abyss?\"' (that is, to bring Christ up from the dead).","num":7},{"text":"But what does it say? \"The word is near you, in your mouth and in your heart\" (that is, the word of faith which we preach):","num":8},{"text":"that if you confess with your mouth the Lord Jesus and believe in your heart that God has raised Him from the dead, you will be saved.","num":9},{"text":"For with the heart one believes unto righteousness, and with the mouth confession is made unto salvation.","num":10},{"text":"For the Scripture says, \"Whoever believes on Him will not be put to shame.\"","num":11},{"text":"For there is no distinction between Jew and Greek, for the same Lord over all is rich to all who call upon Him.","num":12},{"text":"For \"whoever calls on the name of the LORD shall be saved.\"","num":13},{"text":"How then shall they call on Him in whom they have not believed? And how shall they believe in Him of whom they have not heard? And how shall they hear without a preacher?","num":14},{"text":"And how shall they preach unless they are sent? As it is written: \"How beautiful are the feet of those who preach the gospel of peace, Who bring glad tidings of good things!\"","num":15},{"text":"But they have not all obeyed the gospel. For Isaiah says, \"LORD, who has believed our report?\"","num":16},{"text":"So then faith comes by hearing, and hearing by the word of God.","num":17},{"text":"But I say, have they not heard? Yes indeed: \"Their sound has gone out to all the earth, And their words to the ends of the world.\"","num":18},{"text":"But I say, did Israel not know? First Moses says: \"I will provoke you to jealousy by those who are not a nation, I will move you to anger by a foolish nation.\"","num":19},{"text":"But Isaiah is very bold and says: \"I was found by those who did not seek Me; I was made manifest to those who did not ask for Me.\"","num":20},{"text":"But to Israel he says: \"All day long I have stretched out My hands To a disobedient and contrary people.\"","num":21}],"num":10},{"verses":[{"text":"I say then, has God cast away His people? Certainly not! For I also am an Israelite, of the seed of Abraham, of the tribe of Benjamin.","num":1},{"text":"God has not cast away His people whom He foreknew. Or do you not know what the Scripture says of Elijah, how he pleads with God against Israel, saying,","num":2},{"text":"\"LORD, they have killed Your prophets and torn down Your altars, and I alone am left, and they seek my life\"?","num":3},{"text":"But what does the divine response say to him? \"I have reserved for Myself seven thousand men who have not bowed the knee to Baal.\"","num":4},{"text":"Even so then, at this present time there is a remnant according to the election of grace.","num":5},{"text":"And if by grace, then it is no longer of works; otherwise grace is no longer grace. But if it is of works, it is no longer grace; otherwise work is no longer work.","num":6},{"text":"What then? Israel has not obtained what it seeks; but the elect have obtained it, and the rest were blinded.","num":7},{"text":"Just as it is written: \"God has given them a spirit of stupor, Eyes that they should not see And ears that they should not hear, To this very day.\"","num":8},{"text":"And David says: \"Let their table become a snare and a trap, A stumbling block and a recompense to them.","num":9},{"text":"Let their eyes be darkened, so that they do not see, And bow down their back always.\"","num":10},{"text":"I say then, have they stumbled that they should fall? Certainly not! But through their fall, to provoke them to jealousy, salvation has come to the Gentiles.","num":11},{"text":"Now if their fall is riches for the world, and their failure riches for the Gentiles, how much more their fullness!","num":12},{"text":"For I speak to you Gentiles; inasmuch as I am an apostle to the Gentiles, I magnify my ministry,","num":13},{"text":"if by any means I may provoke to jealousy those who are my flesh and save some of them.","num":14},{"text":"For if their being cast away is the reconciling of the world, what will their acceptance be but life from the dead?","num":15},{"text":"For if the firstfruit is holy, the lump is also holy; and if the root is holy, so are the branches.","num":16},{"text":"And if some of the branches were broken off, and you, being a wild olive tree, were grafted in among them, and with them became a partaker of the root and fatness of the olive tree,","num":17},{"text":"do not boast against the branches. But if you do boast, remember that you do not support the root, but the root supports you.","num":18},{"text":"You will say then, \"Branches were broken off that I might be grafted in.\"","num":19},{"text":"Well said. Because of unbelief they were broken off, and you stand by faith. Do not be haughty, but fear.","num":20},{"text":"For if God did not spare the natural branches, He may not spare you either.","num":21},{"text":"Therefore consider the goodness and severity of God: on those who fell, severity; but toward you, goodness, if you continue in His goodness. Otherwise you also will be cut off.","num":22},{"text":"And they also, if they do not continue in unbelief, will be grafted in, for God is able to graft them in again.","num":23},{"text":"For if you were cut out of the olive tree which is wild by nature, and were grafted contrary to nature into a cultivated olive tree, how much more will these, who are natural branches, be grafted into their own olive tree?","num":24},{"text":"For I do not desire, brethren, that you should be ignorant of this mystery, lest you should be wise in your own opinion, that blindness in part has happened to Israel until the fullness of the Gentiles has come in.","num":25},{"text":"And so all Israel will be saved, as it is written: \"The Deliverer will come out of Zion, And He will turn away ungodliness from Jacob;","num":26},{"text":"For this is My covenant with them, When I take away their sins.\"","num":27},{"text":"Concerning the gospel they are enemies for your sake, but concerning the election they are beloved for the sake of the fathers.","num":28},{"text":"For the gifts and the calling of God are irrevocable.","num":29},{"text":"For as you were once disobedient to God, yet have now obtained mercy through their disobedience,","num":30},{"text":"even so these also have now been disobedient, that through the mercy shown you they also may obtain mercy.","num":31},{"text":"For God has committed them all to disobedience, that He might have mercy on all.","num":32},{"text":"Oh, the depth of the riches both of the wisdom and knowledge of God! How unsearchable are His judgments and His ways past finding out!","num":33},{"text":"\"For who has known the mind of the LORD? Or who has become His counselor?\"","num":34},{"text":"\"Or who has first given to Him And it shall be repaid to him?\"","num":35},{"text":"For of Him and through Him and to Him are all things, to whom be glory forever. Amen.","num":36}],"num":11},{"verses":[{"text":"I beseech you therefore, brethren, by the mercies of God, that you present your bodies a living sacrifice, holy, acceptable to God, which is your reasonable service.","num":1},{"text":"And do not be conformed to this world, but be transformed by the renewing of your mind, that you may prove what is that good and acceptable and perfect will of God.","num":2},{"text":"For I say, through the grace given to me, to everyone who is among you, not to think of himself more highly than he ought to think, but to think soberly, as God has dealt to each one a measure of faith.","num":3},{"text":"For as we have many members in one body, but all the members do not have the same function,","num":4},{"text":"so we, being many, are one body in Christ, and individually members of one another.","num":5},{"text":"Having then gifts differing according to the grace that is given to us, let us use them: if prophecy, let us prophesy in proportion to our faith;","num":6},{"text":"or ministry, let us use it in our ministering; he who teaches, in teaching;","num":7},{"text":"he who exhorts, in exhortation; he who gives, with liberality; he who leads, with diligence; he who shows mercy, with cheerfulness.","num":8},{"text":"Let love be without hypocrisy. Abhor what is evil. Cling to what is good.","num":9},{"text":"Be kindly affectionate to one another with brotherly love, in honor giving preference to one another;","num":10},{"text":"not lagging in diligence, fervent in spirit, serving the Lord;","num":11},{"text":"rejoicing in hope, patient in tribulation, continuing steadfastly in prayer;","num":12},{"text":"distributing to the needs of the saints, given to hospitality.","num":13},{"text":"Bless those who persecute you; bless and do not curse.","num":14},{"text":"Rejoice with those who rejoice, and weep with those who weep.","num":15},{"text":"Be of the same mind toward one another. Do not set your mind on high things, but associate with the humble. Do not be wise in your own opinion.","num":16},{"text":"Repay no one evil for evil. Have regard for good things in the sight of all men.","num":17},{"text":"If it is possible, as much as depends on you, live peaceably with all men.","num":18},{"text":"Beloved, do not avenge yourselves, but rather give place to wrath; for it is written, \"Vengeance is Mine, I will repay,\" says the Lord.","num":19},{"text":"Therefore \"If your enemy is hungry, feed him; If he is thirsty, give him a drink; For in so doing you will heap coals of fire on his head.\"","num":20},{"text":"Do not be overcome by evil, but overcome evil with good.","num":21}],"num":12},{"verses":[{"text":"Let every soul be subject to the governing authorities. For there is no authority except from God, and the authorities that exist are appointed by God.","num":1},{"text":"Therefore whoever resists the authority resists the ordinance of God, and those who resist will bring judgment on themselves.","num":2},{"text":"For rulers are not a terror to good works, but to evil. Do you want to be unafraid of the authority? Do what is good, and you will have praise from the same.","num":3},{"text":"For he is God's minister to you for good. But if you do evil, be afraid; for he does not bear the sword in vain; for he is God's minister, an avenger to execute wrath on him who practices evil.","num":4},{"text":"Therefore you must be subject, not only because of wrath but also for conscience' sake.","num":5},{"text":"For because of this you also pay taxes, for they are God's ministers attending continually to this very thing.","num":6},{"text":"Render therefore to all their due: taxes to whom taxes are due, customs to whom customs, fear to whom fear, honor to whom honor.","num":7},{"text":"Owe no one anything except to love one another, for he who loves another has fulfilled the law.","num":8},{"text":"For the commandments, \"You shall not commit adultery,\" \"You shall not murder,\" \"You shall not steal,\" \"You shall not bear false witness,\" \"You shall not covet,\" and if there is any other commandment, are all summed up in this saying, namely, \"You shall love your neighbor as yourself.\"","num":9},{"text":"Love does no harm to a neighbor; therefore love is the fulfillment of the law.","num":10},{"text":"And do this, knowing the time, that now it is high time to awake out of sleep; for now our salvation is nearer than when we first believed.","num":11},{"text":"The night is far spent, the day is at hand. Therefore let us cast off the works of darkness, and let us put on the armor of light.","num":12},{"text":"Let us walk properly, as in the day, not in revelry and drunkenness, not in lewdness and lust, not in strife and envy.","num":13},{"text":"But put on the Lord Jesus Christ, and make no provision for the flesh, to fulfill its lusts.","num":14}],"num":13},{"verses":[{"text":"Receive one who is weak in the faith, but not to disputes over doubtful things.","num":1},{"text":"For one believes he may eat all things, but he who is weak eats only vegetables.","num":2},{"text":"Let not him who eats despise him who does not eat, and let not him who does not eat judge him who eats; for God has received him.","num":3},{"text":"Who are you to judge another's servant? To his own master he stands or falls. Indeed, he will be made to stand, for God is able to make him stand.","num":4},{"text":"One person esteems one day above another; another esteems every day alike. Let each be fully convinced in his own mind.","num":5},{"text":"He who observes the day, observes it to the Lord; and he who does not observe the day, to the Lord he does not observe it. He who eats, eats to the Lord, for he gives God thanks; and he who does not eat, to the Lord he does not eat, and gives God thanks.","num":6},{"text":"For none of us lives to himself, and no one dies to himself.","num":7},{"text":"For if we live, we live to the Lord; and if we die, we die to the Lord. Therefore, whether we live or die, we are the Lord's.","num":8},{"text":"For to this end Christ died and rose and lived again, that He might be Lord of both the dead and the living.","num":9},{"text":"But why do you judge your brother? Or why do you show contempt for your brother? For we shall all stand before the judgment seat of Christ.","num":10},{"text":"For it is written: \"As I live, says the LORD, Every knee shall bow to Me, And every tongue shall confess to God.\"","num":11},{"text":"So then each of us shall give account of himself to God.","num":12},{"text":"Therefore let us not judge one another anymore, but rather resolve this, not to put a stumbling block or a cause to fall in our brother's way.","num":13},{"text":"I know and am convinced by the Lord Jesus that there is nothing unclean of itself; but to him who considers anything to be unclean, to him it is unclean.","num":14},{"text":"Yet if your brother is grieved because of your food, you are no longer walking in love. Do not destroy with your food the one for whom Christ died.","num":15},{"text":"Therefore do not let your good be spoken of as evil;","num":16},{"text":"for the kingdom of God is not eating and drinking, but righteousness and peace and joy in the Holy Spirit.","num":17},{"text":"For he who serves Christ in these things is acceptable to God and approved by men.","num":18},{"text":"Therefore let us pursue the things which make for peace and the things by which one may edify another.","num":19},{"text":"Do not destroy the work of God for the sake of food. All things indeed are pure, but it is evil for the man who eats with offense.","num":20},{"text":"It is good neither to eat meat nor drink wine nor do anything by which your brother stumbles or is offended or is made weak.","num":21},{"text":"Do you have faith? Have it to yourself before God. Happy is he who does not condemn himself in what he approves.","num":22},{"text":"But he who doubts is condemned if he eats, because he does not eat from faith; for whatever is not from faith is sin.","num":23}],"num":14},{"verses":[{"text":"We then who are strong ought to bear with the scruples of the weak, and not to please ourselves.","num":1},{"text":"Let each of us please his neighbor for his good, leading to edification.","num":2},{"text":"For even Christ did not please Himself; but as it is written, \"The reproaches of those who reproached You fell on Me.\"","num":3},{"text":"For whatever things were written before were written for our learning, that we through the patience and comfort of the Scriptures might have hope.","num":4},{"text":"Now may the God of patience and comfort grant you to be like-minded toward one another, according to Christ Jesus,","num":5},{"text":"that you may with one mind and one mouth glorify the God and Father of our Lord Jesus Christ.","num":6},{"text":"Therefore receive one another, just as Christ also received us, to the glory of God.","num":7},{"text":"Now I say that Jesus Christ has become a servant to the circumcision for the truth of God, to confirm the promises made to the fathers,","num":8},{"text":"and that the Gentiles might glorify God for His mercy, as it is written: \"For this reason I will confess to You among the Gentiles, And sing to Your name.\"","num":9},{"text":"And again he says: \"Rejoice, O Gentiles, with His people!\"","num":10},{"text":"And again: \"Praise the LORD, all you Gentiles! Laud Him, all you peoples!\"","num":11},{"text":"And again, Isaiah says: \"There shall be a root of Jesse; And He who shall rise to reign over the Gentiles, In Him the Gentiles shall hope.\"","num":12},{"text":"Now may the God of hope fill you with all joy and peace in believing, that you may abound in hope by the power of the Holy Spirit.","num":13},{"text":"Now I myself am confident concerning you, my brethren, that you also are full of goodness, filled with all knowledge, able also to admonish one another.","num":14},{"text":"Nevertheless, brethren, I have written more boldly to you on some points, as reminding you, because of the grace given to me by God,","num":15},{"text":"that I might be a minister of Jesus Christ to the Gentiles, ministering the gospel of God, that the offering of the Gentiles might be acceptable, sanctified by the Holy Spirit.","num":16},{"text":"Therefore I have reason to glory in Christ Jesus in the things which pertain to God.","num":17},{"text":"For I will not dare to speak of any of those things which Christ has not accomplished through me, in word and deed, to make the Gentiles obedient--","num":18},{"text":"in mighty signs and wonders, by the power of the Spirit of God, so that from Jerusalem and round about to Illyricum I have fully preached the gospel of Christ.","num":19},{"text":"And so I have made it my aim to preach the gospel, not where Christ was named, lest I should build on another man's foundation,","num":20},{"text":"but as it is written: \"To whom He was not announced, they shall see; And those who have not heard shall understand.\"","num":21},{"text":"For this reason I also have been much hindered from coming to you.","num":22},{"text":"But now no longer having a place in these parts, and having a great desire these many years to come to you,","num":23},{"text":"whenever I journey to Spain, I shall come to you. For I hope to see you on my journey, and to be helped on my way there by you, if first I may enjoy your company for a while.","num":24},{"text":"But now I am going to Jerusalem to minister to the saints.","num":25},{"text":"For it pleased those from Macedonia and Achaia to make a certain contribution for the poor among the saints who are in Jerusalem.","num":26},{"text":"It pleased them indeed, and they are their debtors. For if the Gentiles have been partakers of their spiritual things, their duty is also to minister to them in material things.","num":27},{"text":"Therefore, when I have performed this and have sealed to them this fruit, I shall go by way of you to Spain.","num":28},{"text":"But I know that when I come to you, I shall come in the fullness of the blessing of the gospel of Christ.","num":29},{"text":"Now I beg you, brethren, through the Lord Jesus Christ, and through the love of the Spirit, that you strive together with me in prayers to God for me,","num":30},{"text":"that I may be delivered from those in Judea who do not believe, and that my service for Jerusalem may be acceptable to the saints,","num":31},{"text":"that I may come to you with joy by the will of God, and may be refreshed together with you.","num":32},{"text":"Now the God of peace be with you all. Amen.","num":33}],"num":15},{"verses":[{"text":"I commend to you Phoebe our sister, who is a servant of the church in Cenchrea,","num":1},{"text":"that you may receive her in the Lord in a manner worthy of the saints, and assist her in whatever business she has need of you; for indeed she has been a helper of many and of myself also.","num":2},{"text":"Greet Priscilla and Aquila, my fellow workers in Christ Jesus,","num":3},{"text":"who risked their own necks for my life, to whom not only I give thanks, but also all the churches of the Gentiles.","num":4},{"text":"Likewise greet the church that is in their house. Greet my beloved Epaenetus, who is the firstfruits of Achaia to Christ.","num":5},{"text":"Greet Mary, who labored much for us.","num":6},{"text":"Greet Andronicus and Junia, my countrymen and my fellow prisoners, who are of note among the apostles, who also were in Christ before me.","num":7},{"text":"Greet Amplias, my beloved in the Lord.","num":8},{"text":"Greet Urbanus, our fellow worker in Christ, and Stachys, my beloved.","num":9},{"text":"Greet Apelles, approved in Christ. Greet those who are of the household of Aristobulus.","num":10},{"text":"Greet Herodion, my countryman. Greet those who are of the household of Narcissus who are in the Lord.","num":11},{"text":"Greet Tryphena and Tryphosa, who have labored in the Lord. Greet the beloved Persis, who labored much in the Lord.","num":12},{"text":"Greet Rufus, chosen in the Lord, and his mother and mine.","num":13},{"text":"Greet Asyncritus, Phlegon, Hermas, Patrobas, Hermes, and the brethren who are with them.","num":14},{"text":"Greet Philologus and Julia, Nereus and his sister, and Olympas, and all the saints who are with them.","num":15},{"text":"Greet one another with a holy kiss. The churches of Christ greet you.","num":16},{"text":"Now I urge you, brethren, note those who cause divisions and offenses, contrary to the doctrine which you learned, and avoid them.","num":17},{"text":"For those who are such do not serve our Lord Jesus Christ, but their own belly, and by smooth words and flattering speech deceive the hearts of the simple.","num":18},{"text":"For your obedience has become known to all. Therefore I am glad on your behalf; but I want you to be wise in what is good, and simple concerning evil.","num":19},{"text":"And the God of peace will crush Satan under your feet shortly. The grace of our Lord Jesus Christ be with you. Amen.","num":20},{"text":"Timothy, my fellow worker, and Lucius, Jason, and Sosipater, my countrymen, greet you.","num":21},{"text":"I, Tertius, who wrote this epistle, greet you in the Lord.","num":22},{"text":"Gaius, my host and the host of the whole church, greets you. Erastus, the treasurer of the city, greets you, and Quartus, a brother.","num":23},{"text":"The grace of our Lord Jesus Christ be with you all. Amen.","num":24},{"text":"Now to Him who is able to establish you according to my gospel and the preaching of Jesus Christ, according to the revelation of the mystery kept secret since the world began","num":25},{"text":"but now made manifest, and by the prophetic Scriptures made known to all nations, according to the commandment of the everlasting God, for obedience to the faith--","num":26},{"text":"to God, alone wise, be glory through Jesus Christ forever. Amen.","num":27}],"num":16}]}
