{
  "name": "Tobit",
  "chapters": [
    {
      "num": 1,
      "verses": [
        {
          "text": "This is the book of the words of Tobit, the son of Tobiel, the son of Hananiel, the son of Aduel, the son of Gabael, of the seed of Asiel, from the tribe of Naphtali.",
          "num": 1
        },
        {
          "text": "He was led captive out of Thisbe in the days of Shalmaneser, king of the Assyrians. Thisbe is south of Kedesh Naphtali, in Galilee above Asher.",
          "num": 2
        },
        {
          "text": "I, Tobit, walked in the paths of truth and righteousness all the days of my life. I did much almsgiving to my brethren and to the people who journeyed with me as exiles to Nineveh, in the country of the Assyrians.",
          "num": 3
        },
        {
          "text": "In my young days, when I was in my own country, the land of Israel, the entire tribe of my father Naphtali turned away from the house of Jerusalem, which was chosen from all the tribes of Israel, to sacrifice for all the tribes. This temple, the habitation of the Most High God, was sanctified and built for all generations forever.",
          "num": 4
        },
        {
          "text": "Now all the tribes that joined in the revolt sacrificed the heifer to Baal. The house of Naphtali, the tribe of my father, also revolted.",
          "num": 5
        },
        {
          "text": "But I alone traveled frequently to Jerusalem for the feast days, as it is written for all of Israel in an everlasting ordinance. I would carry the firstfruits and the tithes of my harvest and the first-shearing.",
          "num": 6
        },
        {
          "text": "These I would give to the priests, the sons of Aaron, at the altar. I would offer the tenth of all the harvest to the sons of Levi who served at Jerusalem. I would also sell off the second tenth and go and spend it at Jerusalem each year.",
          "num": 7
        },
        {
          "text": "The third tenth I would give to whom it was fitting, as Deborah the mother of my father commanded me, for I was left an orphan by my father.",
          "num": 8
        },
        {
          "text": "When I became a man, I took Anna for a wife from my own kindred. With her I became the father of Tobias.",
          "num": 9
        },
        {
          "text": "When I was taken captive to Nineveh, all my brothers and those from my race ate from the bread of the Gentiles.",
          "num": 10
        },
        {
          "text": "But I protected myself by not eating it.",
          "num": 11
        },
        {
          "text": "For I remembered God with all my soul",
          "num": 12
        },
        {
          "text": "So the Most High gave me grace and comeliness before Shalmaneser, and I became his purchasing agent.",
          "num": 13
        },
        {
          "text": "I would go into Media. And one time in Rages of Media, I entrusted to Gabael, the brother of Gabrias, ten talents of silver.",
          "num": 14
        },
        {
          "text": "When Shalmaneser died and his son Sennacherib reigned in his place, the roads were unstable and I could no longer travel to Media. 16In the days of Shalmaneser, I did much almsgiving to my brothers.",
          "num": 15
        },
        {
          "text": "I would give my bread to the hungry and my clothing to the naked. If I saw anyone of my people dead, cast outside the wall of Nineveh, I would bury him.",
          "num": 16
        },
        {
          "text": "If King Sennacherib put someone to death when he came trying to escape from Judea, I buried them secretly. For in his anger, he put many to death, and the bodies were sought by the king; but they were not found.",
          "num": 17
        },
        {
          "text": "But one of the men of Nineveh went and made known to the king concerning my burying them. So I hid, and when I knew I was being sought to be put to death I was frightened and ran away.",
          "num": 18
        },
        {
          "text": "All of my possessions were seized and I had nothing left, except Anna my wife and Tobias my son.",
          "num": 19
        },
        {
          "text": "But not even fifty days passed before two of King Sennacherib's sons had killed him and escaped into the mountains of Ararat. Thus Esarhaddon his son reigned in his place. He appointed Ahikar, the son of my brother Anael, to be over all the accounts of his kingdom and over the entire government.",
          "num": 20
        },
        {
          "text": "Ahikar then entreated on my behalf, so I came to Nineveh. Now Ahikar was the wine-pourer, the keeper of the signet ring, the administrator and the accountant. Esarhaddon appointed him second to himself, and he was my nephew.",
          "num": 21
        }
      ]
    },
    {
      "num": 2,
      "verses": [
        {
          "text": "When I arrived at my house, my wife Anna and my son Tobias were given back to me. It was the Feast of Pentecost, which is the holy feast of the seven weeks. A good dinner was prepared for me, so I sat down at the table to eat.",
          "num": 1
        },
        {
          "text": "When I saw the abundance of meat, I said to my son, “Go and bring whomever you may find of our needy brethren who are mindful of the Lord. Behold, I will wait for you.”",
          "num": 2
        },
        {
          "text": "But he came back and said, “O father, one of our people was strangled and thrown into the marketplace.”",
          "num": 3
        },
        {
          "text": "So before I even tasted anything, I jumped up and carried the corpse into a room until sunset.",
          "num": 4
        },
        {
          "text": "Then I returned, bathed myself, and ate my bread in sorrow.",
          "num": 5
        },
        {
          "text": "Then I remembered the prophecy of Amos, how he said, “Your feasts will be turned into mourning, And all y our gladness into a song of grief.” So I wept.",
          "num": 6
        },
        {
          "text": "When the sun went down, I departed, and after digging a grave, I buried him.",
          "num": 7
        },
        {
          "text": "My neighbors laughed at me and said, “He is no longer afraid to be put to death for doing such a thing. He ran away before, and now, behold, he is burying the dead again.”",
          "num": 8
        },
        {
          "text": "On the same night that I buried him, I returned home. But since I was defiled, I slept by the wall of the courtyard with my face uncovered.",
          "num": 9
        },
        {
          "text": "However, I did not see the sparrows on the wall, for while my eyes were open the sparrows discharged their droppings into my eyes, and they became white films in my eyes. I went to physicians, but they could not help me. Then Ahikar supported me until he left for Elymais.",
          "num": 10
        },
        {
          "text": "Then my wife Anna worked for hire at what women do.",
          "num": 11
        },
        {
          "text": "She would send her work to the owners and they would pay her. On one occasion they paid her wages and also gave her a small goat.",
          "num": 12
        },
        {
          "text": "But when she returned to me, it began to bleat. So I said to her, “Where did this goat come from? Is it not stolen? Return it to the owners, for it is unlawful to eat what is stolen.”",
          "num": 13
        },
        {
          "text": "But she replied, “It was given to me as a gift. It was in addition to my wages.” But I did not believe her, telling her to return it to its owners. I blushed in embarrassment for her sake. So she answered and said to me, “Are your acts of charity and righteous deeds lawful? Behold, you are a know-it-all!”",
          "num": 14
        }
      ]
    },
    {
      "num": 3,
      "verses": [
        {
          "text": "Then I wept in my sorrow, and with pain I prayed, saying:",
          "num": 1
        },
        {
          "text": "“O Lord, You are righteous. So too are all Your works. All Your ways are mercy and truth. Your judgments are true and just forever.",
          "num": 2
        },
        {
          "text": "Remember me and look upon me with favor. Do not punish me for my sins and my ignorance, nor those sins of my fathers which they committed against You.",
          "num": 3
        },
        {
          "text": "Because they disobeyed Your commands, so You gave us as spoil, captivity and death. You made us a byword of disgrace among all the nations in which we were scattered.",
          "num": 4
        },
        {
          "text": "Now Your judgments concerning my sins are many and they are true, because I did them, and so did my fathers. For we did not keep Your commandments. Indeed we did not walk in truth before You.",
          "num": 5
        },
        {
          "text": "Now do with me as is best before You. Command that my spirit be taken up, so I may be released and become soil, since it is better for me to die than to live. For I have heard false insults, and there is much sorrow within me. Command that I be freed from distress to now enter into the eternal place. Do not turn Your face away from me.”",
          "num": 6
        },
        {
          "text": "On the same day, in Ecbatana of Media, Sarah, the daughter of Raguel, happened to be insulted by her father's maids.",
          "num": 7
        },
        {
          "text": "She was married to seven husbands, but before they could be with her as a wife, Asmodeus, the evil demon, killed them. So they said to her, “Do you not recollect that you strangled these husbands? You have already had seven husbands, but you received no profit from any of them.",
          "num": 8
        },
        {
          "text": "Therefore, why punish us? If they are dead, go with them. May we never see a son or daughter of yours.”",
          "num": 9
        },
        {
          "text": "When she heard this, she was so distressed that she considered hanging herself. But she said, “I am the only one of my father. If I do this, it will be a disgrace to him, and I will bring down his old age with sorrow into Hades.”",
          "num": 10
        },
        {
          "text": "So she prayed by her window and said: Sarah's Prayer “Blessed are You, O Lord my God. Blessed is Your holy and precious name unto the ages. May all Your works bless You forever.",
          "num": 11
        },
        {
          "text": "Now, O Lord, I offer myself completely to You.",
          "num": 12
        },
        {
          "text": "Command that I be released from the land, that I may not hear such disgrace any more.",
          "num": 13
        },
        {
          "text": "O Lord, You know that I am innocent of any sin with a man.",
          "num": 14
        },
        {
          "text": "I have not defiled my name nor the name of my father in the land of my captivity. I am my father's only offspring. He has no other child who will be his heir. Neither does he have a brother close at hand, nor an adopted son that I might keep myself as a wife to him. Seven of my husbands have already perished. What should I live for? But if it does not seem good to You to kill me, command that I be looked upon with favor, and that mercy be shown to me, so I may no longer hear disgrace.”",
          "num": 15
        },
        {
          "text": "The prayer of both was heard in the presence of the great glory of Raphael,",
          "num": 16
        },
        {
          "text": "and he was sent to heal the two of them: to remove the white films from Tobit; to give Sarah of Raguel to Tobias the son of Tobit as a wife; and to bind Asmodeus the evil demon, for it fell upon Tobias to inherit her. At that same time Tobit returned and entered his house, and Sarah of Raguel came down from her upstairs room.",
          "num": 17
        }
      ]
    },
    {
      "num": 4,
      "verses": [
        {
          "text": "On that day Tobit remembered the silver he had entrusted to Gabael at Rages of Media.",
          "num": 1
        },
        {
          "text": "So he said to himself, “I requested death for myself. Why do I not call my son Tobias to make this known to him before I die?”",
          "num": 2
        },
        {
          "text": "So he summoned him and said, “My son, if I die, bury me, but do not disregard your mother. Honor her all the days of your life. Do what is pleasing to her, but do not grieve her.",
          "num": 3
        },
        {
          "text": "Remember, my son, that she experienced many dangers for you while you were in the womb. When she dies, bury her beside me in the same grave.",
          "num": 4
        },
        {
          "text": "My son, remember the Lord our God all your days, and do not desire to sin or to disobey His commandments. Do righteousness all the days of your life, and do not walk in the ways of wrongdoing.",
          "num": 5
        },
        {
          "text": "For if you walk in the truth, you will be successful in your works.",
          "num": 6
        },
        {
          "text": "Do almsgiving from your possessions to all who do righteousness. When you do almsgiving, do not let your eye be envious. Do not turn your face away from any poor man, so the face of God will not be turned away from you.",
          "num": 7
        },
        {
          "text": "Do almsgiving based on the quantity of your possessions. If you possess only a few, do not be afraid to give according to the little you have.",
          "num": 8
        },
        {
          "text": "You are storing up a good treasure for yourself in the day of necessity.",
          "num": 9
        },
        {
          "text": "For almsgiving delivers us from death and prevents us from entering into the darkness.",
          "num": 10
        },
        {
          "text": "Indeed, almsgiving is a good gift for all who do it before the Most High.",
          "num": 11
        },
        {
          "text": "“My son, guard yourself from all fornication, and above all take a wife from among the seed of your fathers. Do not take a foreign woman who is not from the tribe of your father, for we are sons of the prophets. Noah, Abraham, Isaac, and Jacob are our fathers from of old. Remember, my son, that all these took wives from among their brothers and were blessed in their children. Their seed will inherit the land.",
          "num": 12
        },
        {
          "text": "So now, my son, love your brothers and do not be arrogant in your heart against your brothers, the sons and daughters of your people. Take a wife for yourself from them, for arrogance brings destruction and great disorder, and in such worthlessness there is loss and great defect. For worthlessness is the mother of famine.",
          "num": 13
        },
        {
          "text": "“Do not keep overnight the wages of any man who works for you, but pay him immediately. If you serve God, He will pay you. Give heed to yourself, my son, in all your works, and be disciplined in all your conduct.",
          "num": 14
        },
        {
          "text": "What you yourself hate, do not do to anyone. Do not drink wine unto a state of drunkenness, and do not let drunkenness become your traveling companion.",
          "num": 15
        },
        {
          "text": "From your bread, give to him who is hungry, and from your clothing, give to the naked. If you have more than you need, do almsgiving, and do not let your eye envy the almsgiving when you do it.",
          "num": 16
        },
        {
          "text": "Spread out your bread on the grave of the righteous, but do not give it to sinners.",
          "num": 17
        },
        {
          "text": "“Seek counsel from every sensible man, and do not treat any useful advice with contempt.",
          "num": 18
        },
        {
          "text": "At every opportunity bless the Lord God, but more than this ask that your ways may become straight, and that all your paths and purposes may prosper. For not every nation has understanding. But the Lord Himself gives all that is good, and as He desires He humbles whomever He will. Now my son, let none of my commandments be removed from your heart.",
          "num": 19
        },
        {
          "text": "“Now let me point out to you the ten talents of silver I entrusted to Gabael the son of Gabrias, in Rages of Media.",
          "num": 20
        },
        {
          "text": "Do not fear, my son, that we have become poor. For you are very rich if you fear God. Stay away from every sin, and do what is pleasing before Him.”",
          "num": 21
        }
      ]
    },
    {
      "num": 5,
      "verses": [
        {
          "text": "Tobias answered him and said, “O father, I will do everything you have commanded me.",
          "num": 1
        },
        {
          "text": "But how will I be able to obtain the silver, for I do not know him?”",
          "num": 2
        },
        {
          "text": "Then he gave him the record of the debt and said to him, “Find for yourself a man who will travel with you, and I will pay him his wages as long as I remain alive. Now go and obtain the silver.”",
          "num": 3
        },
        {
          "text": "Then Tobias went to look for a man and found Raphael, who was an angel. But he did not know it.",
          "num": 4
        },
        {
          "text": "So Tobias said to him, “Can you go with me to Rages of Media? Are you acquainted with those places?” 6The angel said to him, “I will go with you. I am acquainted with the roadways and I have lodged with our brother Gabael.” 7Tobias said to him, “Wait for me and I will tell my father.” 8He said to him, “Do so, but do not delay.”",
          "num": 5
        },
        {
          "text": "So he went to his father and said, “Behold, I have found someone who will go with me.” But his father said, “Call him to me, that I may know what tribe he belongs to, and if he is trustworthy enough to go with you.”",
          "num": 6
        },
        {
          "text": "So he invited him, and Raphael came in. They greeted one another cordially.",
          "num": 7
        },
        {
          "text": "Tobit then said to him, “Brother, to what tribe and kindred do you belong?”",
          "num": 8
        },
        {
          "text": "Raphael responded, “Do you seek a tribe and a family, or a hired man to go with your son?” Tobit replied, “Brother, I wish to know your people and your name.”",
          "num": 9
        },
        {
          "text": "Then he said, “I am Azarias, the son of Ananias the Great, one of your relatives.”",
          "num": 10
        },
        {
          "text": "So Tobit said to him, “You are most welcome, my brother. Do be not angry with me for seeking to learn of your tribe and your family. As it turns out, you are a brother of mine from a good and upright family. For I knew Ananias and Jonathan, the sons of Shemiah the Great, since we would journey in common to Jerusalem to worship and to offer the firstborn and the tenth of our harvest. They were not led astray in the deception of our brothers. My brother, you are from a good root.",
          "num": 11
        },
        {
          "text": "“But tell me, what shall I give you as wages? A drachma a day and expenses for you and my son?",
          "num": 12
        },
        {
          "text": "I will even add more to your pay, if you both return in good health.”",
          "num": 13
        },
        {
          "text": "Thus they were well pleased. Then he said to Tobias, “Prepare for the journey, and may it be prosperous.” So his son prepared the things for the journey. Then his father said to him, “Go with this man, and may the God who dwells in heaven prosper your journey. May His angel journey with you.” They both departed, and the young man's dog went with them.",
          "num": 14
        },
        {
          "text": "But Anna his mother wept and said to Tobit, “Why have you sent our son away, or is he not the staff of our hands when he goes in and out before us?",
          "num": 15
        },
        {
          "text": "Do not attain silver upon silver, but may it be dirt compared to our son.",
          "num": 16
        },
        {
          "text": "For as he was given to us to live by the Lord, this is sufficient for our existence.”",
          "num": 17
        },
        {
          "text": "Tobit said to her, “My sister, do not be concerned. He shall return in good health, and your eyes will see him.",
          "num": 18
        },
        {
          "text": "For a good angel will go with him, and his journey shall be prosperous. He will return in good health.”",
          "num": 19
        },
        {
          "text": "So she ceased weeping.",
          "num": 20
        }
      ]
    },
    {
      "num": 6,
      "verses": [
        {
          "text": "They went on the journey and came to the Tigris River. So they spent the evening there.",
          "num": 1
        },
        {
          "text": "The young man went down to wash himself, and a fish jumped up from the river and was determined to swallow the young man.",
          "num": 2
        },
        {
          "text": "The angel said to him, “Take hold of the fish.” So the young man grabbed the fish and put it on the bank.",
          "num": 3
        },
        {
          "text": "Then the angel said to him, “Cut open the fish. Take the heart, the liver, and the gall and put them in a safe place.”",
          "num": 4
        },
        {
          "text": "The young man did as the angel commanded him. Then they cooked the fish and ate it.",
          "num": 5
        },
        {
          "text": "After this, they traveled together until they came near to Ecbatana.",
          "num": 6
        },
        {
          "text": "Then the young man said to the angel, “Brother Azarias, what is the purpose of the liver, the heart, and the gall of the fish?”",
          "num": 7
        },
        {
          "text": "He replied, “If a demon or an evil spirit troubles anyone, the heart and the liver must be used to make smoke before the man or woman, and that person will never be troubled again.",
          "num": 8
        },
        {
          "text": "As for the gall, use it to anoint a man who has white films on his eyes, and he will be healed.”",
          "num": 9
        },
        {
          "text": "As they came near Rages,",
          "num": 10
        },
        {
          "text": "the angel said to the young man, “Brother, we will spend the night with Raguel. He is your relative and with him is his only child, a daughter named Sarah.",
          "num": 11
        },
        {
          "text": "I will speak for her that she might be given to you as a wife, because her inheritance belongs to you; for you alone are from her people. The girl is beautiful and she is sensible.",
          "num": 12
        },
        {
          "text": "“So now listen to me, for I will speak to her father. When we return from Rages, we will celebrate the wedding. For I know that Raguel cannot give her to any other man according to the rule of Moses, or he will be subject to death. Thus it is proper that you receive the inheritance rather than another man.”",
          "num": 13
        },
        {
          "text": "Then the young man said to the angel, “Brother Azarias, I have heard the girl was given seven husbands, and they all perished in the bridal chamber.",
          "num": 14
        },
        {
          "text": "Now I am the only son of my father, and I fear for myself lest, entering the bridal chamber, I may die even as those before me. For a demon loves her, and he does not harm anyone except those who approach her. Now I fear for myself lest I die and bring the life of my father and mother down into their tomb with grief and sorrow upon me. They have no other son who will bury them.”",
          "num": 15
        },
        {
          "text": "But the angel said to him, “Do you not remember the words your father commanded you, to take a wife for yourself from among your people? Now listen to me, brother, for she will be a wife to you. As for the demon, have no concern, for this night she will be given to you as a wife.",
          "num": 16
        },
        {
          "text": "If you enter the bridal chamber, you will take with you ashes of incense, and lay some of it on the heart and liver of the fish. Then you will make smoke, and the demon will smell it and flee and never return.",
          "num": 17
        },
        {
          "text": "When you approach her, both of you will rise up and cry out to the merciful God. He will save you and be merciful. Do not fear for yourself, for she has been prepared for you from of old. You will save her and she will go with you. I believe that you will have children by her.”",
          "num": 18
        },
        {
          "text": "As Tobias heard these words, he loved her and his soul was very much united to her.",
          "num": 19
        }
      ]
    },
    {
      "num": 7,
      "verses": [
        {
          "text": "Then they went to Ecbatana and came to the house of Raguel. Sarah went ahead to meet them, and after they greeted one another, she escorted them into the house.",
          "num": 1
        },
        {
          "text": "Raguel said to Edna his wife, “How the young man resembles my cousin Tobit!”",
          "num": 2
        },
        {
          "text": "Then Raguel asked them, “Where are you from, brothers?” They answered, “We are from the sons of Naphtali who are captives in Nineveh.”",
          "num": 3
        },
        {
          "text": "Then he said to them, “Do you know Tobit our brother?” They responded, “We know him.”",
          "num": 4
        },
        {
          "text": "Then he asked, “Is he in good health?” They answered, “He is alive and in good health.” Tobias then added, “He is my father.”",
          "num": 5
        },
        {
          "text": "Raguel jumped up and kissed him and wept. He blessed him and said to him, “You are the son of a good and noble man!” But when he heard that Tobit had lost his eyesight, he was grieved and wept.",
          "num": 6
        },
        {
          "text": "Edna his wife and Sarah his daughter also wept, and they received them eagerly.",
          "num": 7
        },
        {
          "text": "And they killed a ram from the sheep and set many dishes before them.",
          "num": 8
        },
        {
          "text": "Then Tobias said to Raphael, “Brother Azarias, speak about what you said on the way, and let the matter be completed.”",
          "num": 9
        },
        {
          "text": "So he told Raguel what he said, and Raguel said to Tobias, “Eat, drink, and be glad, for it is fitting for you to marry my child. However, I must tell you the truth.",
          "num": 10
        },
        {
          "text": "I gave my daughter to seven men, and when they went in to her, they died during the night. But for now, be glad!”",
          "num": 11
        },
        {
          "text": "But Tobias said, “I will not eat anything until after you establish an agreement with me.” So Raguel said, “Receive her according to the decree, for you are her relative and she is yours. The merciful God will prosper you in what is good.”",
          "num": 12
        },
        {
          "text": "So he called Sarah his daughter, and taking her by the hand, he gave her to be a wife for Tobias. Then he said, “Behold, receive her according to the decree of Moses, and bring her before your father.” He then blessed them",
          "num": 13
        },
        {
          "text": "and summoned his wife Edna. She took a scroll and wrote out the agreement. They sealed it, and then they began to eat.",
          "num": 14
        },
        {
          "text": "After this, Raguel called his wife Edna and said to her, “Sister, prepare the other room and lead her into it.”",
          "num": 15
        },
        {
          "text": "She did as he said and led her there. Then Sarah wept, but Edna understood the tears of her daughter and said to her,",
          "num": 16
        },
        {
          "text": "“Be courageous, my child. May the Lord of heaven and earth give you grace instead of this sorrow of yours. Be courageous, my daughter.”",
          "num": 17
        }
      ]
    },
    {
      "num": 8,
      "verses": [
        {
          "text": "When they finished dining, they led Tobias to her.",
          "num": 1
        },
        {
          "text": "As he went, he remembered the words of Raphael, and put the heart and the liver of the fish upon the embers of the incense and made smoke.",
          "num": 2
        },
        {
          "text": "When the demon smelled the fragrant scent, he fled to the upper parts of Egypt, and there the angel bound him.",
          "num": 3
        },
        {
          "text": "While both were enclosed in the room, Tobias rose up from the bed and said, “Arise, sister, and let us pray that the Lord will have mercy upon us.”",
          "num": 4
        },
        {
          "text": "So Tobias began to pray, saying: “Blessed are You, O God of our fathers, and blessed is Your holy and glorious name unto the ages. The heavens and all Your creatures bless You.",
          "num": 5
        },
        {
          "text": "You made Adam and gave him Eve as a helper, his wife as a support. From them the seed of mankind came to be. You said, ‘It is not good for the man to be alone. Let Us make a helper for him like himself.’",
          "num": 6
        },
        {
          "text": "O Lord, I now take this my sister as my wife, not on account of fornication, but in truth. Command that she and I may have mercy, and in this grow old together.”",
          "num": 7
        },
        {
          "text": "And with him she said, “Amen.”",
          "num": 8
        },
        {
          "text": "Then both fell asleep for the night.",
          "num": 9
        },
        {
          "text": "But Raguel rose up and went outside and dug a grave, saying, “He, too, may have died.”",
          "num": 10
        },
        {
          "text": "Raguel then went back into his house 12and said to his wife Edna, “Send one of the maids and let her see if indeed Tobias is alive. If he is not, let us bury him that no one may know.”",
          "num": 11
        },
        {
          "text": "So the maid went to the door, and when she opened it she found both of them sleeping.",
          "num": 12
        },
        {
          "text": "She came out and told the two of them that he was alive.",
          "num": 13
        },
        {
          "text": "Then Raguel blessed God, saying: “Blessed are You, the God, with every pure and holy blessing. Your holy ones and all Your creatures bless You. All Your angels and Your chosen ones bless You unto all the ages.",
          "num": 14
        },
        {
          "text": "Blessed are You, for You have made me glad, and it did not turn out for me as I suspected. Rather, You did with us according to Your abundant mercy.",
          "num": 15
        },
        {
          "text": "Blessed are You, for You had mercy on our two only children. O Lord, show them mercy, and complete their life in health and with gladness and mercy.”",
          "num": 16
        },
        {
          "text": "Then he ordered his household servants to fill in the grave.",
          "num": 17
        },
        {
          "text": "After this he provided a wedding feast for them lasting fourteen days.",
          "num": 18
        },
        {
          "text": "Before the time of the wedding feast was over, Raguel swore an oath and said to Tobias, “You are not to leave from here unless the two of you stay the fourteen days of the wedding feast. 21At that time take half of my belongings and go in good health to your father. The remainder will be yours when I and my wife die.”",
          "num": 19
        }
      ]
    },
    {
      "num": 9,
      "verses": [
        {
          "text": "Then Tobias called Raphael and said to him,",
          "num": 1
        },
        {
          "text": "“Brother Azarias, take a servant and two camels with you and journey to Rages of Media. Find Gabael and bring the silver back to me and bring him to the wedding feast.",
          "num": 2
        },
        {
          "text": "For Raguel has sworn an oath for me not to go away.",
          "num": 3
        },
        {
          "text": "But my father is counting the days, and if I delay much longer he will be very distressed.”",
          "num": 4
        },
        {
          "text": "Then Raphael went and spent the night with Gabael, and gave him the handwritten receipt. So Gabael brought the small sealed bags and gave them to him. 6They both rose early in the morning and went to the wedding feast. Then Tobias blessed his wife.",
          "num": 5
        }
      ]
    },
    {
      "num": 10,
      "verses": [
        {
          "text": "Tobit his father was counting each day. But when the days needed to complete the journey ended and they had not returned,",
          "num": 1
        },
        {
          "text": "he asked, “Has he perhaps been dishonored? Or has Gabael died and no one gave him the silver?”",
          "num": 2
        },
        {
          "text": "So he was very distressed.",
          "num": 3
        },
        {
          "text": "Then his wife told him, “The young man has perished. That is why he is delayed.” Then she began to weep for him and said,",
          "num": 4
        },
        {
          "text": "“Nothing matters to me, my child, the light of my eyes, for I permitted you to go.”",
          "num": 5
        },
        {
          "text": "So Tobit said to her, “Be silent and have no more thoughts about it. He is in good health.”",
          "num": 6
        },
        {
          "text": "She replied to him, “You be quiet. Do not deceive me. My child has perished.” Then throughout the day she went outside to the road by which he departed, and during the day she did not eat bread. At night she did not cease lamenting for her son Tobias until the fourteen days of the wedding feast were over, the days Raguel swore him to celebrate there.",
          "num": 7
        },
        {
          "text": "Then Tobias said to Raguel, “Send me back, for my father and my mother no longer hope they will see me.”",
          "num": 8
        },
        {
          "text": "But his father-in-law said to him, “Stay with me, and I will send messengers to your father. They will make clear to him how you are doing.” But Tobias said, “No indeed. On the contrary, send me back to my father.”",
          "num": 9
        },
        {
          "text": "Then Raguel arose and gave Sarah his wife to him, and half of his belongings in servants, cattle, and silver.",
          "num": 10
        },
        {
          "text": "Then he blessed them and sent them on their way, saying, “May the God of heaven prosper you, my children, before the day I die.”",
          "num": 11
        },
        {
          "text": "To his daughter he said, “Honor your husband's mother and father, for they are now your parents. Let me hear a good report of you,” and he kissed her.",
          "num": 12
        },
        {
          "text": "Then Edna said to Tobias, “My beloved brother, may the Lord of heaven bring you back and grant me to see your children from my daughter Sarah, that I may rejoice before the Lord. Behold, I am entrusting my daughter to your care. Do not grieve her.”",
          "num": 13
        },
        {
          "text": "With this, Tobias went on his way blessing God that He had prospered his journey. Then he blessed Raguel and Edna his wife.",
          "num": 14
        }
      ]
    },
    {
      "num": 11,
      "verses": [
        {
          "text": "He traveled until they approached Nineveh. Here Raphael said to Tobias,",
          "num": 1
        },
        {
          "text": "“My brother, are you not aware of how you left your father?",
          "num": 2
        },
        {
          "text": "Let us run ahead of your wife and prepare the house.",
          "num": 3
        },
        {
          "text": "Take the gall of the fish in your hand.” So they proceeded, and the dog followed behind them.",
          "num": 4
        },
        {
          "text": "Meanwhile Anna sat gazing upon the road for her boy.",
          "num": 5
        },
        {
          "text": "She perceived that he was coming and said to the father, “Behold, your son is coming, and the man traveling with him!”",
          "num": 6
        },
        {
          "text": "Raphael said, “I know that the eyes of your father will open.",
          "num": 7
        },
        {
          "text": "Rub the gall on his eyes. When the eyes sting, he will rub them and cause the white film to fall away. He will then see you.”",
          "num": 8
        },
        {
          "text": "Then Anna ran up to her son and fell upon his neck and said to him, “I have seen you, my child. From this day, I am now ready to die!” So they both wept.",
          "num": 9
        },
        {
          "text": "Then Tobit came out of the door. He stumbled, but his son ran up to him.",
          "num": 10
        },
        {
          "text": "He took hold of his father and dabbed the gall on the eyes of his father, saying, “Father, take courage!”",
          "num": 11
        },
        {
          "text": "Then as his eyes stung, he rubbed them, and the white films peeled off from the corners of his eyes.",
          "num": 12
        },
        {
          "text": "When he saw his son, he fell upon his neck, weeping, and said,",
          "num": 13
        },
        {
          "text": "“Blessed are You, O God, and blessed is Your name unto the ages. Blessed are all Your holy angels, for You scourged me but had mercy on me. Behold, I see Tobias my son.”",
          "num": 14
        },
        {
          "text": "His son went in rejoicing and told his father the great things that had happened to him in Media.",
          "num": 15
        },
        {
          "text": "Then Tobit rejoiced and blessed God as he went to meet his daughter-in-law at the gate of Nineveh. But those who saw him as he walked along were amazed that he could see. Tobit gave thanks before them, because God had mercy on him.",
          "num": 16
        },
        {
          "text": "Then as Tobit drew near to meet Sarah, his daughter-in-law, he blessed her, saying, “May you be in good health, my daughter! Blessed is God who brought you to us, and blessed are your father and your mother.”",
          "num": 17
        },
        {
          "text": "So there was rejoicing among all his brethren in Nineveh.",
          "num": 18
        },
        {
          "text": "Even Ahikar and his nephew Nadab came, for the wedding feast for Tobias was kept with gladness for seven days.",
          "num": 19
        }
      ]
    },
    {
      "num": 12,
      "verses": [
        {
          "text": "Tobit summoned his son Tobias and said to him, “My son, see to the wages of the man who went with you, and we must add to them.”",
          "num": 1
        },
        {
          "text": "He replied to him, “My father, it is no harm for me to give him half of what I brought.",
          "num": 2
        },
        {
          "text": "For he brought me safely to you, healed my wife, and brought me the silver. Likewise he healed you.”",
          "num": 3
        },
        {
          "text": "The elderly man replied, “He more than earned it.”",
          "num": 4
        },
        {
          "text": "So he called the angel and said to him, “Take half of everything you brought.”",
          "num": 5
        },
        {
          "text": "Then Raphael secretly called the two of them, and said to them, “Bless God and give Him thanks. Ascribe greatness to Him and give thanks in the presence of all the living for what He has done for you. It is good to bless God and to exalt His name. Make known the words of God's works honorably and do not delay to give thanks to Him.",
          "num": 6
        },
        {
          "text": "It is noble to keep hidden the secret of a king, but glorious to unveil the works of God. Do good, and evil will not find you.",
          "num": 7
        },
        {
          "text": "Prayer is good with fasting, almsgiving, and righteousness. A few prayers with righteousness are better than many with wrongdoing. It is better to do almsgiving than to lay up gold.",
          "num": 8
        },
        {
          "text": "For almsgiving rescues one from death, and it will wash away every sin. Those who do almsgiving and are righteous will be full of life.",
          "num": 9
        },
        {
          "text": "But those who sin are enemies of their own life.",
          "num": 10
        },
        {
          "text": "“I will not hide anything from you. Indeed, I did say that it is good to conceal the secret of a king, but to reveal gloriously the works of God.",
          "num": 11
        },
        {
          "text": "Now when you and your daughter-in-law Sarah prayed, I brought the remembrance of your prayer before the Holy One. When you also buried the dead, I was likewise present with you.",
          "num": 12
        },
        {
          "text": "Then too, when you did not hesitate to stand up and leave your dinner so as to depart and care for the dead, your doing what is good did not escape me; but I was with you.",
          "num": 13
        },
        {
          "text": "Now God sent me to heal you and Sarah your daughter-in-law.",
          "num": 14
        },
        {
          "text": "I am Raphael, one of the seven holy angels who report the prayers of the saints and who enter before the glory of the Holy One.”",
          "num": 15
        },
        {
          "text": "The two of them were troubled and fell upon their faces, for they were afraid.",
          "num": 16
        },
        {
          "text": "But he said to them, “Do not be afraid, for peace shall be with you. But bless God forever.",
          "num": 17
        },
        {
          "text": "For I did not come of my own good will, but rather by the will of our God. Therefore bless Him forever.",
          "num": 18
        },
        {
          "text": "All these days I appeared to you I did not eat or drink; but you were seeing a vision.",
          "num": 19
        },
        {
          "text": "Now give thanks to God, because I am ascending to Him who sent me. Write in a book everything that was accomplished.”",
          "num": 20
        },
        {
          "text": "Then they stood up, but no longer saw him. 22. They acknowledged the great and wondrous works of God, and how the angel of the Lord had appeared to them.",
          "num": 21
        }
      ]
    },
    {
      "num": 13,
      "verses": [
        {
          "text": "Then Tobit with exceeding joy wrote a prayer, saying:",
          "num": 1
        },
        {
          "text": "“Blessed is God",
          "num": 2
        },
        {
          "text": "Who lives unto the ages,"
        },
        {
          "text": "And blessed is His kingdom,"
        },
        {
          "text": "For He scourges, and is merciful;"
        },
        {
          "text": "He brings down into Hades,"
        },
        {
          "text": "And leads up."
        },
        {
          "text": "There is no one who will escape His hand."
        },
        {
          "text": "Give thanks to Him before the nations,",
          "num": 3
        },
        {
          "text": "O children of Israel,"
        },
        {
          "text": "For He scattered us among them."
        },
        {
          "text": "Make known His greatness there;",
          "num": 4
        },
        {
          "text": "Exalt Him in the presence of all the living,"
        },
        {
          "text": "For He is our Lord and God;"
        },
        {
          "text": "He is our Father unto all the ages."
        },
        {
          "text": "He will scourge us for our wrongdoings,",
          "num": 5
        },
        {
          "text": "But He will again have mercy"
        },
        {
          "text": "And gather us from all the nations,"
        },
        {
          "text": "Wherever you were dispersed among them."
        },
        {
          "text": "If you return to Him with all your heart",
          "num": 6
        },
        {
          "text": "And with all your soul,"
        },
        {
          "text": "To do the truth before Him,"
        },
        {
          "text": "Then He will turn to y ou"
        },
        {
          "text": "And not hide His presence from you."
        },
        {
          "text": "Behold for yourself what He will do for you,",
          "num": 7
        },
        {
          "text": "And give thanks to Him fully with the organ of speech."
        },
        {
          "text": "Bless the Lord of righteousness,"
        },
        {
          "text": "And exalt the King of the ages."
        },
        {
          "text": "In the land of my captivity, I give thanks to Him,",
          "num": 8
        },
        {
          "text": "And make known His might and majesty to a nation of sinners."
        },
        {
          "text": "Be converted, you sinners,"
        },
        {
          "text": "And do righteousness before Him."
        },
        {
          "text": "Who knows if He will desire you"
        },
        {
          "text": "And have mercy on you?"
        },
        {
          "text": "I exalt my God,",
          "num": 9
        },
        {
          "text": "And my soul exalts the King of heaven"
        },
        {
          "text": "And will rejoice exceedingly in His majesty."
        },
        {
          "text": "Let all speak of His majesty",
          "num": 10
        },
        {
          "text": "And give thanks to Him in Jerusalem."
        },
        {
          "text": "O Jerusalem, the holy city,"
        },
        {
          "text": "He will scourge you for the deeds of your sons,"
        },
        {
          "text": "But He will again show mercy to the sons of the righteous."
        },
        {
          "text": "Give thanks to the Lord with goodness",
          "num": 11
        },
        {
          "text": "And bless the King of the ages,"
        },
        {
          "text": "That His tabernacle may be restored again to you in joy ."
        },
        {
          "text": "May He rejoice in ou, the captives,",
          "num": 12
        },
        {
          "text": "And may He love those who are distressed among you"
        },
        {
          "text": "Unto all generations forever."
        },
        {
          "text": "Many Gentiles will come from afar",
          "num": 13
        },
        {
          "text": "To the name of the Lord God,"
        },
        {
          "text": "Bearing gifts in their hands"
        },
        {
          "text": "And offerings to the King of heaven."
        },
        {
          "text": "Generations of generations will offer You joyful worship."
        },
        {
          "text": "Cursed are all who hate You;",
          "num": 14
        },
        {
          "text": "Blessed are all who love You forever."
        },
        {
          "text": "Rejoice and be exceedingly glad for the children of the righteous, For they will be gathered together",
          "num": 15
        },
        {
          "text": "And will bless the Lord of the righteous."
        },
        {
          "text": "Blessed are those who love You."
        },
        {
          "text": "They will rejoice in Your peace."
        },
        {
          "text": "Blessed are the many who grieved over all Your scourges,",
          "num": 16
        },
        {
          "text": "For they will rejoice when they see all Your glory"
        },
        {
          "text": "And will rejoice forever."
        },
        {
          "text": "Let my soul bless God the great King."
        },
        {
          "text": "For Jerusalem will be built with sapphire and emerald,",
          "num": 17
        },
        {
          "text": "And her walls with precious stones,"
        },
        {
          "text": "And her towers and battlements with pure gold."
        },
        {
          "text": "The streets of Jerusalem will be paved"
        },
        {
          "text": "With beryl, onyx, and stones from Ophir."
        },
        {
          "text": "All her streets will proclaim, ‘Alleluia!’",
          "num": 18
        },
        {
          "text": "And will give praise, saying,"
        },
        {
          "text": "‘Blessed is God, who exalted you unto all the ages.’”"
        }
      ]
    },
    {
      "num": 14,
      "verses": [
        {
          "text": "Then Tobit ceased giving thanks.",
          "num": 1
        },
        {
          "text": "He was fifty-eight years old when he lost his sight, and eight years later he regained it. Tobit did almsgiving, and continued to fear the Lord God, and gave thanks to Him.",
          "num": 2
        },
        {
          "text": "He grew very old, and called his son and his son's sons, and said, “My son, take your sons. Behold, I have grown old, and I am departing from this life.",
          "num": 3
        },
        {
          "text": "Depart to Media, my son, for I trust all the words Jonah the prophet spoke concerning Nineveh, that it will be overthrown. But in Media there will be more peace for a time. For our brethren in the land will be dispersed in the earth from the good land. Jerusalem shall be desolate, and the house of God therein will be burned up. It shall be desolate for a time.",
          "num": 4
        },
        {
          "text": "“But God will again have mercy on them, and He will return them to the land. They will build the house, but not as it was before, until the times of the age are fulfilled. After this, they will return from the captivity and build Jerusalem honorably. The house of God within her will be built as a glorious building for every generation forever, as the prophets said concerning her.",
          "num": 5
        },
        {
          "text": "All the Gentiles shall return to truly fear the Lord God. They shall bury their idols in the earth, and all the Gentiles will bless the Lord.",
          "num": 6
        },
        {
          "text": "His people will offer thanks to God, and the Lord will exalt His people. All who love the Lord God in truth and righteousness will rejoice. They will show mercy to our brethren.",
          "num": 7
        },
        {
          "text": "“So now, my son, depart from Nineveh, since what the prophet Jonah said will doubtless come to pass.",
          "num": 8
        },
        {
          "text": "But keep the law and the ordinances. Be merciful and righteous, that it may be well with you. Bury me decently and your mother with me, but lodge no longer in Nineveh.",
          "num": 9
        },
        {
          "text": "My son, observe what Aman did to Ahikar who reared him, how he led him from light into darkness, and how greatly he repaid him. Indeed Ahikar was saved, but as for that man, he was repaid with retribution and descended into the darkness. Manasseh did almsgiving and was saved from the trap of death that was set for him. But Aman fell into the trap and perished.",
          "num": 10
        },
        {
          "text": "Now then, my children, observe what almsgiving does, and how righteousness delivers us.” After he said these things, his soul departed as he lay on his bed. He was one hundred and fifty-eight years old, and Tobias buried him gloriously.",
          "num": 11
        },
        {
          "text": "When Anna died, he buried her with his father. Then Tobias departed with his wife and his children to Ecbatana, to Raguel his father-in-law.",
          "num": 12
        },
        {
          "text": "He grew old honorably and buried the parents of his wife most respectfully. They inherited their estate and that of Tobit his father.",
          "num": 13
        },
        {
          "text": "Tobias died at Ecbatana of Media when he was one hundred and twenty-seven years old.",
          "num": 14
        },
        {
          "text": "Before he died, he heard of the destruction of Nineveh, taken by Nebuchadnezzar and Ahasuerus. Thus before his death he rejoiced over Nineveh.",
          "num": 15
        }
      ]
    }
  ]
}
